mean\disc\disc_proportion_expert_pred,mean\gen\train/n_updates,mean\disc\disc_loss,mean\disc\disc_acc,mean\gen\train/loss,mean\gen\time/fps,mean\gen\time/time_elapsed,mean\disc\global_step,mean\disc\n_expert,mean\gen\train/learning_rate,mean\gen\train/explained_variance,mean\gen\train/clip_range,mean\gen\time/total_timesteps,mean\disc\n_generated,mean\gen\time/iterations,mean\disc\disc_acc_expert,mean\gen\train/entropy_loss,mean\gen\train/clip_fraction,mean\disc\disc_acc_gen,mean\gen\train/approx_kl,mean\gen\train/policy_gradient_loss,mean\disc\disc_proportion_expert_true,mean\gen\train/value_loss,mean\gen\rollout/ep_rew_mean,mean\gen\rollout/ep_len_mean,mean\gen\rollout/ep_rew_wrapped_mean
1.0,10.0,0.711711049079895,0.5,1.1676784753799438,144.0,0.0,1.0,60.0,0.0003,0.27565228939056396,0.2,50.0,60.0,1.0,1.0,-1.9450742959976197,0.0,0.0,0.007398691028356552,-0.010084664765744832,0.5,7.547880482673645,,,
1.0,20.0,0.6948573589324951,0.5,1.414106011390686,602.0,0.0,2.0,60.0,0.0003,0.025407493114471436,0.2,100.0,60.0,1.0,1.0,-1.940012800693512,0.0,0.0,-0.01834261044859886,-0.014730523832142416,0.5,3.2166725158691407,0.375,100.0,
1.0,30.0,0.6881227493286133,0.5,0.8244955539703369,955.0,0.0,3.0,60.0,0.0003,0.004557490348815918,0.2,150.0,60.0,1.0,1.0,-1.928403389453888,0.0,0.0,0.001472723437473178,-0.011125545037910457,0.5,2.6095705151557924,0.375,100.0,27.297076418995857
1.0,40.0,0.6768267154693604,0.5,1.0430654287338257,1253.0,0.0,4.0,60.0,0.0003,-0.004332780838012695,0.2,200.0,60.0,1.0,1.0,-1.9174708008766175,0.0,0.0,0.006617314647883177,-0.009722986591513915,0.5,2.9010808944702147,0.375,100.0,27.297076418995857
1.0,50.0,0.6793671250343323,0.5,2.056196451187134,1562.0,0.0,5.0,60.0,0.0003,0.01911330223083496,0.2,250.0,60.0,1.0,1.0,-1.9176366686820985,0.0,0.0,0.002500505419448018,-0.0035974697431086613,0.5,4.338745069503784,0.1875,122.0,27.297076418995857
1.0,60.0,0.6710678339004517,0.5,1.5254123210906982,1679.0,0.0,6.0,60.0,0.0003,-0.002432584762573242,0.2,300.0,60.0,1.0,1.0,-1.9224706888198853,0.0,0.0,0.006342573091387749,0.002016260079806642,0.5,3.416587734222412,0.1875,122.0,27.830599538981915
1.0,70.0,0.6574452519416809,0.5,0.08972977846860886,1732.0,0.0,7.0,60.0,0.0003,0.03145098686218262,0.2,350.0,60.0,1.0,1.0,-1.9149268507957458,0.0,0.0,-0.014214694499969482,-0.0060752576636147635,0.5,0.3281192719936371,0.1875,122.0,27.830599538981915
0.85,80.0,0.6491090655326843,0.6500000357627869,4.032381534576416,2122.0,0.0,8.0,60.0,0.0003,-0.005091190338134766,0.2,400.0,60.0,1.0,1.0,-1.9305179953575133,0.0,0.30000001192092896,-0.007892236113548279,0.0022060124382839775,0.5,8.222176551818848,0.125,129.33333333333334,27.830599538981915
0.675,90.0,0.6396806240081787,0.8250000476837158,2.5009422302246094,2777.0,0.0,9.0,60.0,0.0003,-0.005144000053405762,0.2,450.0,60.0,1.0,1.0,-1.9316091656684875,0.0,0.6500000357627869,4.985809209756553e-05,-0.0017976846774111267,0.5,6.127462911605835,0.2984375,104.25,24.43388533840577
0.6416666666666667,100.0,0.6157881021499634,0.8583333492279053,0.04959172010421753,2958.0,0.0,10.0,60.0,0.0003,0.17851686477661133,0.2,500.0,60.0,1.0,1.0,-1.9137089610099793,0.11199999898672104,0.7166666984558105,-0.02108720690011978,-0.03376795933954426,0.5,0.2193887010216713,0.2984375,104.25,18.95630351267755
0.725,110.0,0.6265251636505127,0.7750000357627869,0.03097376972436905,3503.0,0.0,11.0,60.0,0.0003,0.12117469310760498,0.2,550.0,60.0,1.0,1.0,-1.8786834239959718,0.03199999816715717,0.550000011920929,0.02564016543328762,-0.011657933404669052,0.5,0.1155248075723648,0.2984375,104.25,18.95630351267755
0.6666666666666666,120.0,0.6147052645683289,0.8333333730697632,1.6674317121505737,3920.0,0.0,12.0,60.0,0.0003,0.027857661247253418,0.2,600.0,60.0,1.0,1.0,-1.8473046898841858,0.007999999821186066,0.6666666865348816,0.021838009357452393,-0.012652603871189072,0.5,3.8024409294128416,0.23875000000000002,112.2,18.95630351267755
0.8583333333333333,130.0,0.6248010396957397,0.6416667103767395,1.638270616531372,4166.0,0.0,13.0,60.0,0.0003,0.040171027183532715,0.2,650.0,60.0,1.0,1.0,-1.8153988242149353,0.013999999687075614,0.28333336114883423,-0.012447037734091282,-0.02193923852220179,0.5,3.5425843238830566,0.3145833333333334,101.66666666666667,15.98466839939356
0.7583333333333333,140.0,0.616428017616272,0.7416667342185974,0.17997394502162933,4517.0,0.0,14.0,60.0,0.0003,0.07542353868484497,0.2,700.0,60.0,1.0,1.0,-1.7715832471847535,0.02199999913573265,0.4833333492279053,0.02938416227698326,-0.01160602546576417,0.5,0.45552284121513364,0.3145833333333334,101.66666666666667,13.765320535749197
0.65,150.0,0.5929595828056335,0.8500000238418579,2.0035927295684814,4789.0,0.0,15.0,60.0,0.0003,0.13654929399490356,0.2,750.0,60.0,1.0,1.0,-1.7674840688705444,0.0,0.7000000476837158,-0.0009666657424531877,-0.013634730656630723,0.5,5.3721638202667235,0.38046875,93.125,13.765320535749197
0.7666666666666667,160.0,0.6238024234771729,0.7333333492279053,0.49229198694229126,4233.0,0.0,16.0,60.0,0.0003,0.10449773073196411,0.2,800.0,60.0,1.0,1.0,-1.658137023448944,0.09799999706447124,0.46666669845581055,0.041606634855270386,-0.025703748650849078,0.5,1.1201620280742646,0.38046875,93.125,11.012890370562673
0.5333333333333333,170.0,0.5785019993782043,0.9333333969116211,0.7149249315261841,5411.0,0.0,17.0,60.0,0.0003,0.07503068447113037,0.2,850.0,60.0,1.0,0.9666666984558105,-1.5329652428627014,0.0,0.9000000357627869,0.023755524307489395,0.006541391412727649,0.5,2.135070776939392,0.38046875,93.125,11.012890370562673
0.49166666666666664,180.0,0.5825299024581909,0.8250000476837158,0.7690041065216064,5879.0,0.0,18.0,60.0,0.0003,0.09653043746948242,0.2,900.0,60.0,1.0,0.8166667222976685,-1.516360056400299,0.0,0.8333333730697632,0.005477814469486475,-0.006570625361520754,0.5,2.93351389169693,0.3666666666666667,96.0,11.012890370562673
0.44166666666666665,190.0,0.584504246711731,0.7916666865348816,0.6541725993156433,6044.0,0.0,19.0,60.0,0.0003,0.07398003339767456,0.2,950.0,60.0,1.0,0.7333333492279053,-1.5115004301071167,0.0,0.8500000238418579,0.0005268478416837752,-0.009703431793488626,0.5,2.388633394241333,0.3666666666666667,96.0,8.563319568004873
0.5833333333333334,200.0,0.6177442073822021,0.7000000476837158,1.2894363403320312,6227.0,0.0,20.0,60.0,0.0003,-0.00032460689544677734,0.2,1000.0,60.0,1.0,0.7833333611488342,-1.4763182759284974,0.053999999165534975,0.6166666746139526,0.03235926851630211,-0.013408199209603566,0.5,2.7139450550079345,0.36875,96.2,8.563319568004873
0.7833333333333333,210.0,0.6102079153060913,0.7166666984558105,1.1010061502456665,6661.0,0.0,21.0,60.0,0.0003,0.06193220615386963,0.2,1050.0,60.0,1.0,1.0,-1.5810566782951354,0.10199999697506427,0.4333333671092987,-0.009914834052324295,-0.016011972479522286,0.5,2.5878505945205688,0.36875,96.2,6.356327704340219
0.675,220.0,0.559610903263092,0.8250000476837158,1.3980765342712402,6823.0,0.0,22.0,60.0,0.0003,0.059396564960479736,0.2,1100.0,60.0,1.0,1.0,-1.6312405824661256,0.013999999687075614,0.6500000357627869,0.017151813954114914,-0.01845428666751836,0.5,3.093825173377991,0.35965909090909093,98.0909090909091,6.356327704340219
0.7916666666666666,230.0,0.6074938774108887,0.7083333730697632,2.041534662246704,7466.0,0.0,23.0,60.0,0.0003,0.1788150668144226,0.2,1150.0,60.0,1.0,1.0,-1.7851550340652467,0.07999999932944775,0.4166666865348816,0.013622512109577656,-0.020005656378343416,0.5,6.193681764602661,0.3880208333333333,93.91666666666667,5.130627375434745
0.5666666666666667,240.0,0.5370644330978394,0.8166667222976685,3.1794700622558594,7813.0,0.0,24.0,60.0,0.0003,0.12538039684295654,0.2,1200.0,60.0,1.0,0.8833333849906921,-1.7433969616889953,0.0,0.7500000596046448,0.0036328339483588934,-0.0024490087475861344,0.5,6.860333251953125,0.3880208333333333,93.91666666666667,4.8831201655169325
0.525,250.0,0.5000414252281189,0.9083333611488342,4.806580543518066,8220.0,0.0,25.0,60.0,0.0003,0.09233319759368896,0.2,1250.0,60.0,1.0,0.9333333969116211,-1.8012039422988892,0.0,0.8833333849906921,0.005420052912086248,-0.003940068983938972,0.5,12.634399700164796,0.3880208333333333,93.91666666666667,4.8831201655169325
0.675,260.0,0.6560792922973633,0.6250000596046448,0.5353835821151733,8176.0,0.0,26.0,60.0,0.0003,0.2734077572822571,0.2,1300.0,60.0,1.0,0.8000000715255737,-1.7960833311080933,0.041999999061226846,0.45000001788139343,0.018815698102116585,-0.018989397921599416,0.5,1.2153521418571471,0.3581730769230769,97.76923076923077,4.8831201655169325
0.6833333333333333,270.0,0.6037922501564026,0.7166666984558105,2.0705041885375977,8282.0,0.0,27.0,60.0,0.0003,0.13596630096435547,0.2,1350.0,60.0,1.0,0.9000000357627869,-1.7028332829475403,0.16199999935925008,0.5333333611488342,0.077092744410038,-0.03223059072345506,0.5,4.8852252006530765,0.3581730769230769,97.76923076923077,3.0264264081533137
0.6333333333333333,280.0,0.6083391308784485,0.7000000476837158,0.8532455563545227,8588.0,0.0,28.0,60.0,0.0003,0.11846637725830078,0.2,1400.0,60.0,1.0,0.8333333730697632,-1.6568872094154359,0.0,0.5666667222976685,0.017197303473949432,-0.01296206052182285,0.5,2.1175373911857607,0.36607142857142855,96.85714285714286,3.0264264081533137
0.6166666666666667,290.0,0.6024503111839294,0.7333333492279053,1.018746018409729,9056.0,0.0,29.0,60.0,0.0003,0.03410822153091431,0.2,1450.0,60.0,1.0,0.8500000238418579,-1.6966150045394897,0.003999999910593033,0.6166666746139526,-0.011755242012441158,-0.008363218057900657,0.5,2.6381789207458497,0.3733333333333333,96.0,2.332557919834341
0.6,300.0,0.6477985382080078,0.5833333730697632,1.6102209091186523,10000.0,0.0,30.0,60.0,0.0003,0.10389703512191772,0.2,1500.0,60.0,1.0,0.6833333969116211,-1.7125504851341247,0.0,0.4833333492279053,0.006794328335672617,-0.00785605568892791,0.5,3.494261050224304,0.3733333333333333,96.0,1.3743054419755936
0.475,310.0,0.6356939077377319,0.6250000596046448,11.191511154174805,9973.0,0.0,31.0,60.0,0.0003,0.03818553686141968,0.2,1550.0,60.0,1.0,0.6000000238418579,-1.6900328159332276,0.05199999734759331,0.6500000357627869,0.05040231719613075,-0.002490003036508881,0.5,23.600615310668946,0.3733333333333333,96.0,1.3743054419755936
0.5416666666666666,320.0,0.5837779641151428,0.6416667103767395,6.502542018890381,9386.0,0.0,32.0,60.0,0.0003,0.05235254764556885,0.2,1600.0,60.0,1.0,0.6833333969116211,-1.4865105271339416,0.015999999642372132,0.6000000238418579,0.004723038524389267,-0.0037162010045719285,0.5,13.99520902633667,0.35,99.0,1.3743054419755936
0.525,330.0,0.5305460095405579,0.8083333969116211,26.395856857299805,10327.0,0.0,33.0,60.0,0.0003,0.0036307573318481445,0.2,1650.0,60.0,1.0,0.8333333730697632,-1.3522769212722778,0.0,0.7833333611488342,0.008763222955167294,-0.007071510165929773,0.5,55.36170501708985,0.35,99.0,-1.0106662595644593
0.48333333333333334,340.0,0.5055611729621887,0.8166667222976685,15.361087799072266,10180.0,0.0,34.0,60.0,0.0003,0.004083871841430664,0.2,1700.0,60.0,1.0,0.8000000715255737,-1.2728259205818175,0.0,0.8333333730697632,-0.00366022577509284,3.6096086434511676e-05,0.5,32.13588886260986,0.3525735294117647,98.88235294117646,-1.0106662595644593
0.6583333333333333,350.0,0.5765124559402466,0.7250000238418579,6.555089950561523,10834.0,0.0,35.0,60.0,0.0003,0.007348418235778809,0.2,1750.0,60.0,1.0,0.8833333849906921,-1.4747072219848634,0.10999999828636646,0.5666667222976685,-0.005560467019677162,-0.015923028402031036,0.5,13.77068796157837,0.3525735294117647,98.88235294117646,-4.51042568858932
0.6916666666666667,360.0,0.6346526145935059,0.675000011920929,21.381528854370117,11278.0,0.0,36.0,60.0,0.0003,0.011181652545928955,0.2,1800.0,60.0,1.0,0.8666667342185974,-1.5641380190849303,0.0,0.4833333492279053,-0.006438951473683119,-0.0032550577002111503,0.5,43.17352294921875,0.3525735294117647,98.88235294117646,-4.51042568858932
0.7,370.0,0.6176386475563049,0.6666666865348816,21.566457748413086,11285.0,0.0,37.0,60.0,0.0003,0.008137166500091553,0.2,1850.0,60.0,1.0,0.8666667342185974,-1.5144853949546815,0.04999999701976776,0.46666669845581055,0.0004281020082999021,-0.01762019046209744,0.5,45.183810806274415,0.3329861111111111,101.38888888888889,-4.51042568858932
0.7333333333333333,380.0,0.6075543165206909,0.6333333849906921,5.933274269104004,11625.0,0.0,38.0,60.0,0.0003,0.06300967931747437,0.2,1900.0,60.0,1.0,0.8666667342185974,-1.5863832831382751,0.057999998703598975,0.40000003576278687,0.009875030256807804,-0.010344836860895157,0.5,11.996974849700928,0.3329861111111111,101.38888888888889,-3.7956215275658503
0.75,390.0,0.7110081315040588,0.5166667103767395,14.498132705688477,12493.0,0.0,39.0,60.0,0.0003,0.1010209321975708,0.2,1950.0,60.0,1.0,0.7666667103767395,-1.660617470741272,0.0,0.2666666805744171,-0.003775622695684433,-0.006796200735028801,0.5,32.529655647277835,0.3329861111111111,101.38888888888889,-3.7956215275658503
0.7,400.0,0.6022163033485413,0.6500000357627869,3.675922155380249,12427.0,0.0,40.0,60.0,0.0003,0.058967411518096924,0.2,2000.0,60.0,1.0,0.8500000238418579,-1.5237083554267883,0.0,0.45000001788139343,0.002455141395330429,-0.009207061293069252,0.5,7.584450006484985,0.31546052631578947,103.63157894736842,-3.7956215275658503
0.625,410.0,0.6005702018737793,0.6250000596046448,5.077014446258545,12355.0,0.0,41.0,60.0,0.0003,-0.024424314498901367,0.2,2050.0,60.0,1.0,0.7500000596046448,-1.5533614039421082,0.031999999284744264,0.5,-0.007369150873273611,-0.008532861504703781,0.5,11.352474784851074,0.33468749999999997,100.85,-3.9982562457260333
0.6666666666666666,420.0,0.6752042770385742,0.40000003576278687,5.629674911499023,10218.0,0.0,42.0,60.0,0.0003,0.0361441969871521,0.2,2100.0,60.0,1.0,0.5666667222976685,-1.6154399514198303,0.0,0.23333334922790527,-0.007826742716133595,-0.006504266667180047,0.5,12.47788028717041,0.33468749999999997,100.85,-4.300271458923817
0.525,430.0,0.6657127141952515,0.5416666865348816,5.462546348571777,12455.0,0.0,43.0,60.0,0.0003,-0.008580565452575684,0.2,2150.0,60.0,1.0,0.5666667222976685,-1.6213019013404846,0.0019999999552965165,0.5166667103767395,-0.0008890676544979215,-0.01097913986584178,0.5,10.985466384887696,0.36079545454545453,97.18181818181819,-4.300271458923817
0.6416666666666667,440.0,0.6779367923736572,0.44166669249534607,4.055448055267334,14060.0,0.0,44.0,60.0,0.0003,0.00469362735748291,0.2,2200.0,60.0,1.0,0.5833333730697632,-1.6735549330711366,0.007999999821186066,0.30000001192092896,0.011953985318541527,-0.000571238021279008,0.5,8.43007402420044,0.36079545454545453,97.18181818181819,-5.859652423723177
0.5166666666666667,450.0,0.6132374405860901,0.7166666984558105,32.29539489746094,15218.0,0.0,45.0,60.0,0.0003,0.0012589693069458008,0.2,2250.0,60.0,1.0,0.7333333492279053,-1.6648963809013366,0.0,0.7000000476837158,0.011760935187339783,-0.0030194811250549235,0.5,66.15719604492188,0.3698369565217391,95.95652173913044,-5.859652423723177
0.7083333333333334,460.0,0.6074594259262085,0.675000011920929,4.878058433532715,14688.0,0.0,46.0,60.0,0.0003,0.0028516650199890137,0.2,2300.0,60.0,1.0,0.8833333849906921,-1.773722493648529,0.0019999999552965165,0.46666669845581055,-0.002352976705878973,-0.0058823056798427585,0.5,10.339404106140137,0.3698369565217391,95.95652173913044,-6.232002229794212
0.4666666666666667,470.0,0.5847399234771729,0.7666667103767395,21.24940299987793,13742.0,0.0,47.0,60.0,0.0003,0.0009324550628662109,0.2,2350.0,60.0,1.0,0.7333333492279053,-1.6468157410621642,0.0,0.8000000715255737,-0.000985233811661601,-0.00555682125594501,0.5,44.458100128173825,0.3698369565217391,95.95652173913044,-6.232002229794212
0.8416666666666667,480.0,0.6552837491035461,0.5583333373069763,7.536772727966309,14583.0,0.0,48.0,60.0,0.0003,0.0027436017990112305,0.2,2400.0,60.0,1.0,0.9000000357627869,-1.7460689425468445,0.0,0.21666668355464935,0.00021414755610749125,-0.003953827316756531,0.5,15.100640487670898,0.3544270833333332,97.95833333333333,-6.232002229794212
0.6416666666666667,490.0,0.5308479070663452,0.7083333730697632,17.459033966064453,15705.0,0.0,49.0,60.0,0.0003,0.0012804269790649414,0.2,2450.0,60.0,1.0,0.8500000238418579,-1.4826438069343566,0.15199999883770943,0.5666667222976685,0.06259415298700333,-0.017776370990090128,0.5,35.13679504394531,0.3544270833333332,97.95833333333333,-8.837423522646228
0.8416666666666667,500.0,0.6187426447868347,0.5416666865348816,12.333559036254883,13233.0,0.0,50.0,60.0,0.0003,-0.002939462661743164,0.2,2500.0,60.0,1.0,0.8833333849906921,-1.6607400059700013,0.021999999508261682,0.20000001788139343,-0.00934100802987814,-0.005035869293379847,0.5,25.02161693572998,0.34024999999999994,99.8,-8.837423522646228
0.8,510.0,0.63120037317276,0.5666667222976685,5.197917461395264,16773.0,0.0,51.0,60.0,0.0003,0.007609367370605469,0.2,2550.0,60.0,1.0,0.8666667342185974,-1.6152193427085877,0.07599999755620956,0.2666666805744171,0.011723200790584087,-0.013830221758689731,0.5,11.118869495391845,0.34024999999999994,99.8,-8.621907146573067
0.8666666666666667,520.0,0.6891838908195496,0.46666669845581055,15.088171005249023,16455.0,0.0,52.0,60.0,0.0003,-0.017986059188842773,0.2,2600.0,60.0,1.0,0.8333333730697632,-1.7244320511817932,0.0,0.10000000894069672,-0.0011337613686919212,-0.002201273412443783,0.5,31.64323902130127,0.34447115384615373,99.34615384615384,-8.621907146573067
0.825,530.0,0.6377114653587341,0.5750000476837158,2.245684862136841,16254.0,0.0,53.0,60.0,0.0003,0.009091615676879883,0.2,2650.0,60.0,1.0,0.9000000357627869,-1.5479909539222718,0.0,0.25,0.0064557576552033424,-0.012130864718929147,0.5,4.546366214752197,0.34447115384615373,99.34615384615384,-7.634418302430556
0.5,540.0,0.6744130849838257,0.6500000357627869,5.4504218101501465,17642.0,0.0,54.0,60.0,0.0003,-0.0213547945022583,0.2,2700.0,60.0,1.0,0.6500000357627869,-1.6661434531211854,0.015999999642372132,0.6500000357627869,0.004940016195178032,-0.006085904681618537,0.5,11.130290508270264,0.3660714285714285,96.28571428571429,-7.634418302430556
0.2833333333333333,550.0,0.6022351980209351,0.7833333611488342,27.409605026245117,18146.0,0.0,55.0,60.0,0.0003,-0.006486296653747559,0.2,2750.0,60.0,1.0,0.5666667222976685,-1.5810088872909547,0.003999999910593033,1.0,0.0033233570866286755,-0.0021549447124124656,0.5,55.30432777404785,0.3660714285714285,96.28571428571429,-7.671935366200549
0.08333333333333333,560.0,0.5892990231513977,0.5833333730697632,59.078529357910156,17613.0,0.0,56.0,60.0,0.0003,0.01211690902709961,0.2,2800.0,60.0,1.0,0.1666666716337204,-1.6164220571517944,0.0,1.0,0.010301787406206131,-0.00026450800643971204,0.5,120.11252136230469,0.3660714285714285,96.28571428571429,-7.671935366200549
0.20833333333333334,570.0,0.6411731839179993,0.7083333730697632,10.291234016418457,17134.0,0.0,57.0,60.0,0.0003,0.007889926433563232,0.2,2850.0,60.0,1.0,0.4166666865348816,-1.5211804628372192,0.007999999821186066,1.0,0.009513795375823975,-0.012225979398935749,0.5,21.0388542175293,0.3534482758620689,97.93103448275862,-7.671935366200549
0.775,580.0,0.6576456427574158,0.5916666984558105,8.03896427154541,16862.0,0.0,58.0,60.0,0.0003,0.010100901126861572,0.2,2900.0,60.0,1.0,0.8666667342185974,-1.6348044991493225,0.031999999284744264,0.31666669249534607,0.020190982148051262,0.00029720424559513957,0.5,16.20358543395996,0.3660416666666666,96.1,-11.120839326032277
0.8,590.0,0.639742374420166,0.5833333730697632,13.316751480102539,16355.0,0.0,59.0,60.0,0.0003,0.0032681822776794434,0.2,2950.0,60.0,1.0,0.8833333849906921,-1.5622974753379821,0.007999999821186066,0.28333336114883423,0.013995461165904999,-0.007353363299276694,0.5,26.96964740753174,0.37862903225806444,94.25806451612904,-10.776755394538243
0.9833333333333333,600.0,0.6912979483604431,0.5166667103767395,17.38456916809082,19493.0,0.0,60.0,60.0,0.0003,-0.007999420166015625,0.2,3000.0,60.0,1.0,1.0,-1.6099473118782044,0.0,0.03333333507180214,2.8264521461096592e-05,-0.007122822333127133,0.5,36.824536895751955,0.3876953125,92.96875,-10.428304285772386
0.9166666666666666,610.0,0.6318921446800232,0.5833333730697632,11.078695297241211,19239.0,0.0,61.0,60.0,0.0003,0.024237215518951416,0.2,3050.0,60.0,1.0,1.0,-1.5405133247375489,0.003999999910593033,0.1666666716337204,0.0034573269076645374,-0.0010990474009886064,0.5,24.5566068649292,0.39640151515151517,91.72727272727273,-9.965619634836912
0.925,620.0,0.6278560161590576,0.5750000476837158,2.1914753913879395,19312.0,0.0,62.0,60.0,0.0003,-0.0011941194534301758,0.2,3100.0,60.0,1.0,1.0,-1.5748593091964722,0.031999998912215236,0.15000000596046448,0.014103171415627003,-0.014429015328874816,0.5,5.35642638206482,0.40349264705882354,90.73529411764706,-9.433066618261915
0.6166666666666667,630.0,0.6226181387901306,0.7333333492279053,4.6649932861328125,19993.0,0.0,63.0,60.0,0.0003,0.03208547830581665,0.2,3150.0,60.0,1.0,0.8500000238418579,-1.5682541370391845,0.07799999751150608,0.6166666746139526,-0.03113507479429245,-0.022152786618098476,0.5,9.774762439727784,0.41214285714285714,89.48571428571428,-9.38292321847642
0.6333333333333333,640.0,0.6388707160949707,0.5666667222976685,4.4379072189331055,20931.0,0.0,64.0,60.0,0.0003,0.018060624599456787,0.2,3200.0,60.0,1.0,0.7000000476837158,-1.6501365184783936,0.07999999783933162,0.4333333671092987,0.13229931890964508,-0.01430621118471045,0.5,9.191249370574951,0.4337837837837838,86.27027027027027,-9.28400933210339
0.45,650.0,0.658419668674469,0.6666666865348816,1.0853393077850342,21041.0,0.0,65.0,60.0,0.0003,0.0697663426399231,0.2,3250.0,60.0,1.0,0.6166666746139526,-1.6666822671890258,0.1499999925494194,0.7166666984558105,0.09056156128644943,-0.01223529422003793,0.5,2.5288174152374268,0.4429276315789474,84.92105263157895,-8.997335059014526
0.3416666666666667,660.0,0.644453227519989,0.6916667222976685,1.5412873029708862,21568.0,0.0,66.0,60.0,0.0003,0.20756304264068604,0.2,3300.0,60.0,1.0,0.5333333611488342,-1.4611469149589538,0.209999992325902,0.8500000238418579,0.21169482171535492,-0.05005011735856542,0.5,3.885323333740234,0.4603125,82.35,-8.791839070226017
0.2,670.0,0.6686531901359558,0.5666667222976685,1.6276060342788696,20088.0,0.0,67.0,60.0,0.0003,0.0733831524848938,0.2,3350.0,60.0,1.0,0.2666666805744171,-1.482955265045166,0.01799999997019768,0.8666667342185974,0.023880228400230408,-0.026889292500913164,0.5,3.6515666484832763,0.4685975609756098,81.1219512195122,-8.687205589562655
0.25833333333333336,680.0,0.6846429705619812,0.5083333849906921,1.5702111721038818,20858.0,0.0,68.0,60.0,0.0003,0.06772911548614502,0.2,3400.0,60.0,1.0,0.2666666805744171,-1.4973362803459167,0.011999999731779098,0.7500000596046448,0.017869556322693825,-0.004601009526057354,0.5,3.6060940742492678,0.48473837209302334,78.72093023255815,-8.603274044648904
0.25833333333333336,690.0,0.6419245600700378,0.6416667103767395,1.634945034980774,21195.0,0.0,69.0,60.0,0.0003,0.21491843461990356,0.2,3450.0,60.0,1.0,0.40000003576278687,-1.453084933757782,0.0639999970793724,0.8833333849906921,0.05183170363306999,-0.026635471780784493,0.5,3.8462753772735594,0.5020833333333334,76.11111111111111,-8.613054118184156
0.225,700.0,0.5859887599945068,0.6916667222976685,26.427494049072266,23649.0,0.0,70.0,60.0,0.0003,0.07211452722549438,0.2,3500.0,60.0,1.0,0.4166666865348816,-1.3186168193817138,0.035999998822808264,0.9666666984558105,0.038164980709552765,0.001980975106707206,0.5,58.834008026123044,0.509375,75.02173913043478,-8.47286372019185
0.7,710.0,0.660093367099762,0.6833333969116211,7.215217113494873,22818.0,0.0,71.0,60.0,0.0003,0.17038178443908691,0.2,3550.0,60.0,1.0,0.8833333849906921,-1.3177833676338195,0.0,0.4833333492279053,0.013054892420768738,-0.011663823023438625,0.5,15.999879455566406,0.5276785714285714,72.3061224489796,-8.45129620283842
0.7166666666666667,720.0,0.6636187434196472,0.6333333849906921,3.5318076610565186,22784.0,0.0,72.0,60.0,0.0003,0.11471110582351685,0.2,3600.0,60.0,1.0,0.8500000238418579,-1.2863161325454713,0.0,0.4166666865348816,-0.002045483561232686,-0.008521474115550376,0.5,13.556087923049926,0.5576650943396226,67.75471698113208,-8.590326577729108
0.8833333333333333,730.0,0.6601890921592712,0.6166666746139526,0.5689685940742493,22108.0,0.0,73.0,60.0,0.0003,-0.17385399341583252,0.2,3650.0,60.0,1.0,1.0,-1.2056219935417176,0.0,0.23333334922790527,-0.0034108017571270466,-0.0025239099989413207,0.5,2.8450653076171877,0.5762276785714285,64.94642857142857,-7.829681692539521
0.75,740.0,0.6772621870040894,0.6500000357627869,0.12327391654253006,23438.0,0.0,74.0,60.0,0.0003,-0.26517534255981445,0.2,3700.0,60.0,1.0,0.9000000357627869,-1.2342616319656372,0.029999999329447746,0.40000003576278687,-0.00023335694277193397,-0.003082525396253999,0.5,0.5914378568530083,0.6045081967213114,60.65573770491803,-7.32486377004534
0.775,750.0,0.6795692443847656,0.5916666984558105,0.06133924424648285,22340.0,0.0,75.0,60.0,0.0003,-0.075966477394104,0.2,3750.0,60.0,1.0,0.8666667342185974,-1.1695793986320495,0.03799999877810478,0.31666669249534607,-0.01627677120268345,-0.007307301157619861,0.5,0.3047781944274902,0.6298295454545455,56.803030303030305,-6.534223103743107
0.4083333333333333,760.0,0.6864596009254456,0.42500001192092896,1.507933259010315,20071.0,0.0,76.0,60.0,0.0003,0.014148831367492676,0.2,3800.0,60.0,1.0,0.3333333432674408,-1.077027153968811,0.025999999418854714,0.5166667103767395,-0.009494910016655922,-0.01395217003300786,0.5,3.820772171020508,0.6475000000000001,54.114285714285714,-5.956297972211332
0.24166666666666667,770.0,0.6608020067214966,0.5916666984558105,0.7690557837486267,24003.0,0.0,77.0,60.0,0.0003,0.00961846113204956,0.2,3850.0,60.0,1.0,0.3333333432674408,-0.9845466911792755,0.005999999865889549,0.8500000238418579,0.02283419296145439,-0.007940388673916488,0.5,2.5453039526939394,0.6570205479452055,52.68493150684932,-5.605799710963454
0.23333333333333334,780.0,0.6842914819717407,0.5166667103767395,0.37630030512809753,24765.0,0.0,78.0,60.0,0.0003,0.0036525726318359375,0.2,3900.0,60.0,1.0,0.25,-0.8521917045116425,0.0739999994635582,0.7833333611488342,0.03734685480594635,-0.015597523492760956,0.5,0.8262750387191773,0.6750801282051282,49.93589743589744,-5.6416520702920545
0.225,790.0,0.712561845779419,0.4583333432674408,0.1629813015460968,25083.0,0.0,79.0,60.0,0.0003,0.01754206418991089,0.2,3950.0,60.0,1.0,0.18333333730697632,-0.6876759350299835,0.03999999910593033,0.7333333492279053,-0.02035171538591385,-0.020088059907779156,0.5,0.5642143130302429,0.6977941176470588,46.470588235294116,-5.3969127881603365
0.25,800.0,0.7021327018737793,0.46666669845581055,0.48376399278640747,25522.0,0.0,80.0,60.0,0.0003,0.04309290647506714,0.2,4000.0,60.0,1.0,0.21666668355464935,-0.5241033911705018,0.057999997213482854,0.7166666984558105,0.011887168511748314,-0.025546173326670994,0.5,1.0618438363075255,0.7143543956043955,43.94505494505494,-5.064883134470266
0.425,810.0,0.6977783441543579,0.4583333432674408,0.07083820551633835,24920.0,0.0,81.0,60.0,0.0003,0.16111361980438232,0.2,4050.0,60.0,1.0,0.38333335518836975,-0.46874311566352844,0.02799999937415123,0.5333333611488342,0.010845775716006756,-0.005925627390621457,0.5,0.2904276937246323,0.7288659793814434,41.7319587628866,-4.81161793755306
0.6666666666666666,820.0,0.6856780052185059,0.5,0.009234460070729256,25457.0,0.0,82.0,60.0,0.0003,0.08335310220718384,0.2,4100.0,60.0,1.0,0.6666666865348816,-0.3718876302242279,0.02799999937415123,0.3333333432674408,-0.007163242902606726,-0.01084632782311985,0.5,0.14082875289022923,0.7604375,37.05,-4.520455791624551
0.5916666666666667,830.0,0.6949597597122192,0.5416666865348816,0.003119098022580147,26170.0,0.0,83.0,60.0,0.0003,-0.020105838775634766,0.2,4150.0,60.0,1.0,0.6333333849906921,-0.32212321162223817,0.05999999679625034,0.45000001788139343,0.006932482589036226,-0.022276523686944927,0.5,0.06914398297667504,0.7939999999999999,31.84,-5.086451342627406
0.6666666666666666,840.0,0.6859313249588013,0.5666667222976685,0.10994940251111984,24844.0,0.0,84.0,60.0,0.0003,0.09774863719940186,0.2,4200.0,60.0,1.0,0.7333333492279053,-0.2898839607834816,0.07199999764561653,0.40000003576278687,0.05769391730427742,-0.023062247350811926,0.5,0.2847345620393753,0.8318125,26.11,-4.940086380466819
0.7083333333333334,850.0,0.70115065574646,0.4583333432674408,0.1761239469051361,20775.0,0.0,85.0,60.0,0.0003,0.10631495714187622,0.2,4250.0,60.0,1.0,0.6666666865348816,-0.309377433359623,0.05199999734759331,0.25,0.017431898042559624,-0.0003983352028298803,0.5,0.3648001283407211,0.8693124999999998,20.43,-4.111608570888638
0.5583333333333333,860.0,0.6826655864715576,0.5583333373069763,-0.0029070498421788216,24112.0,0.0,86.0,60.0,0.0003,-0.6532237529754639,0.2,4300.0,60.0,1.0,0.6166666746139526,-0.24848574101924897,0.021999999508261682,0.5,0.0007658338290639222,-0.006257911771419345,0.5,0.02078279238194227,0.9090625,14.55,-2.798693590387702
0.2833333333333333,870.0,0.6860377192497253,0.5,0.006390685215592384,27780.0,0.0,87.0,60.0,0.0003,0.19603842496871948,0.2,4350.0,60.0,1.0,0.28333336114883423,-0.17380543947219848,0.0019999999552965165,0.7166666984558105,-0.0032978723756968975,-0.0035288820394782762,0.5,0.05782728772610426,0.9259375,11.85,-0.9938625208288431
0.30833333333333335,880.0,0.6911851763725281,0.5416666865348816,0.01849132589995861,25333.0,0.0,88.0,60.0,0.0003,0.3243803381919861,0.2,4400.0,60.0,1.0,0.3500000238418579,-0.13467212915420532,0.011999999731779098,0.7333333492279053,0.004489850718528032,-0.004098723328206688,0.5,0.06265528872609138,0.936875,10.1,-1.001438614204526
0.13333333333333333,890.0,0.6905481219291687,0.5166667103767395,0.027938077226281166,27706.0,0.0,89.0,60.0,0.0003,0.45066213607788086,0.2,4450.0,60.0,1.0,0.15000000596046448,-0.12090271338820457,0.005999999865889549,0.8833333849906921,0.011138347908854485,-0.0032308194097131703,0.5,0.08042391836643219,0.944375,8.9,-0.5816727512329817
0.10833333333333334,900.0,0.6932921409606934,0.491666704416275,0.0006680265069007874,27764.0,0.0,90.0,60.0,0.0003,0.7459304630756378,0.2,4500.0,60.0,1.0,0.10000000894069672,-0.10671983733773231,0.009999999776482582,0.8833333849906921,0.004540791269391775,-0.009488685814197595,0.5,0.04424471203237772,0.9471875,8.45,-0.1425894546508789
0.24166666666666667,910.0,0.7045035362243652,0.491666704416275,0.0077008409425616264,27931.0,0.0,91.0,60.0,0.0003,0.7664041966199875,0.2,4550.0,60.0,1.0,0.23333334922790527,-0.07387627437710761,0.0,0.7500000596046448,-0.0024104879703372717,-0.000645157797786311,0.5,0.058543563028797506,0.9488125,8.19,-0.3275893224775791
0.5916666666666667,920.0,0.7030153274536133,0.491666704416275,0.00013905763626098633,28193.0,0.0,92.0,60.0,0.0003,-0.01787567138671875,0.2,4600.0,60.0,1.0,0.5833333730697632,-0.0674162358045578,0.009999999776482582,0.40000003576278687,0.008275050669908524,-0.0036963220238686034,0.5,0.017841930501163006,0.951625,7.74,-0.4699648268520832
0.5166666666666667,930.0,0.6896212100982666,0.5166667103767395,-0.0035018548369407654,24390.0,0.0,93.0,60.0,0.0003,-0.3168332576751709,0.2,4650.0,60.0,1.0,0.5333333611488342,-0.06593770310282707,0.021999999508261682,0.5,0.01968754641711712,-0.009682055591605732,0.5,0.03395432326942682,0.9530624999999999,7.51,-0.3657784565538168
0.4666666666666667,940.0,0.6869844198226929,0.550000011920929,-0.012716390192508698,28948.0,0.0,94.0,60.0,0.0003,-0.6207506656646729,0.2,4700.0,60.0,1.0,0.5166667103767395,-0.19559055492281913,0.08400000035762786,0.5833333730697632,0.020631317049264908,-0.019266045625787244,0.5,0.02556784451007843,0.9534375,7.45,-0.18895164236426354
0.49166666666666664,950.0,0.6983129382133484,0.5250000357627869,-0.018257660791277885,30063.0,0.0,95.0,60.0,0.0003,-0.15881597995758057,0.2,4750.0,60.0,1.0,0.5166667103767395,-0.26213338524103164,0.10999999716877937,0.5333333611488342,0.014819975011050701,-0.021726147204637523,0.5,0.0308372363448143,0.953875,7.38,-0.05014365538954735
0.36666666666666664,960.0,0.4204406440258026,0.8000000715255737,222.5589599609375,30064.0,0.0,96.0,60.0,0.0003,-0.0018181800842285156,0.2,4800.0,60.0,1.0,0.6666666865348816,-0.34684017598628997,0.2499999925494194,0.9333333969116211,0.10535746067762375,0.06286779014207404,0.5,455.9216369628906,0.953875,7.38,0.06657674789428711
0.5083333333333333,970.0,0.36937886476516724,0.9916667342185974,257.70123291015625,29754.0,0.0,97.0,60.0,0.0003,-0.008404970169067383,0.2,4850.0,60.0,1.0,1.0,-0.21909312456846236,0.003999999910593033,0.98333340883255,0.011523919180035591,-0.00601339010987445,0.5,547.7011779785156,0.953875,7.38,0.06657674789428711
0.5833333333333334,980.0,0.3764570355415344,0.9166666865348816,114.083740234375,30429.0,0.0,98.0,60.0,0.0003,0.05956751108169556,0.2,4900.0,60.0,1.0,1.0,-0.18073508590459825,0.0,0.8333333730697632,-0.0006086015491746366,0.0011062097204849407,0.5,246.02187957763672,0.9443124999999999,8.75,0.06657674789428711
0.5,990.0,0.30086955428123474,1.0,111.5107192993164,30368.0,0.0,99.0,60.0,0.0003,-0.002526521682739258,0.2,4950.0,60.0,1.0,1.0,-0.21377606093883514,0.0,1.0,0.0052562616765499115,-0.0019660375083333293,0.5,236.6796615600586,0.9443124999999999,8.75,-2.3007140512019397
0.5,1000.0,0.2678377330303192,1.0,58.25925064086914,32051.0,0.0,100.0,60.0,0.0003,0.0005327463150024414,0.2,5000.0,60.0,1.0,1.0,-0.1774994596838951,0.003999999910593033,1.0,-0.005314922425895929,-0.00553793650004053,0.5,125.96600723266602,0.9443124999999999,8.75,-2.3007140512019397
0.5916666666666667,1010.0,0.3480226695537567,0.9083333611488342,7.454675197601318,31757.0,0.0,101.0,60.0,0.0003,0.011746764183044434,0.2,5050.0,60.0,1.0,1.0,-0.35838499665260315,0.05799999982118607,0.8166667222976685,0.016267260536551476,-0.0036056965545285813,0.5,16.854740142822266,0.9348125000000002,10.11,-2.3007140512019397
0.6583333333333333,1020.0,0.3097698390483856,0.8416666984558105,24.472192764282227,32551.0,0.0,102.0,60.0,0.0003,0.0011630058288574219,0.2,5100.0,60.0,1.0,1.0,-0.21000703871250154,0.0,0.6833333969116211,0.00014485834981314838,0.00036496519442863473,0.5,52.056916046142575,0.9348125000000002,10.11,-3.64091792024672
0.65,1030.0,0.30513694882392883,0.8500000238418579,24.235393524169922,31977.0,0.0,103.0,60.0,0.0003,0.0006284713745117188,0.2,5150.0,60.0,1.0,1.0,-0.3421697974205017,0.0,0.7000000476837158,0.0012341189431026578,-2.7267574389355786e-05,0.5,50.92050704956055,0.9348125000000002,10.11,-3.64091792024672
0.6583333333333333,1040.0,0.4438267946243286,0.8416666984558105,14.170676231384277,31115.0,0.0,104.0,60.0,0.0003,0.008047699928283691,0.2,5200.0,60.0,1.0,1.0,-0.2740471512079239,0.0,0.6833333969116211,-0.001765994937159121,-0.002024356527545024,0.5,29.26480197906494,0.9253750000000001,11.46,-3.64091792024672
0.5,1050.0,0.24822506308555603,1.0,111.86543273925781,32243.0,0.0,105.0,60.0,0.0003,-3.5643577575683594e-05,0.2,5250.0,60.0,1.0,1.0,-0.28816396594047544,0.007999999821186066,1.0,0.0072397468611598015,-0.004143953059509186,0.5,227.60695190429686,0.9253750000000001,11.46,-4.543334773406387
0.5,1060.0,0.23029963672161102,1.0,218.02386474609375,33456.0,0.0,106.0,60.0,0.0003,0.00010186433792114258,0.2,5300.0,60.0,1.0,1.0,-0.1875254064798355,0.0,1.0,0.0021220683120191097,0.0013638243280585272,0.5,441.11415100097656,0.9253750000000001,11.46,-4.543334773406387
0.5833333333333334,1070.0,0.3181808590888977,0.9166666865348816,100.7345962524414,33082.0,0.0,107.0,60.0,0.0003,-0.0011153221130371094,0.2,5350.0,60.0,1.0,1.0,-0.2618800550699234,0.0,0.8333333730697632,-0.0023384904488921165,-0.0011689013150167683,0.5,204.5943832397461,0.916,12.8,-4.543334773406387
0.5,1080.0,0.25917428731918335,1.0,341.65142822265625,34424.0,0.0,108.0,60.0,0.0003,2.282857894897461e-05,0.2,5400.0,60.0,1.0,1.0,-0.2210003361105919,0.0,1.0,0.0012642621295526624,-0.0011956354340071584,0.5,689.3300415039063,0.916,12.8,-6.494565754756332
0.5,1090.0,0.23293311893939972,1.0,354.4841613769531,34024.0,0.0,109.0,60.0,0.0003,-1.0251998901367188e-05,0.2,5450.0,60.0,1.0,1.0,-0.2469458132982254,0.007999999821186066,1.0,-0.0018148707458749413,-0.005855717823840934,0.5,715.0104125976562,0.916,12.8,-6.494565754756332
0.6166666666666667,1100.0,0.36510470509529114,0.8833333849906921,120.32403564453125,27697.0,0.0,110.0,60.0,0.0003,-0.0011720657348632812,0.2,5500.0,60.0,1.0,1.0,-0.4527641087770462,0.0,0.7666667103767395,-0.002157046692445874,0.00046002148452686244,0.5,243.80477905273438,0.9064375000000001,14.17,-6.494565754756332
0.55,1110.0,0.25589698553085327,0.9500000476837158,214.007080078125,34645.0,0.0,111.0,60.0,0.0003,-0.0001977682113647461,0.2,5550.0,60.0,1.0,1.0,-0.29751403629779816,0.0,0.9000000357627869,0.0045606945641338825,-0.0017873176789152013,0.5,432.64036254882814,0.9064375000000001,14.17,-9.35448228918016
0.6833333333333333,1120.0,0.43101534247398376,0.8166667222976685,98.03541564941406,36495.0,0.0,112.0,60.0,0.0003,0.0012474656105041504,0.2,5600.0,60.0,1.0,1.0,-0.35686110258102416,0.0,0.6333333849906921,0.0029898451175540686,-0.0017905717488034157,0.5,198.81505279541017,0.9064375000000001,14.17,-9.35448228918016
0.575,1130.0,0.28986749053001404,0.9250000715255737,174.2460174560547,35574.0,0.0,113.0,60.0,0.0003,-0.0002067089080810547,0.2,5650.0,60.0,1.0,1.0,-0.3964231491088867,0.0,0.8500000238418579,-0.0010127377463504672,-0.00046120964345757186,0.5,352.0863067626953,0.8968750000000001,15.54,-9.35448228918016
0.5,1140.0,0.16442883014678955,1.0,348.10174560546875,35837.0,0.0,114.0,60.0,0.0003,4.172325134277344e-07,0.2,5700.0,60.0,1.0,1.0,-0.2765174776315689,0.0,1.0,0.0034982822835445404,-0.0026801833303181865,0.5,701.9525695800781,0.8968750000000001,15.54,-11.307193562313914
0.5,1150.0,0.15165291726589203,1.0,377.0191345214844,37559.0,0.0,115.0,60.0,0.0003,-9.5367431640625e-07,0.2,5750.0,60.0,1.0,1.0,-0.2080155774950981,0.0,1.0,-0.003148832358419895,5.341386608783694e-05,0.5,759.991357421875,0.8968750000000001,15.54,-11.307193562313914
0.5666666666666667,1160.0,0.26350462436676025,0.9333333969116211,187.09207153320312,34941.0,0.0,116.0,60.0,0.0003,7.665157318115234e-05,0.2,5800.0,60.0,1.0,1.0,-0.4048852175474167,0.015999999642372132,0.8666667342185974,0.008430561982095242,-0.006813029824290595,0.5,378.09722900390625,0.8873750000000001,16.9,-11.307193562313914
0.5333333333333333,1170.0,0.1982777863740921,0.9666666984558105,270.3343811035156,38922.0,0.0,117.0,60.0,0.0003,0.00023514032363891602,0.2,5850.0,60.0,1.0,1.0,-0.39562650918960574,0.14199999943375588,0.9333333969116211,0.06196485459804535,-0.017737900853157386,0.5,545.5910888671875,0.8873750000000001,16.9,-14.23310121975839
0.5416666666666666,1180.0,0.2221996933221817,0.9583333730697632,210.0631866455078,34911.0,0.0,118.0,60.0,0.0003,0.00037539005279541016,0.2,5900.0,60.0,1.0,1.0,-0.4217464059591293,0.0,0.9166666865348816,-0.001257400494068861,-0.0017632338440744632,0.5,423.9115264892578,0.8778750000000001,18.26,-14.23310121975839
0.5166666666666667,1190.0,0.15905024111270905,0.98333340883255,225.51487731933594,37493.0,0.0,119.0,60.0,0.0003,2.092123031616211e-05,0.2,5950.0,60.0,1.0,1.0,-0.4090850293636322,0.05399999804794788,0.9666666984558105,0.034335892647504807,-0.015296814934467306,0.5,455.5734039306641,0.8778750000000001,18.26,-16.776583209261297
0.5,1200.0,0.133968323469162,1.0,287.030517578125,39215.0,0.0,120.0,60.0,0.0003,-9.5367431640625e-07,0.2,6000.0,60.0,1.0,1.0,-0.488311830163002,0.059999996423721315,1.0,-0.007426373660564423,-0.00854805199708788,0.5,579.0644226074219,0.8778750000000001,18.26,-16.776583209261297
0.7333333333333333,1210.0,0.5793030858039856,0.7666667103767395,123.54280090332031,39903.0,0.0,121.0,60.0,0.0003,0.0007380247116088867,0.2,6050.0,60.0,1.0,1.0,-0.34534324109554293,0.11199999563395976,0.5333333611488342,0.024189773947000504,-0.020253362588584435,0.5,248.3218551635742,0.8683124999999999,19.63,-16.776583209261297
0.55,1220.0,0.22779494524002075,0.9500000476837158,226.78404235839844,39611.0,0.0,122.0,60.0,0.0003,0.000597834587097168,0.2,6100.0,60.0,1.0,1.0,-0.4530355125665665,0.057999996840953826,0.9000000357627869,0.03210034221410751,-0.008335234745405628,0.5,457.9226135253906,0.8683124999999999,19.63,-19.002505203709006
0.7166666666666667,1230.0,0.466653436422348,0.7833333611488342,64.65958404541016,37272.0,0.0,123.0,60.0,0.0003,0.0005857944488525391,0.2,6150.0,60.0,1.0,1.0,-0.3755466967821121,0.1039999969303608,0.5666667222976685,0.016388555988669395,-0.023827540986239626,0.5,130.82805328369142,0.8683124999999999,19.63,-19.002505203709006
0.8666666666666667,1240.0,0.6579686999320984,0.6333333849906921,49.974464416503906,39743.0,0.0,124.0,60.0,0.0003,0.0013455748558044434,0.2,6200.0,60.0,1.0,1.0,-0.20816919207572937,0.06799999624490738,0.2666666805744171,0.015333923511207104,-0.0077621780820191335,0.5,99.92227706909179,0.861625,20.7,-19.002505203709006
0.65,1250.0,0.7444958686828613,0.5166667103767395,78.28483581542969,36099.0,0.0,125.0,60.0,0.0003,0.04224038124084473,0.2,6250.0,60.0,1.0,0.6666666865348816,-0.1332250416278839,0.0,0.36666667461395264,-0.0029031657613813877,-0.0008776580999779072,0.5,158.59255676269532,0.8610624999999998,20.79,-20.044319642558694
0.375,1260.0,0.7369800209999084,0.491666704416275,46.780696868896484,37711.0,0.0,126.0,60.0,0.0003,0.01719754934310913,0.2,6300.0,60.0,1.0,0.36666667461395264,-0.12410260736942291,0.0,0.6166666746139526,0.00016034125292208046,-0.0004673311594217466,0.5,95.98998565673828,0.8613124999999999,20.75,-19.83160522714257
0.0,1270.0,0.8339688777923584,0.5,27.869855880737305,34187.0,0.0,127.0,60.0,0.0003,0.015115499496459961,0.2,6350.0,60.0,1.0,0.0,-0.11014684364199638,0.0,1.0,-0.0017725848592817783,-0.0010104853999216346,0.5,59.78385963439941,0.8616874999999999,20.69,-20.025475235134362
0.0,1280.0,0.828444242477417,0.5,40.71451187133789,36781.0,0.0,128.0,60.0,0.0003,0.016868770122528076,0.2,6400.0,60.0,1.0,0.0,-0.1304509773850441,0.03999999910593033,1.0,0.029639776796102524,-0.010421573258936334,0.5,83.10892257690429,0.8609999999999998,20.8,-20.4620380679518
0.125,1290.0,0.8181912899017334,0.491666704416275,10.959121704101562,40553.0,0.0,129.0,60.0,0.0003,0.13676124811172485,0.2,6450.0,60.0,1.0,0.11666667461395264,-0.0787430688738823,0.0,0.8666667342185974,-0.0009892844827845693,-0.0004925768167595379,0.5,29.918393516540526,0.8611249999999998,20.78,-21.105864938646555
0.3,1300.0,0.7465397119522095,0.46666669845581055,9.187644958496094,40881.0,0.0,130.0,60.0,0.0003,0.024265050888061523,0.2,6500.0,60.0,1.0,0.2666666805744171,-0.07508056238293648,0.0,0.6666666865348816,-0.00036301612271927297,-0.0001494643680343799,0.5,25.33843650817871,0.86125,20.76,-21.455596448406578
0.7583333333333333,1310.0,0.7312512993812561,0.491666704416275,8.722323417663574,39581.0,0.0,131.0,60.0,0.0003,0.13748592138290405,0.2,6550.0,60.0,1.0,0.7500000596046448,-0.07530450746417046,0.0,0.23333334922790527,-0.0001509952562628314,2.5841474121079953e-05,0.5,27.98910846710205,0.86125,20.76,-21.555217853933573
1.0,1320.0,0.7300673723220825,0.5,7.007769584655762,41181.0,0.0,132.0,60.0,0.0003,-0.05138504505157471,0.2,6600.0,60.0,1.0,1.0,-0.0731250949203968,0.0,0.0,4.339217866800027e-06,-6.295441863812811e-07,0.5,22.23081455230713,0.8613124999999999,20.75,-21.369563207253815
1.0,1330.0,0.7702270746231079,0.5,2.342268705368042,39945.0,0.0,133.0,60.0,0.0003,-0.041605472564697266,0.2,6650.0,60.0,1.0,1.0,-0.07358429282903671,0.0,0.0,0.0001151370961451903,-7.350015441218716e-05,0.5,11.659028244018554,0.8613124999999999,20.75,-20.99142184242606
1.0,1340.0,0.766636312007904,0.5,0.5864179134368896,40925.0,0.0,134.0,60.0,0.0003,0.011002302169799805,0.2,6700.0,60.0,1.0,1.0,-0.07691169008612633,0.0,0.0,0.0012941551394760609,-0.0006539128757722778,0.5,1.4112944602966309,0.8613749999999999,20.74,-20.583203211054204
0.6916666666666667,1350.0,0.7083147764205933,0.5416666865348816,0.27452874183654785,40021.0,0.0,135.0,60.0,0.0003,0.08241677284240723,0.2,6750.0,60.0,1.0,0.7333333492279053,-0.0962288461625576,0.0,0.3500000238418579,0.006920146755874157,-0.0038628409174279454,0.5,1.2581340074539185,0.8614999999999999,20.72,-20.27376419529319
0.43333333333333335,1360.0,0.704532265663147,0.5333333611488342,0.16657882928848267,36156.0,0.0,136.0,60.0,0.0003,0.010655641555786133,0.2,6800.0,60.0,1.0,0.46666669845581055,-0.17835449278354645,0.02800000011920929,0.6000000238418579,0.048115525394678116,-0.004480134090641741,0.5,1.5051658570766449,0.8614375,20.73,-20.144483792707323
0.15833333333333333,1370.0,0.5956289768218994,0.6250000596046448,169.395263671875,41395.0,0.0,137.0,60.0,0.0003,0.003658115863800049,0.2,6850.0,60.0,1.0,0.28333336114883423,-0.40073891282081603,0.031999999284744264,0.9666666984558105,0.010681543499231339,0.02087607052549707,0.5,358.7953765869141,0.8591874999999999,21.09,-20.2220604596287
0.008333333333333333,1380.0,0.6288066506385803,0.491666704416275,218.58038330078125,42522.0,0.0,138.0,60.0,0.0003,0.005127906799316406,0.2,6900.0,60.0,1.0,0.0,-0.4421412408351898,0.009999999776482582,0.98333340883255,0.020084509626030922,-0.00933749695541337,0.5,463.9377838134766,0.8576249999999999,21.34,-21.085946280285714
0.10833333333333334,1390.0,0.6826573610305786,0.4583333432674408,28.27813720703125,43284.0,0.0,139.0,60.0,0.0003,0.06836426258087158,0.2,6950.0,60.0,1.0,0.06666667014360428,-0.34668579399585725,0.029999999329447746,0.8500000238418579,-0.003468751907348633,-0.010434674581512792,0.5,61.7440242767334,0.8940625,16.15,-21.588450222462416
0.4,1400.0,0.5963072776794434,0.6000000238418579,61.32477569580078,43591.0,0.0,140.0,60.0,0.0003,0.039047420024871826,0.2,7000.0,60.0,1.0,0.5,-0.2858826041221619,0.021999999508261682,0.7000000476837158,0.0025221037212759256,-0.012902348365634708,0.5,127.2769645690918,0.9203749999999999,12.42,-15.914721835181117
0.9916666666666667,1410.0,0.732177734375,0.5083333849906921,21.11355972290039,41449.0,0.0,141.0,60.0,0.0003,0.006656527519226074,0.2,7050.0,60.0,1.0,1.0,-0.14786473363637925,0.0019999999552965165,0.01666666753590107,-0.004888744093477726,-0.006503778500017177,0.5,42.772470474243164,0.9473124999999999,8.43,-8.843579631969332
0.9666666666666667,1420.0,0.7085041999816895,0.5333333611488342,20.516664505004883,44359.0,0.0,142.0,60.0,0.0003,0.04830789566040039,0.2,7100.0,60.0,1.0,1.0,-0.16709298640489578,0.03599999919533729,0.06666667014360428,0.019155228510499,-0.01126248950511215,0.5,45.45840950012207,0.9464374999999999,8.57,-2.909836684539914
1.0,1430.0,0.7665424346923828,0.5,17.558578491210938,41814.0,0.0,143.0,60.0,0.0003,-0.22411847114562988,0.2,7150.0,60.0,1.0,1.0,-0.10322387367486954,0.0,0.0,-0.0010449409019201994,0.0004678519882727494,0.5,40.419836807250974,0.9464999999999999,8.56,-2.9522984278947115
1.0,1440.0,0.7360016703605652,0.5,11.126818656921387,43116.0,0.0,144.0,60.0,0.0003,-0.03312981128692627,0.2,7200.0,60.0,1.0,1.0,-0.10470715314149856,0.0,0.0,0.00030062199220992625,-0.00014938521093483815,0.5,25.901205825805665,0.9464375000000002,8.57,-2.4968931681662796
1.0,1450.0,0.7031200528144836,0.5,4.006469249725342,38339.0,0.0,145.0,60.0,0.0003,-0.015357136726379395,0.2,7250.0,60.0,1.0,1.0,-0.0983398623764515,0.0,0.0,-0.0002080678823404014,2.8273343497886573e-05,0.5,10.47615327835083,0.9471875,8.45,-1.8232305160164832
0.5666666666666667,1460.0,0.7013732194900513,0.45000001788139343,0.4204033315181732,44153.0,0.0,146.0,60.0,0.0003,0.04174625873565674,0.2,7300.0,60.0,1.0,0.5166667103767395,-0.10136141702532768,0.0,0.38333335518836975,0.0003063106560148299,-4.4098138110726384e-05,0.5,1.7904260873794555,0.9471250000000001,8.46,-0.9064285285770893
0.0,1470.0,0.7128580212593079,0.5,0.3654526472091675,45758.0,0.0,147.0,60.0,0.0003,-0.07167589664459229,0.2,7350.0,60.0,1.0,0.0,-0.09904973804950715,0.0,1.0,-0.00029252050444483757,-0.00013702606913650327,0.5,0.800055742263794,0.9470625000000001,8.47,-0.5565596354752779
0.0,1480.0,0.7374083399772644,0.5,0.6285023093223572,46076.0,0.0,148.0,60.0,0.0003,-0.01125180721282959,0.2,7400.0,60.0,1.0,0.0,-0.09041161760687828,0.0,1.0,0.00044331548269838095,-0.003114626783412078,0.5,1.6126543521881103,0.9470000000000001,8.48,-0.5954363775253296
0.0,1490.0,0.7324605584144592,0.5,0.6179212927818298,45414.0,0.0,149.0,60.0,0.0003,0.011946499347686768,0.2,7450.0,60.0,1.0,0.0,-0.07018700540065766,0.0,1.0,-0.002959032077342272,-0.0012866636301623658,0.5,1.3526074647903443,0.9470000000000001,8.48,-0.9981566119194031
0.0,1500.0,0.7171047329902649,0.5,0.6193128228187561,45466.0,0.0,150.0,60.0,0.0003,0.03485637903213501,0.2,7500.0,60.0,1.0,0.0,-0.05868009775876999,0.0,1.0,-0.0008570003556087613,-0.0004299607113352977,0.5,1.2417876601219178,0.9470000000000001,8.48,-1.610544463172555
0.0,1510.0,0.7037139534950256,0.5,0.6612759232521057,43148.0,0.0,151.0,60.0,0.0003,0.0780254602432251,0.2,7550.0,60.0,1.0,0.0,-0.0628665804862976,0.0,1.0,0.010464191436767578,-0.007123031625057763,0.5,1.6192242741584777,0.9468125,8.51,-2.233724881187081
0.4666666666666667,1520.0,0.6890028119087219,0.5166667103767395,1.0016987323760986,46893.0,0.0,152.0,60.0,0.0003,0.07519477605819702,0.2,7600.0,60.0,1.0,0.4833333492279053,-0.06177188009023667,0.0,0.550000011920929,0.002456235932186246,0.0010552625460551468,0.5,2.735492479801178,0.9468125000000001,8.51,-2.70704870916903
1.0,1530.0,0.7114376425743103,0.5,1.2101596593856812,47812.0,0.0,153.0,60.0,0.0003,-0.020020246505737305,0.2,7650.0,60.0,1.0,1.0,-0.07028408274054528,0.0,0.0,-0.0005043029668740928,-2.8035638649726025e-06,0.5,3.46822350025177,0.9469375,8.49,-2.8612194561958315
1.0,1540.0,0.71692955493927,0.5,0.9026215076446533,44481.0,0.0,154.0,60.0,0.0003,-0.014532208442687988,0.2,7700.0,60.0,1.0,1.0,-0.08133325278759003,0.015999999642372132,0.0,-0.01284037996083498,-0.004459750482813263,0.5,3.1942521929740906,0.9525,7.6,-2.709422510415316
1.0,1550.0,0.7157431840896606,0.5,0.22095002233982086,47386.0,0.0,155.0,60.0,0.0003,-0.03373277187347412,0.2,7750.0,60.0,1.0,1.0,-0.08219715505838394,0.0,0.0,-0.006558570545166731,-0.0006267638058261582,0.5,1.0299392640590668,0.9548750000000001,7.22,-0.2710179554671049
0.975,1560.0,0.6917144060134888,0.5250000357627869,0.24297605454921722,48498.0,0.0,156.0,60.0,0.0003,-0.02495110034942627,0.2,7800.0,60.0,1.0,1.0,-0.06022979393601417,0.0019999999552965165,0.05000000447034836,-0.004680118523538113,0.0005729067308127611,0.5,0.5701660275459289,0.9548750000000001,7.22,0.4814479743689299
0.875,1570.0,0.7042757868766785,0.4750000238418579,0.13634733855724335,50321.0,0.0,157.0,60.0,0.0003,-0.004781365394592285,0.2,7850.0,60.0,1.0,0.8500000238418579,-0.0710120964795351,0.0,0.10000000894069672,-0.005497927311807871,-0.000624128445531813,0.5,0.3278674125671387,0.955625,7.1,0.3703896305710077
0.55,1580.0,0.695022463798523,0.4833333492279053,0.029389332979917526,46751.0,0.0,158.0,60.0,0.0003,-0.0006262063980102539,0.2,7900.0,60.0,1.0,0.5333333611488342,-0.04609700068831444,0.0,0.4333333671092987,-0.0008138560806401074,-0.0007055672254645984,0.5,0.19464322403073311,0.955625,7.1,0.2468174272030592
0.0,1590.0,0.6945189237594604,0.5,0.053422961384058,50090.0,0.0,159.0,60.0,0.0003,0.002260565757751465,0.2,7950.0,60.0,1.0,0.0,-0.045696791633963584,0.0,1.0,7.551193266408518e-05,4.3927191742909597e-05,0.5,0.2977330408990383,0.9556874999999999,7.09,-0.0512233167886734
0.0,1600.0,0.711147665977478,0.5,0.1598881185054779,50308.0,0.0,160.0,60.0,0.0003,0.0020412206649780273,0.2,8000.0,60.0,1.0,0.0,-0.04502156190574169,0.0,1.0,-0.0001500797225162387,-3.5210012671171854e-05,0.5,0.3841602116823196,0.9557499999999999,7.08,-0.3450064604729414
