raw\gen\time/total_timesteps,raw\gen\time/fps,raw\gen\time/iterations,raw\gen\time/time_elapsed,raw\gen\train/value_loss,raw\gen\train/clip_fraction,raw\gen\train/explained_variance,raw\gen\train/learning_rate,raw\gen\train/entropy_loss,raw\gen\train/approx_kl,raw\gen\train/n_updates,raw\gen\train/loss,raw\gen\train/policy_gradient_loss,raw\gen\train/clip_range,raw\gen\rollout/ep_rew_mean,raw\gen\rollout/ep_len_mean,raw\gen\rollout/ep_rew_wrapped_mean
200,263,1,0,,,,,,,,,,,,,
400,720,1,0,135.08151512145997,0.0,0.06448101997375488,0.0003,-1.3852655649185182,-0.0022229324,10,60.49551010131836,-0.007041771092927718,0.2,,,
600,1100,1,0,84.42578353881837,0.003999999910593033,0.1421617865562439,0.0003,-1.3803914606571197,0.002389477,20,41.48423767089844,-0.012144739359151658,0.2,,,
800,1458,1,0,37.68984813690186,0.0,0.2729319930076599,0.0003,-1.3565059900283813,0.0026731128,30,15.255325317382812,-0.0028313155853829652,0.2,,,
1000,1821,1,0,27.443289470672607,0.02649999875575304,0.20291858911514282,0.0003,-1.3417376458644867,0.019589715,40,10.203622817993164,-0.014548083111410648,0.2,,,
1200,2130,1,0,11.328874874114991,0.09549999693408609,0.18395346403121948,0.0003,-1.3176324188709259,0.018579097,50,4.077450752258301,-0.015519227989600103,0.2,,,
1400,2479,1,0,11.60467963218689,0.03949999865144491,-0.29172396659851074,0.0003,-1.3229616045951844,0.013592369,60,4.754871845245361,-0.014209728110872533,0.2,,,
1600,2920,1,0,91.80543174743653,0.0,-1.0130119323730469,0.0003,-1.3520516216754914,-0.0069853496,70,40.97507858276367,-0.004053006851543373,0.2,,,
1800,3338,1,0,133.7253131866455,0.0,0.5346687436103821,0.0003,-1.3577024042606354,-0.0014620649,80,61.84965133666992,-0.0028607176331860275,0.2,,,
2000,3581,1,0,114.62697257995606,0.0,0.6943144202232361,0.0003,-1.3481897056102752,0.0056169415,90,54.474361419677734,-0.004223398743357443,0.2,,,
2200,4018,1,0,88.04137496948242,0.016999999526888132,0.6754866242408752,0.0003,-1.351063084602356,0.0033393595,100,40.60415267944336,-0.012527869826328164,0.2,,,
2400,4384,1,0,90.42923736572266,0.0,0.7954041063785553,0.0003,-1.3202646017074584,0.0061170356,110,40.630435943603516,-0.006380794970784365,0.2,,,
2600,4765,1,0,34.791028594970705,0.024499999545514583,0.0623437762260437,0.0003,-1.3148257434368134,-0.006197139,120,15.148214340209961,-0.014974448748398572,0.2,,,
2800,5083,1,0,113.03889999389648,0.011499999742954969,0.6827765703201294,0.0003,-1.317999255657196,0.009340105,130,60.330604553222656,-0.012475381661875673,0.2,,,
3000,5576,1,0,8.947288918495179,0.15449999701231718,0.6747837066650391,0.0003,-1.2927507996559142,0.01151182,140,3.9598073959350586,-0.02857900241948661,0.2,,,
3200,5209,1,0,2.847318023443222,0.13199999500066043,-0.5156909227371216,0.0003,-1.2979787945747376,0.012303516,150,1.0536878108978271,-0.02178823556832512,0.2,,,
3400,5157,1,0,91.20765838623046,0.0004999999888241291,0.41658514738082886,0.0003,-1.2781006515026092,-0.006044271,160,43.09348678588867,-0.004808048979059088,0.2,10.0,3269.0,
3600,5975,1,0,43.94532814025879,0.0024999999441206455,0.5933017730712891,0.0003,-1.2313617765903473,0.016857108,170,21.30289077758789,-0.011099604680901409,0.2,10.0,3269.0,1404.5458508567826
3800,6272,1,0,2.905650520324707,0.09949999675154686,0.8276160359382629,0.0003,-1.2071213245391845,0.010841611,180,1.137024998664856,-0.016388595859752896,0.2,10.0,3269.0,1404.5458508567826
4000,7223,1,0,4.925532019138336,0.04499999908730388,-0.49005448818206787,0.0003,-1.1913467168807983,-0.010056715,190,2.0077576637268066,-0.010641879359107409,0.2,10.0,3269.0,1404.5458508567826
4200,6213,1,0,12.43871612548828,0.09699999755248427,0.516088604927063,0.0003,-1.1473777413368225,0.038611762,200,5.658154487609863,-0.019683772254269538,0.2,10.0,3269.0,1404.5458508567826
4400,7569,1,0,56.295876121521,0.03349999878555536,0.2620866894721985,0.0003,-1.0263736814260482,0.0019110735,210,22.616830825805664,-0.015836693281773506,0.2,10.0,3269.0,1404.5458508567826
4600,7286,1,0,96.09558410644532,0.0,0.11840248107910156,0.0003,-1.003521117568016,0.00014113069,220,44.32918167114258,-0.004094176681188433,0.2,10.0,3269.0,1404.5458508567826
4800,6858,1,0,697.812289428711,0.0,-0.0024775266647338867,0.0003,-1.0129430830478667,-0.0034348748,230,344.1136779785156,-0.0036398427545501376,0.2,10.0,3269.0,1404.5458508567826
5000,7848,1,0,93.92984313964844,0.005999999865889549,-0.003995656967163086,0.0003,-1.0518157124519347,-0.0011908195,240,43.72559356689453,-0.0050825848026578415,0.2,10.0,3269.0,1404.5458508567826
5200,9488,1,0,135.77268409729004,0.0,-0.007973074913024902,0.0003,-1.0986364245414735,0.0012274755,250,61.5379753112793,-0.005277196702314413,0.2,10.0,3269.0,1404.5458508567826
5400,9740,1,0,5.809938883781433,0.15599999483674765,-0.003567814826965332,0.0003,-1.17089586853981,0.016896673,260,2.482309103012085,-0.014489559941925023,0.2,10.0,3269.0,1404.5458508567826
5600,6990,1,0,0.28769060894846915,0.20599999502301217,-0.0012325048446655273,0.0003,-1.1878800749778748,0.018572655,270,0.07529621571302414,-0.018976511488435932,0.2,10.0,3269.0,1404.5458508567826
5800,9171,1,0,1.3749079287052155,0.10449999896809459,-0.038031935691833496,0.0003,-1.1932440102100372,0.045512542,280,0.39677613973617554,-0.012557622024440463,0.2,10.0,3269.0,1404.5458508567826
6000,10623,1,0,12.986040544509887,0.11599999740719795,-0.1218341588973999,0.0003,-1.2137459576129914,-0.00802686,290,5.393726348876953,-0.01683375536790117,0.2,10.0,3269.0,1404.5458508567826
6200,11201,1,0,0.7287165343761444,0.1374999982304871,-1.2874603271484375e-05,0.0003,-1.2267866790294648,0.020125879,300,0.24927987158298492,-0.01148959464614734,0.2,10.0,3269.0,1404.5458508567826
6400,11118,1,0,189.56716079711913,0.0024999999441206455,-0.04377627372741699,0.0003,-1.2273139715194703,0.012191879,310,89.12323760986328,0.0015887315695295,0.2,10.0,3269.0,1404.5458508567826
6600,10992,1,0,177.47623291015626,0.0,-0.007657527923583984,0.0003,-1.2116411447525024,-0.0038831239,320,85.47720336914062,-0.003878314455215559,0.2,10.0,3297.0,1404.5458508567826
6800,11894,1,0,16.443047094345093,0.0064999997615814206,0.009917378425598145,0.0003,-1.2146505415439606,0.009819532,330,6.8870930671691895,-0.014692760450576348,0.2,10.0,3297.0,1415.5830430869732
7000,10091,1,0,23.75259132385254,0.006999999843537807,-0.4062364101409912,0.0003,-1.217491763830185,-0.003411184,340,11.821314811706543,-0.0070194852980494105,0.2,10.0,3297.0,1415.5830430869732
7200,12504,1,0,44.38742542266846,0.0,0.6402789056301117,0.0003,-1.2529679596424104,0.0009330483,350,21.939504623413086,-0.00417932440005826,0.2,10.0,3297.0,1415.5830430869732
7400,12897,1,0,25.864335155487062,0.0014999999664723873,0.11430257558822632,0.0003,-1.254140716791153,0.005203205,360,10.021092414855957,-0.009515068918350144,0.2,10.0,3297.0,1415.5830430869732
7600,13399,1,0,36.30287094116211,0.0019999999552965165,0.80580073595047,0.0003,-1.2690902769565582,0.0011808038,370,16.664260864257812,-0.007615375855704798,0.2,10.0,2511.0,1415.5830430869732
7800,13940,1,0,131.94425277709962,0.0,0.11048698425292969,0.0003,-1.2708367466926576,-5.4914388e-05,380,53.77021408081055,0.00012950840269332353,0.2,10.0,2511.0,1040.2986355502583
8000,12973,1,0,83.00046730041504,0.0,0.7736643105745316,0.0003,-1.2518574714660644,-0.0009560281,390,43.197444915771484,-0.00319137244098755,0.2,10.0,2511.0,1040.2986355502583
8200,13565,1,0,135.16053886413573,0.0,-0.16456687450408936,0.0003,-1.2632859885692596,0.0006448835,400,60.81984329223633,-0.0024112031500258977,0.2,10.0,2015.75,1040.2986355502583
8400,14953,1,0,70.79584255218506,0.0,0.4083213210105896,0.0003,-1.252501267194748,0.0038644783,410,32.54167175292969,-0.002508058950923431,0.2,10.0,2015.75,862.6854813708019
8600,13495,1,0,44.139319038391115,0.0,0.4192768335342407,0.0003,-1.2711584568023682,0.0076588197,420,16.224929809570312,-0.00784093282290268,0.2,10.0,2015.75,862.6854813708019
8800,14407,1,0,22.021166133880616,0.0014999999664723873,0.04669457674026489,0.0003,-1.2674455285072326,0.0064089806,430,8.910897254943848,-0.012066447698460247,0.2,10.0,2015.75,862.6854813708019
9000,14826,1,0,11.745037364959718,0.1609999930486083,0.02560591697692871,0.0003,-1.220840048789978,0.04133743,440,5.015207767486572,-0.024264140376355492,0.2,10.0,2015.75,862.6854813708019
9200,15967,1,0,11.629517889022827,0.02799999974668026,-0.23846125602722168,0.0003,-1.2146349489688872,0.014032692,450,5.010648250579834,-0.00981533344730252,0.2,10.0,2015.75,862.6854813708019
9400,16182,1,0,2.8690464973449705,0.22649999270215632,0.007564365863800049,0.0003,-1.159423178434372,0.036516674,460,1.0519548654556274,-0.019283695448189954,0.2,10.0,2015.75,862.6854813708019
9600,15653,1,0,0.41703885421156883,0.09599999692291021,0.0016242265701293945,0.0003,-1.2594006419181825,0.022052461,470,0.09003055095672607,-0.015044039369444383,0.2,10.0,2015.75,862.6854813708019
9800,16984,1,0,0.8810390800237655,0.11649999897927046,0.0009512901306152344,0.0003,-1.2592184484004973,-0.0087024355,480,0.36212459206581116,-0.017166830364614683,0.2,10.0,2015.75,862.6854813708019
10000,16795,1,0,1.012820276618004,0.04499999862164259,0.011445283889770508,0.0003,-1.2658773720264436,0.012348574,490,0.3797230124473572,-0.007930519957881188,0.2,10.0,2015.75,862.6854813708019
10200,16924,1,0,0.8192664489150048,0.0704999977722764,0.005025029182434082,0.0003,-1.2283346116542817,0.006930937,500,0.2387416511774063,-0.008197608060261884,0.2,10.0,2015.75,862.6854813708019
10400,18135,1,0,0.5395644783973694,0.07999999737367033,0.007348179817199707,0.0003,-1.2788854360580444,0.0066540195,510,0.23647037148475647,-0.011873154236818628,0.2,10.0,2015.75,862.6854813708019
10600,17128,1,0,0.9989405065774918,0.24399999603629113,0.006589949131011963,0.0003,-1.2811166882514953,0.05000883,520,0.39393654465675354,-0.031930053213669485,0.2,10.0,2015.75,862.6854813708019
10800,17976,1,0,14.573160457611085,0.11999999787658452,-0.012289643287658691,0.0003,-1.2855966985225677,0.023758367,530,6.995217323303223,-0.0021394309534443325,0.2,10.0,2015.75,862.6854813708019
11000,18045,1,0,4.265910255908966,0.06849999912083149,0.0073806047439575195,0.0003,-1.2863858938217163,0.04640368,540,1.737920880317688,-0.014619096087611982,0.2,10.0,2015.75,862.6854813708019
11200,18806,1,0,4.127666068077088,0.037499998696148396,0.00453418493270874,0.0003,-1.309200382232666,0.0048589413,550,1.7727103233337402,-0.01358674885425657,0.2,10.0,2015.75,862.6854813708019
11400,19305,1,0,16.084884023666383,0.0,-0.011048197746276855,0.0003,-1.3234586060047149,0.0017730944,560,7.6185994148254395,-0.0019979746855387504,0.2,10.0,2015.75,862.6854813708019
11600,17880,1,0,5.536922812461853,0.030999999679625034,-0.007763981819152832,0.0003,-1.2983123421669007,0.014146388,570,2.257150888442993,-0.009419795336172676,0.2,10.0,2015.75,862.6854813708019
11800,20918,1,0,6.059176349639893,0.02599999951198697,-0.0179978609085083,0.0003,-1.2912023961544037,0.015410605,580,2.7243573665618896,-0.01036310608976052,0.2,10.0,2015.75,862.6854813708019
12000,19635,1,0,2.7764486193656923,0.04349999977275729,-0.14058244228363037,0.0003,-1.3010912656784057,0.0064852573,590,1.0984714031219482,-0.011081502806642673,0.2,10.0,2015.75,862.6854813708019
12200,19888,1,0,18.048079919815063,0.0009999999776482583,-0.5474861860275269,0.0003,-1.266358059644699,-0.0058406186,600,7.000936985015869,-0.004126251501627864,0.2,10.0,2015.75,862.6854813708019
12400,20792,1,0,11.293785333633423,0.022499999217689037,-0.6830762624740601,0.0003,-1.290668684244156,0.0103205545,610,4.512833118438721,-0.012441725042081053,0.2,10.0,2015.75,862.6854813708019
12600,21632,1,0,1.283109200000763,0.2714999932795763,-0.005243778228759766,0.0003,-1.3036103069782257,0.014335517,620,0.5118892788887024,-0.020867518538143413,0.2,10.0,2015.75,862.6854813708019
12800,22071,1,0,144.99267120361327,0.0,-3.2455625534057617,0.0003,-1.1812802791595458,0.007541553,630,79.02762603759766,-0.0015199830323691544,0.2,10.0,2015.75,862.6854813708019
13000,21920,1,0,1.798876291513443,0.18849999643862247,-0.01585865020751953,0.0003,-1.2819878220558167,0.01632856,640,0.792433500289917,-0.022431459379396966,0.2,10.0,2015.75,862.6854813708019
13200,22936,1,0,93.44263801574706,0.0034999999217689036,-0.8541938066482544,0.0003,-1.1858806312084198,0.014615359,650,37.08462905883789,-0.0015363217900885573,0.2,10.0,2015.75,862.6854813708019
13400,21703,1,0,54.96462612152099,0.0,-3.1679201126098633,0.0003,-1.242736679315567,0.002051487,660,23.017173767089844,-0.001423541260490313,0.2,10.0,2015.75,862.6854813708019
13600,19814,1,0,46.062543869018555,0.0,-6.592618942260742,0.0003,-1.2507995009422301,-0.0021496394,670,23.493694305419922,-0.002003635746907051,0.2,10.0,2015.75,862.6854813708019
13800,18570,1,0,3.325015127658844,0.16499999593943357,-0.15125823020935059,0.0003,-1.2852622449398041,0.034631662,680,1.193001627922058,-0.019806647526565867,0.2,10.0,2015.75,862.6854813708019
14000,19228,1,0,31.693066787719726,0.0,-3.6067490577697754,0.0003,-1.2413436233997346,0.007000479,690,11.391521453857422,-0.00271289229900864,0.2,10.0,2015.75,862.6854813708019
14200,20215,1,0,98.44273490905762,0.0,-1.0420589447021484,0.0003,-1.216593325138092,0.0017972284,700,45.193870544433594,-0.0026094069531245267,0.2,10.0,2015.75,862.6854813708019
14400,25939,1,0,41.36264019012451,0.0,-0.9615777730941772,0.0003,-1.223582524061203,0.0003317937,710,18.023277282714844,-0.0019591176121469545,0.2,10.0,2015.75,862.6854813708019
14600,25635,1,0,86.90923156738282,0.0,-6.506515979766846,0.0003,-1.2103065490722655,8.331833e-05,720,34.08643341064453,-0.0011922216837739086,0.2,10.0,2015.75,862.6854813708019
14800,26158,1,0,89.29379997253417,0.0,-3.935184955596924,0.0003,-1.1902338564395905,-0.00077959977,730,40.36772918701172,-0.001456190476201158,0.2,10.0,2015.75,862.6854813708019
15000,20368,1,0,106.30989036560058,0.0,-0.03695869445800781,0.0003,-1.204636710882187,-0.00046756386,740,50.6257209777832,-0.0014827241606399256,0.2,10.0,2015.75,862.6854813708019
15200,23197,1,0,45.45308265686035,0.0,-2.6019630432128906,0.0003,-1.2171200513839722,0.00204038,750,17.69347381591797,-0.0017864825016367547,0.2,10.0,2015.75,862.6854813708019
15400,26850,1,0,22.955189514160157,0.0,-0.34688901901245117,0.0003,-1.2284923017024993,0.0009627533,760,10.637369155883789,-0.0044418623289093516,0.2,10.0,2015.75,862.6854813708019
15600,27519,1,0,55.31476955413818,0.0,-3.1173319816589355,0.0003,-1.2272190034389496,0.0011220311,770,18.50434684753418,-0.0044281484303063225,0.2,10.0,2015.75,862.6854813708019
15800,28039,1,0,54.683329010009764,0.0,-9.218633651733398,0.0003,-1.1994993567466736,0.00086993305,780,25.910015106201172,-0.0019532709102058734,0.2,10.0,2015.75,862.6854813708019
16000,27617,1,0,32.100440216064456,0.0,-2.397386074066162,0.0003,-1.2030097484588622,0.00033455165,790,15.235516548156738,-0.0018711549048457954,0.2,10.0,2015.75,862.6854813708019
16200,27292,1,0,69.00894145965576,0.0,-1.3876862525939941,0.0003,-1.2020591020584106,0.0012895977,800,34.803199768066406,-0.0012520599771523421,0.2,10.0,2015.75,862.6854813708019
16400,28098,1,0,65.52037906646729,0.0,-2.307701587677002,0.0003,-1.1755491495132446,0.0004939821,810,26.839431762695312,-0.001530874991442488,0.2,10.0,2015.75,862.6854813708019
16600,28435,1,0,55.94896011352539,0.0,-1.742582082748413,0.0003,-1.1724821090698243,2.3979548e-05,820,21.72050666809082,-0.0011734905451465493,0.2,10.0,2015.75,862.6854813708019
16800,28202,1,0,4.3328135251998905,0.05349999852478504,-0.49236536026000977,0.0003,-1.2445164442062377,0.02661698,830,1.6282877922058105,-0.01557621507753355,0.2,10.0,2015.75,862.6854813708019
17000,28866,1,0,78.7913703918457,0.0,-4.3494133949279785,0.0003,-1.1426588416099548,0.013166824,840,35.63645935058594,-0.003664864882855845,0.2,10.0,2015.75,862.6854813708019
17200,30155,1,0,26.880484771728515,0.0,-0.6716352701187134,0.0003,-1.1969825208187104,0.0027236012,850,12.467618942260742,-0.0021788217343747364,0.2,10.0,2015.75,862.6854813708019
17400,28622,1,0,35.24626541137695,0.0,-0.9601753950119019,0.0003,-1.1994695127010346,0.0037873671,860,17.929418563842773,-0.002764068785210849,0.2,10.0,2015.75,862.6854813708019
17600,30136,1,0,65.91234378814697,0.006999999843537807,0.6929153501987457,0.0003,-1.1991471111774445,0.004171946,870,30.83808135986328,-0.010123490769183263,0.2,10.0,2015.75,862.6854813708019
17800,30986,1,0,78.84416389465332,0.0,-6.499592304229736,0.0003,-1.2235863864421845,0.006467886,880,31.233089447021484,-0.0005512672005024477,0.2,10.0,2015.75,862.6854813708019
18000,30125,1,0,156.2607707977295,0.0,-0.09523236751556396,0.0003,-1.153559273481369,-0.0006598353,890,57.17259979248047,-0.0010073576446593346,0.2,10.0,2015.75,862.6854813708019
18200,31341,1,0,34.23985300064087,0.0,-1.5613043308258057,0.0003,-1.2275274395942688,-0.0011277082,900,15.180039405822754,-0.0016330922060660668,0.2,10.0,2015.75,862.6854813708019
18400,30506,1,0,18.13129029273987,0.0,-1.042787790298462,0.0003,-1.242829841375351,0.0025689008,910,8.56458854675293,-0.001782290187649771,0.2,10.0,2015.75,862.6854813708019
18600,32199,1,0,3.596736228466034,0.1259999940171838,-0.06696009635925293,0.0003,-1.2619089424610137,0.03265551,920,1.7370818853378296,-0.01817848412378211,0.2,10.0,2015.75,862.6854813708019
18800,31618,1,0,114.52555465698242,0.0004999999888241291,-0.37654852867126465,0.0003,-1.1240292489528656,0.008179791,930,55.05187225341797,0.0055527660729130625,0.2,10.0,2015.75,862.6854813708019
19000,32069,1,0,27.737708854675294,0.0024999999441206455,-0.14664578437805176,0.0003,-1.1649756133556366,0.003953657,940,12.36745548248291,-0.010072094525057196,0.2,10.0,2015.75,862.6854813708019
19200,32360,1,0,12.473002576828003,0.008999999612569809,-0.07583761215209961,0.0003,-1.2268043756484985,0.006799113,950,4.345365047454834,-0.009604401865551893,0.2,10.0,2015.75,862.6854813708019
19400,32180,1,0,27.96333074569702,0.0,-0.7261494398117065,0.0003,-1.2159255743026733,0.0025416866,960,13.967778205871582,-0.002575613535591259,0.2,10.0,2015.75,862.6854813708019
19600,33929,1,0,33.51372146606445,0.0,-3.5180540084838867,0.0003,-1.1647242665290833,0.0071646133,970,14.59229564666748,-0.0038577356350288027,0.2,10.0,2015.75,862.6854813708019
19800,34920,1,0,22.60996608734131,0.0,-0.6577056646347046,0.0003,-1.1873776495456696,0.005933419,980,10.00146198272705,-0.00872238410497097,0.2,10.0,2015.75,862.6854813708019
20000,35494,1,0,47.00452823638916,0.0,-0.43378007411956787,0.0003,-1.157585734128952,-0.0016749323,990,22.591552734375,-0.002396717430106854,0.2,10.0,2015.75,862.6854813708019
20200,34982,1,0,45.84691905975342,0.0,-1.3314673900604248,0.0003,-1.1298277080059052,0.0012728018,1000,16.735767364501953,-0.00039054571762253687,0.2,10.0,2015.75,862.6854813708019
20400,35882,1,0,35.61235074996948,0.0,-1.17232084274292,0.0003,-1.1763279438018799,-0.000566431,1010,14.828878402709961,-0.0005210862703170172,0.2,10.0,2015.75,862.6854813708019
20600,36362,1,0,47.1687991142273,0.0,0.39232057332992554,0.0003,-1.1811027109622956,0.00021074322,1020,22.64527702331543,-0.0013010358287283807,0.2,10.0,2015.75,862.6854813708019
20800,35221,1,0,64.63151874542237,0.0,-2.069927930831909,0.0003,-1.1812166452407837,0.0015009602,1030,23.323070526123047,-0.0007334968306386358,0.2,10.0,2015.75,862.6854813708019
21000,37625,1,0,23.3971727848053,0.0,-0.7193692922592163,0.0003,-1.2117058396339417,-0.00051457674,1040,7.516139030456543,-0.0003565015723395959,0.2,10.0,2015.75,862.6854813708019
21200,38239,1,0,21.949246215820313,0.0,-0.28344929218292236,0.0003,-1.1906253218650817,-0.0026159557,1050,9.438498497009277,-0.0024786103632358446,0.2,10.0,2015.75,862.6854813708019
21400,37535,1,0,17.422021245956422,0.0,-0.06674134731292725,0.0003,-1.1965532720088958,0.0057627386,1060,6.916262626647949,-0.006545741161709806,0.2,10.0,2015.75,862.6854813708019
21600,38441,1,0,24.82991075515747,0.0,-0.6983351707458496,0.0003,-1.1361436605453492,8.7943976e-05,1070,12.789508819580078,-0.005322378899785462,0.2,10.0,2015.75,862.6854813708019
21800,38671,1,0,151.96506881713867,0.0,-1.9496407508850098,0.0003,-1.075326883792877,-0.00042377412,1080,57.31406021118164,-0.00048614941938005527,0.2,10.0,2015.75,862.6854813708019
22000,39326,1,0,13.801774549484254,0.018499999679625033,-0.3628408908843994,0.0003,-1.1411995470523835,0.020697372,1090,6.462246417999268,-0.013945647246408033,0.2,10.0,2015.75,862.6854813708019
22200,39494,1,0,22.305351066589356,0.0,-1.3598744869232178,0.0003,-1.112875908613205,-0.0015224251,1100,8.482368469238281,-0.0012042432242594715,0.2,10.0,2015.75,862.6854813708019
22400,38769,1,0,27.654965782165526,0.0,-1.2633771896362305,0.0003,-1.0732528924942017,0.0020044588,1110,14.74885368347168,-0.0028518870324546696,0.2,10.0,2015.75,862.6854813708019
22600,39578,1,0,11.918979930877686,0.03549999874085188,-0.11950874328613281,0.0003,-1.1328729689121246,0.01205897,1120,5.175139904022217,-0.010382910719490468,0.2,10.0,2015.75,862.6854813708019
22800,39460,1,0,20.933929347991942,0.0,-0.19054198265075684,0.0003,-1.057166188955307,0.003281009,1130,10.1470308303833,-0.0018301708998041733,0.2,10.0,2015.75,862.6854813708019
23000,40091,1,0,13.270142221450806,0.0,-0.32081103324890137,0.0003,-1.056848156452179,0.004424687,1140,6.116499900817871,-0.006483487771940233,0.2,10.0,2015.75,862.6854813708019
23200,41892,1,0,6.863067412376404,0.0009999999776482583,-0.43918049335479736,0.0003,-1.0517980098724364,0.0048888586,1150,2.7473621368408203,-0.00624495616101195,0.2,10.0,2015.75,862.6854813708019
23400,41170,1,0,12.353375005722047,0.0,-0.10280895233154297,0.0003,-1.0054346680641175,0.0052929176,1160,5.084794521331787,-0.007494713221676363,0.2,10.0,2015.75,862.6854813708019
23600,40391,1,0,5.243585884571075,0.0,-2.0236334800720215,0.0003,-1.018473920226097,0.00348695,1170,2.007120370864868,-0.0037493555553519188,0.2,10.0,2015.75,862.6854813708019
23800,41210,1,0,5.801340413093567,0.07699999827891588,-0.1219555139541626,0.0003,-1.065480923652649,0.019008292,1180,2.964193105697632,-0.020927133161825616,0.2,10.0,2015.75,862.6854813708019
24000,41389,1,0,6.186849999427795,0.07149999719113112,-0.02040255069732666,0.0003,-1.036636897921562,0.020094693,1190,2.609985589981079,-0.01712291729985722,0.2,10.0,2015.75,862.6854813708019
24200,42458,1,0,2.285186290740967,0.060499997809529305,-0.5266385078430176,0.0003,-1.1177147805690766,0.021530261,1200,0.9216630458831787,-0.009907412566943097,0.2,10.0,2015.75,862.6854813708019
24400,43061,1,0,6.430573034286499,0.05899999821558595,-0.26352226734161377,0.0003,-1.0717018663883209,0.017766058,1210,2.9845328330993652,-0.018556463165441527,0.2,10.0,2015.75,862.6854813708019
24600,43418,1,0,9.527613472938537,0.0009999999776482583,-0.05897319316864014,0.0003,-1.0433708906173706,0.0028540867,1220,3.34317684173584,-0.01008094986254573,0.2,10.0,2015.75,862.6854813708019
24800,42234,1,0,8.007636952400208,0.07499999832361937,-0.044051408767700195,0.0003,-1.0548435986042022,0.01426575,1230,3.8001842498779297,-0.020061578316614037,0.2,10.0,2015.75,862.6854813708019
25000,44381,1,0,5.60394412279129,0.06099999817088246,-0.02633953094482422,0.0003,-1.0676103293895722,0.018360686,1240,1.9663691520690918,-0.011333241248037852,0.2,10.0,2015.75,862.6854813708019
25200,45983,1,0,3.6716522336006165,0.007999999821186066,-0.04271137714385986,0.0003,-1.010683509707451,0.0077593653,1250,1.629944920539856,-0.009909450361039473,0.2,10.0,2015.75,862.6854813708019
25400,43309,1,0,5.672024250030518,0.0004999999888241291,-0.39025425910949707,0.0003,-0.9436231762170791,0.0028638197,1260,1.9974675178527832,-0.004142489838166519,0.2,10.0,2015.75,862.6854813708019
25600,43217,1,0,9.7266916513443,0.0014999999664723873,-0.2862292528152466,0.0003,-0.9449787974357605,-0.00030986243,1270,4.508976936340332,-0.004264083903573734,0.2,10.0,2015.75,862.6854813708019
25800,45150,1,0,2.1516433358192444,0.06099999835714698,0.026341497898101807,0.0003,-0.9564402222633361,0.015453685,1280,0.8748906850814819,-0.018048669523966866,0.2,10.0,2015.75,862.6854813708019
26000,46286,1,0,4.069774389266968,0.010999999567866325,-0.00757753849029541,0.0003,-0.9197064638137817,0.024538277,1290,1.5888950824737549,-0.010022797869983969,0.2,10.0,2015.75,862.6854813708019
26200,46989,1,0,8.328017544746398,0.02799999909475446,0.11372941732406616,0.0003,-0.8918562144041061,-0.0024913189,1300,3.991346597671509,-0.013072022893975443,0.2,10.0,2015.75,862.6854813708019
26400,45598,1,0,8.899944067001343,0.0,-0.708074688911438,0.0003,-0.8279772669076919,0.0009927494,1310,2.5423314571380615,-0.0005508104811013936,0.2,10.0,2015.75,862.6854813708019
26600,46837,1,0,3.4802390217781065,0.04049999872222543,-0.007217049598693848,0.0003,-0.8225818812847138,-0.0002246988,1320,1.5581390857696533,-0.014760175260482367,0.2,10.0,2015.75,862.6854813708019
26800,48040,1,0,2.5949863731861114,0.04899999853223562,0.05992770195007324,0.0003,-0.8427049160003662,0.02394495,1330,1.0676177740097046,-0.01694142747455043,0.2,10.0,2015.75,862.6854813708019
27000,48004,1,0,3.8265708684921265,0.01999999936670065,0.11950105428695679,0.0003,-0.835860225558281,0.017987464,1340,1.7556335926055908,-0.01196090654423454,0.2,10.0,2015.75,862.6854813708019
27200,46191,1,0,8.57309274673462,0.013999999780207873,0.21380603313446045,0.0003,-0.7665015757083893,0.023144867,1350,3.631169080734253,-0.012181294925278063,0.2,10.0,5435.8,862.6854813708019
27400,35911,1,0,51.115173721313475,0.0009999999776482583,0.10926264524459839,0.0003,-0.7801801562309265,0.007163497,1360,26.682050704956055,-0.0011979853771626914,0.2,10.0,5435.8,2323.4022968457175
27600,35314,1,0,8.287110650539399,0.0,-0.2713954448699951,0.0003,-0.7249740988016129,-0.0015484812,1370,2.461012363433838,-0.0005300266158155154,0.2,10.0,5435.8,2323.4022968457175
27800,35926,1,0,16.277314615249633,0.0004999999888241291,0.41160041093826294,0.0003,-0.7514331698417663,0.0007982501,1380,7.031904697418213,-0.004008186414546788,0.2,10.0,5435.8,2323.4022968457175
28000,35317,1,0,5.701256203651428,0.038999999035149814,0.07084023952484131,0.0003,-0.7422773271799088,0.004914276,1390,2.4271106719970703,-0.012713791666930785,0.2,10.0,4664.333333333333,2323.4022968457175
28200,36707,1,0,38.67361092567444,0.0,0.06877845525741577,0.0003,-0.6852832853794097,0.0020078106,1400,12.389613151550293,-0.002927380452980266,0.2,10.0,4664.333333333333,2003.611110402986
28400,36175,1,0,15.109113264083863,0.0,-0.12761545181274414,0.0003,-0.7127108991146087,-0.00033380568,1410,3.8946480751037598,-0.0004065558255252455,0.2,10.0,4664.333333333333,2003.611110402986
28600,36329,1,0,3.5259485125541685,0.004999999888241291,0.6991037726402283,0.0003,-0.7375225573778152,0.014607273,1420,1.563541054725647,-0.006236597337177585,0.2,10.0,4664.333333333333,2003.611110402986
28800,36730,1,0,10.145033645629884,0.024999999441206455,0.14768564701080322,0.0003,-0.7487691372632981,0.008743329,1430,5.961257457733154,-0.011271290354721719,0.2,10.0,4664.333333333333,2003.611110402986
29000,36853,1,0,4.705878019332886,0.05399999786168337,0.39101463556289673,0.0003,-0.7285235911607743,0.0042568995,1440,1.9241539239883423,-0.0189397517312317,0.2,10.0,4664.333333333333,2003.611110402986
29200,37318,1,0,8.584652280807495,0.021499999333173037,0.09714323282241821,0.0003,-0.7217180609703064,0.0012489005,1450,3.8040659427642822,-0.008736368852551024,0.2,10.0,4664.333333333333,2003.611110402986
29400,37846,1,0,7.604426264762878,0.04599999943748116,0.3801112771034241,0.0003,-0.6942713856697083,0.0029904987,1460,3.762310266494751,-0.01598169076270999,0.2,10.0,4664.333333333333,2003.611110402986
29600,37674,1,0,2.8948983430862425,0.02499999925494194,0.3736644387245178,0.0003,-0.6781054228544235,-0.0017127674,1470,1.3661890029907227,-0.010063010610465283,0.2,10.0,4664.333333333333,2003.611110402986
29800,39962,1,0,3.7262908220291138,0.023999999277293682,0.1262054443359375,0.0003,-0.641720786690712,-0.004883785,1480,1.6620244979858398,-0.012422302223276383,0.2,10.0,4664.333333333333,2003.611110402986
30000,40166,1,0,6.178801822662353,0.037499999068677424,0.23067766427993774,0.0003,-0.6845245808362961,0.017244676,1490,2.8172338008880615,-0.012357113205711378,0.2,10.0,4664.333333333333,2003.611110402986
30200,38347,1,0,1.1220362544059754,0.06449999855831265,0.7636841982603073,0.0003,-0.622666648030281,0.03308818,1500,0.473251074552536,-0.016390603252977608,0.2,10.0,4664.333333333333,2003.611110402986
30400,40339,1,0,9.826879930496215,0.0014999999664723873,0.37654608488082886,0.0003,-0.6056113809347152,-0.0005972653,1510,4.328467845916748,-0.000965261288365582,0.2,10.0,4664.333333333333,2003.611110402986
30600,40731,1,0,18.78532772064209,0.017999999597668646,0.2562515139579773,0.0003,-0.577529975771904,0.0017755794,1520,8.29732608795166,-0.007528395324624881,0.2,10.0,4664.333333333333,2003.611110402986
30800,38963,1,0,5.6284188508987425,0.02349999938160181,0.09342116117477417,0.0003,-0.5807472705841065,0.0053159758,1530,2.5855531692504883,-0.011449211730243469,0.2,10.0,4664.333333333333,2003.611110402986
31000,42229,1,0,8.827631759643555,0.038999998662620786,-0.48106658458709717,0.0003,-0.5393720880150795,0.017467255,1540,4.6966166496276855,-0.01348457819642519,0.2,10.0,4664.333333333333,2003.611110402986
31200,42911,1,0,4.171483111381531,0.022999999392777682,0.36573725938796997,0.0003,-0.6176296263933182,0.012188597,1550,0.9196186661720276,-0.006216969567569386,0.2,10.0,4664.333333333333,2003.611110402986
31400,43664,1,0,2.642579436302185,0.06399999847635626,0.25994962453842163,0.0003,-0.6003319621086121,0.032699145,1560,1.0111336708068848,-0.016438690554816303,0.2,10.0,4664.333333333333,2003.611110402986
31600,42052,1,0,6.817487096786499,0.06549999844282865,0.39379703998565674,0.0003,-0.565876019001007,0.01663271,1570,2.998133897781372,-0.020842878583818704,0.2,10.0,4664.333333333333,2003.611110402986
31800,40825,1,0,8.048953318595887,0.08849999727681279,0.2523765563964844,0.0003,-0.5512433379888535,0.0233539,1580,3.5102083683013916,-0.018204474122001546,0.2,10.0,4664.333333333333,2003.611110402986
32000,44684,1,0,4.673726487159729,0.04649999877437949,0.10475510358810425,0.0003,-0.5006067648530006,0.018529529,1590,2.0973453521728516,-0.014227522946159255,0.2,10.0,4664.333333333333,2003.611110402986
32200,41148,1,0,4.345636868476868,0.04949999889358878,0.11074411869049072,0.0003,-0.5143076941370964,0.030386124,1600,2.0102412700653076,-0.016688622864952783,0.2,10.0,4664.333333333333,2003.611110402986
32400,41539,1,0,4.9531374216079715,0.01749999960884452,0.06536191701889038,0.0003,-0.4696124106645584,0.0050801453,1610,2.587620973587036,-0.00784178990249349,0.2,10.0,4664.333333333333,2003.611110402986
32600,41736,1,0,3.082754909992218,0.06849999809637666,0.412653386592865,0.0003,-0.48799561709165573,0.010569873,1620,1.2357099056243896,-0.012182814436469925,0.2,10.0,4664.333333333333,2003.611110402986
32800,42855,1,0,4.433206474781036,0.019499999564141036,-0.49256348609924316,0.0003,-0.4607125923037529,0.0060898233,1630,1.5551077127456665,-0.007529276810237207,0.2,10.0,4664.333333333333,2003.611110402986
33000,43271,1,0,5.599412679672241,0.03899999968707561,0.31023091077804565,0.0003,-0.43556375950574877,-0.0063020843,1640,2.2714109420776367,-0.007991513974615394,0.2,10.0,4664.333333333333,2003.611110402986
33200,42869,1,0,4.753299725055695,0.005999999865889549,0.09628421068191528,0.0003,-0.4651605874300003,0.010123927,1650,1.6609290838241577,-0.004193628105669589,0.2,10.0,4664.333333333333,2003.611110402986
33400,43573,1,0,2.416538470983505,0.02799999909475446,0.38625669479370117,0.0003,-0.41993733644485476,0.012076993,1660,1.0066176652908325,-0.007345918951643382,0.2,10.0,4664.333333333333,2003.611110402986
33600,44418,1,0,1.4503308713436127,0.13399999551475048,0.6348052024841309,0.0003,-0.44898692667484286,0.047549862,1670,0.6232137680053711,-0.0249166015395895,0.2,10.0,4664.333333333333,2003.611110402986
33800,43869,1,0,2.733401870727539,0.04999999850988388,0.4464024305343628,0.0003,-0.3867828831076622,0.007180935,1680,1.2267183065414429,-0.01102360546553971,0.2,10.0,4664.333333333333,2003.611110402986
34000,45208,1,0,1.7006384611129761,0.037999998591840264,0.6206258833408356,0.0003,-0.3780580207705498,0.019926682,1690,0.7597289681434631,-0.005339928459870791,0.2,10.0,4853.857142857143,2003.611110402986
34200,45896,1,0,80.16247596740723,0.011499999556690454,0.05662745237350464,0.0003,-0.36010338068008424,0.010319772,1700,33.415164947509766,-0.007151322151796191,0.2,10.0,4853.857142857143,2126.4519841824517
34400,43087,1,0,6.158834207057953,0.007999999821186066,-0.7627760171890259,0.0003,-0.41645771116018293,0.014020313,1710,1.705520510673523,-0.006678240229404775,0.2,10.0,3821.3333333333335,2126.4519841824517
34600,44718,1,0,120.42932891845703,0.02149999951943755,0.15031152963638306,0.0003,-0.37521045804023745,-0.0027066385,1720,54.641902923583984,-0.005161967898849973,0.2,10.0,3821.3333333333335,1675.8189302776107
34800,46011,1,0,19.333831071853638,0.0,-1.8847815990447998,0.0003,-0.3922800451517105,0.0035996812,1730,2.812120199203491,-0.0025302505520012454,0.2,10.0,3821.3333333333335,1675.8189302776107
35000,45339,1,0,3.988567817211151,0.014999999478459359,-0.2918318510055542,0.0003,-0.388119550049305,-0.00681281,1740,1.2286969423294067,-0.004627801010880006,0.2,10.0,3484.2,1675.8189302776107
35200,47023,1,0,67.05643329620361,0.015999999642372132,0.03915530443191528,0.0003,-0.3958174303174019,0.0033224314,1750,32.80443572998047,-0.007782190546829959,0.2,10.0,3484.2,1532.5716040805312
35400,47833,1,0,2.550215297937393,0.022999999206513168,0.060587286949157715,0.0003,-0.35991821736097335,0.010635438,1760,0.8097374439239502,-0.007965846182545654,0.2,10.0,3484.2,1532.5716040805312
35600,45611,1,0,2.1884877681732178,0.05549999848008156,0.5909329950809479,0.0003,-0.3604479178786278,0.014803708,1770,0.8507713079452515,-0.013140105905244148,0.2,10.0,3231.818181818182,1532.5716040805312
35800,46669,1,0,71.07582263946533,0.029499998781830072,0.04545682668685913,0.0003,-0.3412237137556076,0.0078034676,1780,32.01602554321289,-0.006880416632164277,0.2,10.0,2978.0,1424.308495838467
36000,44808,1,0,64.22385330200196,0.010999999660998582,0.1114349365234375,0.0003,-0.37271689176559447,0.0053561213,1790,37.406471252441406,-0.00603183593638823,0.2,10.0,2978.0,1314.393741164348
36200,46439,1,0,5.06250010728836,0.0019999999552965165,0.17895787954330444,0.0003,-0.33841143250465394,0.0058222134,1800,1.801358699798584,-0.0025691448853393693,0.2,10.0,2978.0,1314.393741164348
36400,47518,1,0,4.8011767864227295,0.0029999999329447745,0.4785500168800354,0.0003,-0.35041435807943344,0.0023201793,1810,2.0943026542663574,-0.0026169785365055985,0.2,10.0,2798.3076923076924,1314.393741164348
36600,47595,1,0,63.26175785064697,0.03349999925121665,0.05946451425552368,0.0003,-0.36204983741045,0.013543256,1820,34.32437515258789,-0.00921568510920041,0.2,10.0,2798.3076923076924,1242.4894872913922
36800,49046,1,0,4.898685503005981,0.020499999448657037,0.40648871660232544,0.0003,-0.32711019068956376,0.0019988024,1830,2.009718656539917,-0.009144231152371418,0.2,10.0,2798.3076923076924,1242.4894872913922
37000,46254,1,0,2.827892315387726,0.04149999916553497,0.5922792255878448,0.0003,-0.3447701811790466,0.010704809,1840,1.3306856155395508,-0.007691998087975627,0.2,10.0,2798.3076923076924,1242.4894872913922
37200,48514,1,0,3.397813653945923,0.06049999846145511,0.3393546938896179,0.0003,-0.3511813819408417,0.020584915,1850,1.4878132343292236,-0.008965631152619613,0.2,10.0,2474.9333333333334,1242.4894872913922
37400,48950,1,0,166.42819480895997,0.02099999925121665,0.027714073657989502,0.0003,-0.3314815193414688,0.008729778,1860,80.13431549072266,-0.004729994614841448,0.2,10.0,2474.9333333333334,1104.1282355472658
37600,48958,1,0,4.131728637218475,0.019999999552965164,-0.2906390428543091,0.0003,-0.30799082964658736,0.012915494,1870,1.2228578329086304,-0.004975170011188279,0.2,10.0,2474.9333333333334,1104.1282355472658
37800,50414,1,0,4.080328154563904,0.06399999810382724,0.4892932176589966,0.0003,-0.3417830094695091,0.046761252,1880,1.4397655725479126,-0.023061303478199947,0.2,10.0,2474.9333333333334,1104.1282355472658
38000,50901,1,0,7.992363023757934,0.016499999538064004,0.5201037228107452,0.0003,-0.3451319381594658,0.010421218,1890,3.252469301223755,-0.006614055237354322,0.2,10.0,2474.9333333333334,1104.1282355472658
38200,50787,1,0,10.521794033050536,0.007499999832361937,0.5838097035884857,0.0003,-0.35689460188150407,0.00870147,1900,4.22670316696167,-0.005793525598710403,0.2,10.0,2474.9333333333334,1104.1282355472658
38400,49466,1,0,2.233131992816925,0.10349999619647861,0.44443923234939575,0.0003,-0.34972410947084426,0.04553292,1910,0.9347854256629944,-0.013684969431138505,0.2,10.0,2474.9333333333334,1104.1282355472658
38600,52704,1,0,5.5985195398330685,0.023999999277293682,0.27075815200805664,0.0003,-0.3387729421257973,0.01291558,1920,1.6284974813461304,-0.004665214609885737,0.2,10.0,2474.9333333333334,1104.1282355472658
38800,51704,1,0,2.4577631175518038,0.028999999258667232,0.3693496584892273,0.0003,-0.31306210458278655,0.01703897,1930,0.7930130958557129,-0.010751049556398584,0.2,10.0,2474.9333333333334,1104.1282355472658
39000,48880,1,0,2.320236837863922,0.0524999980814755,0.6686260998249054,0.0003,-0.3297728881239891,0.018453047,1940,0.9286426901817322,-0.010197073501432907,0.2,10.0,2474.9333333333334,1104.1282355472658
39200,50776,1,0,5.111071979999542,0.06349999792873859,0.42396634817123413,0.0003,-0.3081250101327896,0.02202644,1950,2.1320745944976807,-0.011347353956924055,0.2,10.0,2474.9333333333334,1104.1282355472658
39400,50734,1,0,11.122592782974243,0.011499999742954969,0.05280661582946777,0.0003,-0.30055237710475924,0.011795588,1960,4.757200241088867,-0.008123573015443997,0.2,10.0,2474.9333333333334,1104.1282355472658
39600,51625,1,0,11.403905487060547,0.02649999912828207,0.5118637979030609,0.0003,-0.26918923705816267,0.014487684,1970,4.585051536560059,-0.009026340292735746,0.2,10.0,2474.9333333333334,1104.1282355472658
39800,51253,1,0,5.484572768211365,0.088999998383224,0.42884236574172974,0.0003,-0.2748419798910618,0.03387981,1980,2.336205005645752,-0.012426600953098355,0.2,10.0,2474.9333333333334,1104.1282355472658
40000,53576,1,0,3.025347852706909,0.051999999303370716,0.386935293674469,0.0003,-0.28317140489816667,0.017010013,1990,1.3235771656036377,-0.010590725653850308,0.2,10.0,2474.9333333333334,1104.1282355472658
40200,51184,1,0,1.2724807500839233,0.12049999609589576,0.5791869759559631,0.0003,-0.28922493755817413,0.017036757,2000,0.4367927312850952,-0.015548963911132852,0.2,10.0,2474.9333333333334,1104.1282355472658
40400,52039,1,0,1.4008338540792464,0.04449999900534749,0.6444208025932312,0.0003,-0.24181256890296937,0.011033681,2010,0.5196669697761536,-0.0041434099069446615,0.2,10.0,2474.9333333333334,1104.1282355472658
40600,51683,1,0,1.9880318999290467,0.06899999873712659,0.5512765347957611,0.0003,-0.25650949850678445,0.061183497,2020,0.7575363516807556,-0.012127903628395841,0.2,10.0,2532.0625,1104.1282355472658
40800,54026,1,0,106.6386962890625,0.05199999855831265,0.0462416410446167,0.0003,-0.27777700796723365,-0.001516988,2030,48.95724868774414,0.002522971699712784,0.2,10.0,2532.0625,1153.3619124482489
41000,52441,1,0,2.0335496962070465,0.054999998025596145,0.49374133348464966,0.0003,-0.27162167653441427,0.016968466,2040,0.9136273264884949,-0.013495657968451268,0.2,10.0,2532.0625,1153.3619124482489
41200,51839,1,0,5.281164836883545,0.03299999916926026,0.532023012638092,0.0003,-0.22799835726618767,0.019621212,2050,2.16416335105896,-0.007239370117196842,0.2,10.0,2532.0625,1153.3619124482489
41400,52749,1,0,6.866986560821533,0.07449999852105975,0.3655812740325928,0.0003,-0.24106847047805785,0.028936664,2060,3.055081844329834,-0.01045438424806342,0.2,10.0,2532.0625,1153.3619124482489
41600,53166,1,0,2.2234794080257414,0.052999998722225425,0.5991160571575165,0.0003,-0.28327898383140565,0.02587842,2070,0.832353413105011,-0.010622421141888338,0.2,10.0,2307.722222222222,1153.3619124482489
41800,53357,1,0,211.87126617431642,0.007999999821186066,0.027759432792663574,0.0003,-0.26946764811873436,0.0061529437,2080,95.00738525390625,0.0022869135918444526,0.2,10.0,2307.722222222222,1058.7307784929333
42000,55244,1,0,0.8096941828727722,0.10599999716505408,0.8105055391788483,0.0003,-0.31253663301467893,0.07647494,2090,0.2075909674167633,-0.017744222932611596,0.2,10.0,2095.75,1058.7307784929333
42200,54540,1,0,197.79117813110352,0.05749999787658453,0.04748237133026123,0.0003,-0.32898935824632647,0.017240012,2100,92.4395523071289,-0.006816680954812781,0.2,10.0,2095.75,962.6984276067946
42400,55437,1,0,3.349575734138489,0.06899999836459755,0.45679205656051636,0.0003,-0.3289796024560928,0.008792651,2110,1.4831498861312866,-0.013954832096613235,0.2,10.0,2010.142857142857,962.6984276067946
42600,55015,1,0,79.18154964447021,0.022499999310821295,0.1411193609237671,0.0003,-0.3215974286198616,0.005856736,2120,42.88528060913086,-0.0075050622776907435,0.2,10.0,2010.142857142857,923.6843100022086
42800,53775,1,0,4.289984399080277,0.01649999963119626,0.06499582529067993,0.0003,-0.30978438407182696,0.011813939,2130,1.0589039325714111,-0.006563864198513336,0.2,10.0,2010.142857142857,923.6843100022086
43000,56225,1,0,1.0676007598638535,0.025499999336898328,0.729438066482544,0.0003,-0.29336550310254095,0.010410796,2140,0.2857210040092468,-0.010040088359033694,0.2,10.0,2010.142857142857,923.6843100022086
43200,55912,1,0,2.5871123552322386,0.09649999737739563,0.5576992928981781,0.0003,-0.2901416480541229,0.0046206648,2150,0.6716263294219971,-0.013313584052361094,0.2,10.0,2010.142857142857,923.6843100022086
43400,55400,1,0,5.270218372344971,0.013999999687075614,-0.0010504722595214844,0.0003,-0.2610525764524937,0.007227164,2160,1.5966978073120117,-0.003241967711961635,0.2,10.0,1966.1818181818182,923.6843100022086
43600,58123,1,0,82.95303764343262,0.014499999675899744,0.05326753854751587,0.0003,-0.2720527946949005,0.0116558615,2170,27.242734909057617,-0.004205201429140359,0.2,10.0,1966.1818181818182,904.6817187948583
43800,55206,1,0,4.685750335454941,0.005499999970197678,-4.049902439117432,0.0003,-0.27531359940767286,0.008265214,2180,0.8196300864219666,-0.0022748411184838834,0.2,10.0,1966.1818181818182,904.6817187948583
44000,55987,1,0,2.0197027921676636,0.09049999769777059,0.49656909704208374,0.0003,-0.2749229796230793,0.003360656,2190,0.7928678393363953,-0.015214060478145264,0.2,10.0,1966.1818181818182,904.6817187948583
44200,60626,1,0,1.9653284788131713,0.07599999867379666,0.6139197051525116,0.0003,-0.25592544078826907,-0.0032368267,2200,0.6193427443504333,-0.011070092547321053,0.2,10.0,1915.2608695652175,904.6817187948583
44400,56569,1,0,92.03809280395508,0.05499999867752194,0.09223908185958862,0.0003,-0.23515281155705453,0.021739546,2210,36.1518669128418,-0.006488980289024759,0.2,10.0,1915.2608695652175,883.828142274746
44600,62287,1,0,1.361140987277031,0.0794999991543591,0.5907849073410034,0.0003,-0.24001058638095857,0.034656648,2220,0.4366311728954315,-0.015902546351309877,0.2,10.0,1915.2608695652175,883.828142274746
44800,60959,1,0,4.717796051502228,0.03699999889358878,0.5349887907505035,0.0003,-0.23062710016965865,0.005349663,2230,1.5448781251907349,-0.0072845788714476,0.2,10.0,1915.2608695652175,883.828142274746
45000,57232,1,0,4.4816949486732485,0.03849999876692891,0.5897239744663239,0.0003,-0.23478056788444518,0.003603533,2240,1.16929030418396,-0.009568543753353786,0.2,10.0,1915.2608695652175,883.828142274746
45200,57997,1,0,1.9184905230998992,0.053999999351799485,0.7828225046396255,0.0003,-0.21006058529019356,0.0093546985,2250,0.585455596446991,-0.007951316895079863,0.2,10.0,1915.2608695652175,883.828142274746
45400,61402,1,0,2.157076805830002,0.05049999840557575,0.5128840208053589,0.0003,-0.21698826774954796,0.016500803,2260,1.10220468044281,-0.007954184002534026,0.2,10.0,1915.2608695652175,883.828142274746
45600,60913,1,0,0.5188950538635254,0.04499999843537807,0.8047933578491211,0.0003,-0.20960241928696632,0.028990488,2270,0.15636752545833588,-0.012769389111548657,0.2,10.0,1915.2608695652175,883.828142274746
45800,58740,1,0,3.4634065985679627,0.08249999759718776,0.5634082853794098,0.0003,-0.22770685106515884,0.024533998,2280,1.194671869277954,-0.009165060031926232,0.2,10.0,1915.2608695652175,883.828142274746
46000,57984,1,0,3.267245364189148,0.03099999874830246,0.5585963129997253,0.0003,-0.22116526886820792,0.009287103,2290,1.4077023267745972,-0.007220173404508401,0.2,10.0,1915.2608695652175,883.828142274746
46200,59453,1,0,3.458551514148712,0.025499999336898328,0.6688831448554993,0.0003,-0.20631689205765724,-0.0009830743,2300,1.1743742227554321,-0.0065037714429855955,0.2,10.0,1915.2608695652175,883.828142274746
46400,59643,1,0,1.7741523861885071,0.04699999885633588,0.6351693868637085,0.0003,-0.20999452397227286,0.0042062816,2310,0.6158487796783447,-0.01023904720798594,0.2,10.0,1915.2608695652175,883.828142274746
46600,62545,1,0,1.0091564118862153,0.05849999841302633,0.7721944004297256,0.0003,-0.20744688883423806,0.022225892,2320,0.30412453413009644,-0.010238565183710292,0.2,10.0,1915.2608695652175,883.828142274746
46800,60073,1,0,1.0912140369415284,0.08999999649822712,0.5098972618579865,0.0003,-0.22371136024594307,0.049114272,2330,0.4598979651927948,-0.014261361257813476,0.2,10.0,1915.2608695652175,883.828142274746
47000,62866,1,0,1.3412016034126282,0.07999999821186066,0.5335019826889038,0.0003,-0.2189827963709831,0.01599279,2340,0.5814918875694275,-0.013125537115382047,0.2,10.0,1915.2608695652175,883.828142274746
47200,63210,1,0,0.5112938910722733,0.03249999899417162,0.7123091518878937,0.0003,-0.2354493446648121,0.011882048,2350,0.19797317683696747,-0.004862773542248755,0.2,10.0,1915.2608695652175,883.828142274746
47400,61220,1,0,0.35847470462322234,0.0649999980814755,0.7406629621982574,0.0003,-0.24993262812495232,0.04672156,2360,0.12196432054042816,-0.016737864620750775,0.2,10.0,1915.2608695652175,883.828142274746
47600,60511,1,0,2.2999674320220946,0.07849999750033021,0.5154532194137573,0.0003,-0.31444713920354844,0.022379708,2370,0.7879277467727661,-0.0054185821026040415,0.2,10.0,1915.2608695652175,883.828142274746
47800,62655,1,0,1.6967957675457002,0.06349999802187085,0.6539913713932037,0.0003,-0.3109551578760147,-0.0005445257,2380,0.6040414571762085,-0.010308264401944989,0.2,10.0,1915.2608695652175,883.828142274746
48000,65809,1,0,1.6805247128009797,0.1194999965839088,0.6611653566360474,0.0003,-0.3534558802843094,0.024334945,2390,0.668586015701294,-0.023855385250120875,0.2,10.0,1915.2608695652175,883.828142274746
48200,63315,1,0,0.7242321819067001,0.0544999991543591,0.7805321365594864,0.0003,-0.2841653473675251,0.004471709,2400,0.2637784481048584,-0.010893231052788898,0.2,10.0,1915.2608695652175,883.828142274746
48400,63629,1,0,2.4388359606266024,0.021999999415129423,0.602963387966156,0.0003,-0.2437661126255989,-0.00060546456,2410,0.894938588142395,-0.006434586722796709,0.2,10.0,1915.2608695652175,883.828142274746
48600,61945,1,0,6.153319025039673,0.0064999998547136785,-0.35367798805236816,0.0003,-0.22933551147580147,0.003689494,2420,1.2915613651275635,-0.0029135091024218075,0.2,10.0,1915.2608695652175,883.828142274746
48800,64347,1,0,4.039025366306305,0.008999999798834323,-1.5733983516693115,0.0003,-0.22372839376330375,0.004174603,2430,1.0960451364517212,-0.0015419446038285045,0.2,10.0,1915.2608695652175,883.828142274746
49000,62275,1,0,4.9382563829422,0.0,-1.610727310180664,0.0003,-0.2218945451080799,1.4429097e-05,2440,1.3564159870147705,-0.0011190246127080528,0.2,10.0,1915.2608695652175,883.828142274746
49200,65723,1,0,2.0343104720115663,0.0054999998770654205,0.1618974804878235,0.0003,-0.20354391112923623,-0.00074205745,2450,0.5318098068237305,-0.003804020562412802,0.2,10.0,1915.2608695652175,883.828142274746
49400,62011,1,0,1.4445701092481613,0.009999999776482582,0.40711694955825806,0.0003,-0.2011871285736561,0.0077148178,2460,0.500948429107666,-0.003803533547725202,0.2,10.0,1915.2608695652175,883.828142274746
49600,62494,1,0,0.9699757307767868,0.030499999318271874,0.7006140649318695,0.0003,-0.19160131961107255,0.0047979206,2470,0.44670021533966064,-0.010072371247225398,0.2,10.0,1915.2608695652175,883.828142274746
49800,66419,1,0,0.9235772132873535,0.03599999938160181,0.49561595916748047,0.0003,-0.18155313432216644,0.019904573,2480,0.22830374538898468,-0.008866016103769647,0.2,10.0,1915.2608695652175,883.828142274746
50000,63400,1,0,0.8760036826133728,0.07299999818205834,0.632667064666748,0.0003,-0.16678882464766503,0.07044082,2490,0.4342341721057892,-0.016050062395632204,0.2,10.0,1915.2608695652175,883.828142274746
50200,68222,1,0,0.6036593094468117,0.05999999800696969,0.7956547141075134,0.0003,-0.1630854479968548,0.060182944,2500,0.20846688747406006,-0.017079259741469243,0.2,10.0,1915.2608695652175,883.828142274746
50400,65812,1,0,2.193290728330612,0.04649999896064401,0.8924397528171539,0.0003,-0.1730109952390194,0.010407342,2510,0.4443250000476837,-0.007094105148920704,0.2,10.0,1915.2608695652175,883.828142274746
50600,65146,1,0,1.1454579025506972,0.04649999868124723,0.7638492435216904,0.0003,-0.17341813668608666,2.9636081e-05,2520,0.4821527600288391,-0.009805794306084793,0.2,10.0,1915.2608695652175,883.828142274746
50800,64526,1,0,0.21047566831111908,0.07399999834597111,0.9283750504255295,0.0003,-0.16274173632264138,0.04609309,2530,0.06459997594356537,-0.01269622420426444,0.2,10.0,1915.2608695652175,883.828142274746
51000,71634,1,0,0.4757248505949974,0.040499998908489945,0.8609625399112701,0.0003,-0.17417006492614745,0.0010549788,2540,0.12610802054405212,-0.006320030343602401,0.2,10.0,1915.2608695652175,883.828142274746
51200,66560,1,0,0.7571849793195724,0.04199999887496233,0.6599138379096985,0.0003,-0.18301844745874404,0.003936318,2550,0.3469800651073456,-0.007135306232812599,0.2,10.0,1915.2608695652175,883.828142274746
51400,66738,1,0,0.2034234307706356,0.03599999910220504,0.9110279008746147,0.0003,-0.1839294970035553,0.017487373,2560,0.05439618229866028,-0.007163220766815215,0.2,10.0,1915.2608695652175,883.828142274746
51600,65346,1,0,0.45268748998641967,0.06099999817088246,0.8842001035809517,0.0003,-0.23533245101571082,0.007600233,2570,0.16042006015777588,-0.003936429780907913,0.2,10.0,1915.2608695652175,883.828142274746
51800,66505,1,0,0.4466026328504086,0.06049999799579382,0.9178147092461586,0.0003,-0.27611354142427447,0.023058433,2580,0.10724911093711853,-0.006586280151445046,0.2,10.0,1915.2608695652175,883.828142274746
52000,69703,1,0,0.15845875553786753,0.09249999755993485,0.9255601689219475,0.0003,-0.2081419363617897,0.0141470125,2590,0.049640070647001266,-0.011614937255158964,0.2,10.0,1915.2608695652175,883.828142274746
52200,68329,1,0,0.7465430125594139,0.07299999855458736,0.8462720215320587,0.0003,-0.2496057316660881,0.011883307,2600,0.2151293158531189,-0.009345113532152283,0.2,10.0,1915.2608695652175,883.828142274746
52400,70101,1,0,0.336395163834095,0.06299999877810478,0.8329809308052063,0.0003,-0.2487378403544426,-0.0013077827,2610,0.08885255455970764,-0.011653343461803089,0.2,10.0,1915.2608695652175,883.828142274746
52600,68972,1,0,0.9171357750892639,0.07099999813362956,0.744548112154007,0.0003,-0.22546265572309493,0.04344923,2620,0.3962577283382416,-0.009499046631856346,0.2,10.0,1915.2608695652175,883.828142274746
52800,67368,1,0,0.7973613262176513,0.007499999832361937,0.8206740468740463,0.0003,-0.2004467397928238,0.007302954,2630,0.22359484434127808,-0.005003280978533553,0.2,10.0,1915.2608695652175,883.828142274746
53000,68396,1,0,1.9815002799034118,0.024999999161809682,0.5716204941272736,0.0003,-0.21211134046316146,0.01106534,2640,0.48702865839004517,-0.005893325699493257,0.2,10.0,1915.2608695652175,883.828142274746
53200,67221,1,0,2.4192222356796265,0.013999999687075614,0.9169571325182915,0.0003,-0.19146736040711404,-0.0051894924,2650,0.6090747117996216,-0.003339620707791191,0.2,10.0,1915.2608695652175,883.828142274746
53400,68806,1,0,0.967444159090519,0.019499999564141036,0.8923133537173271,0.0003,-0.2115810327231884,0.0095257275,2660,0.21408706903457642,-0.0037617567642008964,0.2,10.0,1915.2608695652175,883.828142274746
53600,69105,1,0,1.1730714857578277,0.08949999669566751,0.6156438589096069,0.0003,-0.22473181113600732,0.04898022,2670,0.4859316647052765,-0.013569194044277522,0.2,10.0,1915.2608695652175,883.828142274746
53800,71653,1,0,0.2327681839466095,0.031999998912215236,0.9371389374136925,0.0003,-0.21286579072475434,0.003131656,2680,0.06403107196092606,-0.007543729491299089,0.2,10.0,1915.2608695652175,883.828142274746
54000,68280,1,0,0.4300191953778267,0.03599999891594052,0.8350058197975159,0.0003,-0.2125830128788948,0.018144859,2690,0.18157151341438293,-0.008228769586072281,0.2,10.0,1915.2608695652175,883.828142274746
54200,72871,1,0,0.24619782492518424,0.037999998405575754,0.9172859117388725,0.0003,-0.22705680951476098,0.010752779,2700,0.06342200189828873,-0.00974275880190536,0.2,10.0,1915.2608695652175,883.828142274746
54400,69931,1,0,0.9360453009605407,0.02399999964982271,0.8772025629878044,0.0003,-0.2227008618414402,0.009235728,2710,0.2331547737121582,-0.004412768623064034,0.2,10.0,2260.2083333333335,883.828142274746
54600,70764,1,0,110.655002784729,0.007999999728053809,0.057790398597717285,0.0003,-0.2204149141907692,0.0029902768,2720,69.04132080078125,-0.005365155989700732,0.2,10.0,2260.2083333333335,1079.4540928563397
54800,72436,1,0,0.20729189962148667,0.07999999821186066,0.9093244671821594,0.0003,-0.21140291765332223,0.0012120339,2730,0.044174693524837494,-0.009256086859866564,0.2,10.0,2260.2083333333335,1079.4540928563397
55000,71618,1,0,1.8701542735099792,0.021499999426305295,0.7718861699104309,0.0003,-0.2253996856510639,0.0097813085,2740,0.6406769752502441,-0.0006331317109870671,0.2,10.0,2260.2083333333335,1079.4540928563397
55200,73783,1,0,0.3250904597342014,0.007499999832361937,0.8844528645277023,0.0003,-0.21465431824326514,-0.0032245289,2750,0.08822482079267502,-0.005427298229187727,0.2,10.0,2260.2083333333335,1079.4540928563397
55400,76503,1,0,0.13552478216588498,0.03349999887868762,0.9037759602069855,0.0003,-0.2005012460052967,0.0127687575,2760,0.026839256286621094,-0.007139505201485008,0.2,10.0,2260.2083333333335,1079.4540928563397
55600,73138,1,0,0.20515731498599052,0.05399999860674143,0.9097379893064499,0.0003,-0.20448594465851783,0.020831352,2770,0.05569764971733093,-0.009763184322742724,0.2,10.0,2260.2083333333335,1079.4540928563397
55800,73038,1,0,0.5048652194440365,0.0129999996162951,0.9483850374817848,0.0003,-0.199182690680027,0.016041724,2780,0.1118728294968605,-0.004149292821224648,0.2,10.0,2260.2083333333335,1079.4540928563397
56000,72416,1,0,0.3901824191212654,0.08449999811127781,0.9501209817826748,0.0003,-0.20796914249658585,0.02931917,2790,0.10852058976888657,-0.010101571928476716,0.2,10.0,2260.2083333333335,1079.4540928563397
56200,74963,1,0,0.37161082550883295,0.021499999146908522,0.9152883142232895,0.0003,-0.23106255978345872,0.02486709,2800,0.06510848551988602,-0.00852911331056383,0.2,10.0,2260.2083333333335,1079.4540928563397
56400,73844,1,0,0.3240060031414032,0.03449999904260039,0.8988660722970963,0.0003,-0.20064132139086724,-0.009878701,2810,0.060657817870378494,-0.006762946301547501,0.2,10.0,2260.2083333333335,1079.4540928563397
56600,74488,1,0,0.4073653623461723,0.025499998964369296,0.8400215804576874,0.0003,-0.18867115527391434,0.008653905,2820,0.06798577308654785,-0.007959741109283769,0.2,10.0,2260.2083333333335,1079.4540928563397
56800,74793,1,0,0.1272441228851676,0.053499998338520524,0.8905051946640015,0.0003,-0.1505676943808794,0.05242383,2830,0.016894549131393433,-0.007371122445678347,0.2,10.0,2260.2083333333335,1079.4540928563397
57000,76918,1,0,0.41360642686486243,0.06099999798461795,0.8950862735509872,0.0003,-0.16431551203131675,0.032894917,2840,0.06935235857963562,-0.009430596559890514,0.2,10.0,2260.2083333333335,1079.4540928563397
57200,76262,1,0,0.6135539725422859,0.03449999885633588,0.7840807437896729,0.0003,-0.18499609529972078,0.014420573,2850,0.2347133755683899,-0.01031414680427405,0.2,10.0,2283.64,1079.4540928563397
57400,74265,1,0,105.42907657623292,0.016499999538064004,0.037018418312072754,0.0003,-0.19843804761767386,-0.0027989065,2860,50.52463150024414,-0.004405675555113708,0.2,10.0,2283.64,1099.3185716966263
57600,76287,1,0,0.5945112645626068,0.007999999821186066,0.9055196046829224,0.0003,-0.18645863384008407,-0.0060960706,2870,0.08139190077781677,-0.006268291377175039,0.2,10.0,2283.64,1099.3185716966263
57800,75231,1,0,0.27349551767110825,0.06749999886378646,0.9283497706055641,0.0003,-0.201979810744524,0.06828565,2880,0.03298892080783844,-0.009997663121641364,0.2,10.0,2283.64,1099.3185716966263
58000,80989,1,0,1.4530076682567596,0.1034999975003302,0.6928680539131165,0.0003,-0.20079324170947074,-0.003059512,2890,0.5238634347915649,-0.006012207013613047,0.2,10.0,2283.64,1099.3185716966263
58200,76161,1,0,1.1399133816361426,0.038999998662620786,0.7337048649787903,0.0003,-0.18864384964108466,-0.012983746,2900,0.1659042239189148,-0.006576086821383775,0.2,10.0,2234.1923076923076,1099.3185716966263
58400,75891,1,0,104.0630033493042,0.02249999949708581,0.05390286445617676,0.0003,-0.2009318709373474,-0.005182815,2910,55.39865493774414,-2.108573781880452e-05,0.2,10.0,2234.1923076923076,1077.5009968534464
58600,79161,1,0,0.8825669437646866,0.016999999526888132,0.6105494797229767,0.0003,-0.18906062096357346,0.009051928,2920,0.10755686461925507,-0.002906170044298051,0.2,10.0,2234.1923076923076,1077.5009968534464
58800,76834,1,0,1.5366416484117509,0.0054999998770654205,0.7342366874217987,0.0003,-0.19174248054623605,0.0075980006,2930,0.49248427152633667,-0.004043129188416028,0.2,10.0,2234.1923076923076,1077.5009968534464
59000,75950,1,0,1.2874777406454085,0.04099999917671084,0.7149339616298676,0.0003,-0.1882401779294014,0.01833504,2940,0.3650070130825043,-0.010225205630791611,0.2,10.0,2234.1923076923076,1077.5009968534464
59200,73115,1,0,0.18405110985040665,0.02099999934434891,0.969927478581667,0.0003,-0.1733759991824627,0.0012326646,2950,0.018122078850865364,-0.004705611384881081,0.2,10.0,2234.1923076923076,1077.5009968534464
59400,80575,1,0,0.14425346832722424,0.040999998524785045,0.9767475482076406,0.0003,-0.2010766699910164,0.0032661723,2960,0.011295385658740997,-0.009891220380377774,0.2,10.0,2234.1923076923076,1077.5009968534464
59600,75204,1,0,1.2464025229215623,0.04499999890103936,0.7091471552848816,0.0003,-0.19799566492438317,0.020649541,2970,0.37504708766937256,-0.006298943867441409,0.2,10.0,1922.4193548387098,1077.5009968534464
59800,83401,1,0,521.0532958984375,0.007999999821186066,0.11293917894363403,0.0003,-0.1503694012761116,0.009753534,2980,250.0430450439453,-0.0023222122585284666,0.2,10.0,1811.969696969697,931.7277192629067
60000,76304,1,0,189.2073226928711,0.010999999754130841,0.042243778705596924,0.0003,-0.15366900861263275,0.0008630704,2990,80.82431030273438,-0.0066263424941571,0.2,10.0,1712.3714285714286,879.0236584943226
60200,82011,1,0,146.28907890319823,0.003999999910593033,0.05405527353286743,0.0003,-0.15531513020396231,0.0013918215,3000,61.06773376464844,-0.005034743319149193,0.2,10.0,1712.3714285714286,831.0307743558542
60400,79012,1,0,19.778097581863403,0.0,-6.183025360107422,0.0003,-0.1629081517457962,0.0009106278,3010,6.749125003814697,-0.0006105145649944355,0.2,10.0,1589.342105263158,831.0307743558542
60600,78297,1,0,175.16344604492187,0.0,0.09459823369979858,0.0003,-0.1568558245897293,0.0029776953,3020,69.27244567871094,-0.0033334447519152376,0.2,10.0,1589.342105263158,771.5679531340093
60800,85407,1,0,38.91976089477539,0.0,-17.057775497436523,0.0003,-0.15422685220837593,-0.0005433995,3030,8.785467147827148,-1.1172295396244536e-05,0.2,10.0,1589.342105263158,771.5679531340093
61000,77583,1,0,10.023697805404662,0.0,-7.728397369384766,0.0003,-0.16748445630073547,-5.700352e-05,3040,2.7984139919281006,-0.00025255983357048707,0.2,10.0,1522.825,771.5679531340093
61200,81324,1,0,111.72861328125,0.0029999999329447745,0.07041984796524048,0.0003,-0.1360287018120289,0.0024160182,3050,48.49214172363281,-0.004131141354737444,0.2,10.0,1488.5853658536585,740.0180147616632
61400,78120,1,0,49.7210186958313,0.0054999998770654205,-0.018078923225402832,0.0003,-0.15500209741294385,-0.00021986006,3060,31.617691040039062,-0.004191557794314571,0.2,10.0,1488.5853658536585,723.4223164026984
61600,78898,1,0,3.6682024955749513,0.0009999999776482583,-0.3550623655319214,0.0003,-0.15908647403120996,-0.0005443405,3070,0.772459864616394,-0.0002055152596258214,0.2,10.0,1488.5853658536585,723.4223164026984
61800,80715,1,0,5.272816556692123,0.0019999999552965165,0.010043442249298096,0.0003,-0.1861675761640072,0.0024266457,3080,0.7979803681373596,-0.0011780551414704021,0.2,10.0,1488.5853658536585,723.4223164026984
62000,79852,1,0,3.2127218365669252,0.0029999999329447745,0.5782804191112518,0.0003,-0.15715946927666663,-0.0042749797,3090,0.47903919219970703,-0.0030629707549813647,0.2,10.0,1408.5681818181818,723.4223164026984
62200,79007,1,0,170.6964424133301,0.0,0.11750966310501099,0.0003,-0.15096041969954968,0.0049447906,3100,57.12820816040039,-0.0024846454306533873,0.2,10.0,1408.5681818181818,685.33649137429
62400,81438,1,0,7.837012457847595,0.0,-4.254949569702148,0.0003,-0.15593178644776345,-0.0003130567,3110,1.6674716472625732,-0.00021486555637602046,0.2,10.0,1408.5681818181818,685.33649137429
62600,76537,1,0,1.4360626667737961,0.0004999999888241291,-0.9843448400497437,0.0003,-0.1563408799469471,0.00070722576,3120,0.24791237711906433,-0.0017512185119812785,0.2,10.0,1408.5681818181818,685.33649137429
62800,79505,1,0,1.7666570380330087,0.0034999999217689036,0.43773841857910156,0.0003,-0.15829486064612866,0.0052056243,3130,0.2336416244506836,-0.002097824351876554,0.2,10.0,1394.6666666666667,685.33649137429
63000,81159,1,0,51.012142181396484,0.0054999998770654205,0.09545743465423584,0.0003,-0.1506568044424057,0.003453822,3140,30.131439208984375,-0.0036376203448216906,0.2,10.0,1394.6666666666667,677.9096816808176
63200,81451,1,0,5.46641389131546,0.0034999999217689036,0.46500903367996216,0.0003,-0.15714613124728202,-0.00059420813,3150,0.8241503238677979,-0.00189400465898506,0.2,10.0,1394.6666666666667,677.9096816808176
63400,82370,1,0,1.3272572308778763,0.01749999960884452,0.323525071144104,0.0003,-0.171129659563303,-0.014857718,3160,0.5352271795272827,-0.004430172554712186,0.2,10.0,1375.5869565217392,677.9096816808176
63600,81653,1,0,67.32023754119874,0.0034999999217689036,0.05703860521316528,0.0003,-0.17815664932131767,0.005069016,3170,22.97492790222168,-0.002169031128025445,0.2,10.0,1375.5869565217392,668.7043334971252
63800,84704,1,0,2.6594501793384553,0.026999999303370714,0.32222622632980347,0.0003,-0.1866367869079113,0.0031960614,3180,0.5943283438682556,-0.005354185256817789,0.2,10.0,1375.5869565217392,668.7043334971252
64000,81126,1,0,5.442984306812287,0.024499999079853296,0.6878172159194946,0.0003,-0.1975836746394634,0.015049881,3190,1.0848809480667114,-0.006047018681056215,0.2,10.0,1375.5869565217392,668.7043334971252
64200,82076,1,0,7.084792637825013,0.059999998193234205,0.6127756237983704,0.0003,-0.17891305759549142,0.015405664,3200,2.1208243370056152,-0.013120559802744226,0.2,10.0,1375.5869565217392,668.7043334971252
64400,83060,1,0,3.0596760153770446,0.0064999998547136785,0.534895271062851,0.0003,-0.16739089787006378,0.006430714,3210,0.7082374691963196,-0.002811669191956745,0.2,10.0,1375.5869565217392,668.7043334971252
64600,84979,1,0,1.2906810700893403,0.010499999765306712,0.6427216231822968,0.0003,-0.16823820397257805,0.011205753,3220,0.26400598883628845,-0.0025431655130812914,0.2,10.0,1375.5869565217392,668.7043334971252
64800,85708,1,0,0.562071681022644,0.027499999292194842,0.8610602915287018,0.0003,-0.1809350624680519,-0.009005401,3230,0.17029812932014465,-0.006382855498464757,0.2,10.0,1375.5869565217392,668.7043334971252
65000,86360,1,0,0.9531304627656937,0.016499999538064004,0.8331487029790878,0.0003,-0.16682046838104725,0.0014147174,3240,0.3004699647426605,-0.00702905971219252,0.2,10.0,1375.5869565217392,668.7043334971252
65200,82113,1,0,1.0369464695453643,0.036999999266117814,0.914810061454773,0.0003,-0.14711649380624295,0.007266411,3250,0.14304953813552856,-0.004525389618240183,0.2,10.0,1375.5869565217392,668.7043334971252
65400,85073,1,0,5.658590650558471,0.0019999999552965165,-0.5702307224273682,0.0003,-0.16266060546040534,0.0013577498,3260,1.2437360286712646,0.00043182431665629296,0.2,10.0,1375.5869565217392,668.7043334971252
65600,85561,1,0,2.298486089706421,0.02449999935925007,0.9092376232147217,0.0003,-0.156095515191555,0.006527165,3270,0.37416648864746094,-0.0018285340731885925,0.2,10.0,1375.5869565217392,668.7043334971252
65800,86238,1,0,0.765547439455986,0.009499999787658453,0.9213607236742973,0.0003,-0.13658741004765035,0.013213456,3280,0.164237841963768,-0.0055875643278415765,0.2,10.0,1375.5869565217392,668.7043334971252
66000,88095,1,0,0.5460524648427963,0.010499999765306712,0.9230129197239876,0.0003,-0.14201255701482296,0.004292432,3290,0.16474679112434387,-0.0015227723909775116,0.2,10.0,1375.5869565217392,668.7043334971252
66200,86423,1,0,1.7010804802179336,0.004499999899417162,0.7924686372280121,0.0003,-0.1440426267683506,-0.0025147675,3300,0.4087284505367279,-0.0014595588508235836,0.2,10.0,1375.5869565217392,668.7043334971252
66400,87605,1,0,0.48394239619374274,0.019499999657273292,0.7931078672409058,0.0003,-0.14934595599770545,0.00794611,3310,0.11353685706853867,-0.005817620503337828,0.2,10.0,1375.5869565217392,668.7043334971252
66600,90971,1,0,3.512805962562561,0.015499999653548003,0.7640591859817505,0.0003,-0.1279627040028572,-0.00157804,3320,1.1484589576721191,-0.002402740283250893,0.2,10.0,1375.5869565217392,668.7043334971252
66800,86512,1,0,9.609841227531433,0.03549999874085188,0.6191713511943817,0.0003,-0.13287704885005952,0.026458029,3330,3.615091323852539,-0.009590848935418705,0.2,10.0,1375.5869565217392,668.7043334971252
67000,85059,1,0,5.402846419811249,0.01749999951571226,0.6686002612113953,0.0003,-0.12127340845763683,0.005181836,3340,1.9813700914382935,-0.0021837316972305844,0.2,10.0,1423.0851063829787,668.7043334971252
67200,87986,1,0,125.24551887512207,0.0024999999441206455,0.040490686893463135,0.0003,-0.1326325975358486,0.002685449,3350,63.83710861206055,-0.0030701944293687333,0.2,10.0,1423.0851063829787,699.7193338920796
67400,90635,1,0,2.147239875793457,0.029999999050050973,0.6889560520648956,0.0003,-0.12813687026500703,-0.0069549037,3360,0.6105513572692871,-0.0041315075151217686,0.2,10.0,1423.0851063829787,699.7193338920796
67600,85977,1,0,1.5016415506601333,0.004999999888241291,0.6741460263729095,0.0003,-0.12996825873851775,-0.006868833,3370,0.3101368248462677,-0.002636413755826794,0.2,10.0,1423.0851063829787,699.7193338920796
67800,89659,1,0,0.2679832883179188,0.0429999990388751,0.8933847919106483,0.0003,-0.15359042324125766,0.059648015,3380,0.08998630940914154,-0.01049894904354005,0.2,10.0,1423.0851063829787,699.7193338920796
68000,90272,1,0,5.934879469871521,0.045999998785555364,0.8359519243240356,0.0003,-0.1741097092628479,0.017566748,3390,2.2800397872924805,-0.0006525968573985353,0.2,10.0,1423.0851063829787,699.7193338920796
68200,87466,1,0,4.198161828517914,0.01899999948218465,0.6985055208206177,0.0003,-0.18450763821601868,0.010467055,3400,1.558381199836731,-0.0024585387831320914,0.2,10.0,1423.0851063829787,699.7193338920796
68400,89389,1,0,7.037566542625427,0.03499999903142452,0.4826709032058716,0.0003,-0.1601703368127346,0.009465263,3410,2.4513566493988037,-0.00682205726794205,0.2,10.0,1423.0851063829787,699.7193338920796
68600,88635,1,0,6.582258582115173,0.0024999999441206455,0.5959612727165222,0.0003,-0.13989930152893065,0.0035894583,3420,2.455049991607666,-0.001505176159436772,0.2,10.0,1423.0851063829787,699.7193338920796
68800,89463,1,0,2.733446443080902,0.026999999582767487,0.5812627077102661,0.0003,-0.1498229093849659,0.010622721,3430,0.9462571144104004,-0.00753839600842916,0.2,10.0,1423.0851063829787,699.7193338920796
69000,89145,1,0,1.1475777685642243,0.019999999552965164,0.7101437747478485,0.0003,-0.11821306645870208,0.0126036145,3440,0.4145970046520233,-0.004151118519599528,0.2,10.0,1423.0851063829787,699.7193338920796
69200,89234,1,0,0.4755095064640045,0.05699999863281846,0.8498275578022003,0.0003,-0.12604502066969872,0.03074773,3450,0.08318550884723663,-0.005057582442677955,0.2,10.0,1423.0851063829787,699.7193338920796
69400,87091,1,0,0.6058831490576267,0.010499999765306712,0.9070479646325111,0.0003,-0.1420056212693453,-0.003534261,3460,0.10864532738924026,-0.004522346702316993,0.2,10.0,1423.0851063829787,699.7193338920796
69600,89929,1,0,0.551484926789999,0.009999999776482582,0.9036889895796776,0.0003,-0.1308125000447035,-0.00470688,3470,0.10268888622522354,-0.0038361824855964954,0.2,10.0,1423.0851063829787,699.7193338920796
69800,87770,1,0,0.1341344490647316,0.06199999870732427,0.9444156214594841,0.0003,-0.15435242243111133,0.14109027,3480,-0.009366407990455627,-0.023342144273279786,0.2,10.0,1423.0851063829787,699.7193338920796
70000,83875,1,0,23.21369323730469,0.17599999597296118,-0.7751927375793457,0.0003,-0.25246918201446533,0.03608098,3490,10.27877426147461,0.07083800586685537,0.2,10.0,1423.0851063829787,699.7193338920796
70200,68689,1,1,33.79187650680542,0.0,-1.0015528202056885,0.0003,-0.29639882892370223,-0.0016916841,3500,12.2205810546875,-0.00037364585994907883,0.2,10.0,1423.0851063829787,699.7193338920796
70400,82189,1,0,44.85292673110962,0.0,-5.789699077606201,0.0003,-0.30838006883859637,4.6706235e-05,3510,14.27762222290039,-0.0028885396694822594,0.2,10.0,1423.0851063829787,699.7193338920796
70600,93521,1,0,41.377069568634035,0.0054999997839331625,-3.5826196670532227,0.0003,-0.31620077341794967,0.0090038935,3520,13.972103118896484,-0.005331064613565317,0.2,10.0,1423.0851063829787,699.7193338920796
70800,97646,1,0,29.456264781951905,0.020499999355524778,-1.0101022720336914,0.0003,-0.3103835225105286,-0.0024403988,3530,14.136865615844727,-0.010246114637004223,0.2,10.0,1423.0851063829787,699.7193338920796
71000,90353,1,0,11.225131583213805,0.04099999889731407,-0.8891863822937012,0.0003,-0.31021803468465803,0.0062908563,3540,3.85282564163208,-0.01063948003013504,0.2,10.0,1423.0851063829787,699.7193338920796
71200,92024,1,0,11.486608529090882,0.03649999871850014,-0.4098081588745117,0.0003,-0.31710420101881026,0.018329993,3550,3.903378486633301,-0.00953827097034079,0.2,10.0,1423.0851063829787,699.7193338920796
71400,91139,1,0,14.148670339584351,0.09849999742582441,0.0928536057472229,0.0003,-0.27942086905241015,0.01827541,3560,5.079959869384766,-0.01620935069955891,0.2,10.0,1423.0851063829787,699.7193338920796
71600,91068,1,0,17.404180002212524,0.039999999664723875,0.31233614683151245,0.0003,-0.22566563710570336,0.01158386,3570,7.499858856201172,-0.018260431644739582,0.2,10.0,1423.0851063829787,699.7193338920796
71800,92855,1,0,4.990197420120239,0.08249999759718776,0.3738231062889099,0.0003,-0.19278789013624192,0.012389376,3580,2.182119607925415,-0.019981323491316295,0.2,10.0,1423.0851063829787,699.7193338920796
72000,92251,1,0,6.173394095897675,0.010499999765306712,0.22392863035202026,0.0003,-0.1700815163552761,0.0018539297,3590,2.0989677906036377,-0.006851712153584266,0.2,10.0,1423.0851063829787,699.7193338920796
72200,98354,1,0,4.54723499417305,0.013499999698251487,-0.13547968864440918,0.0003,-0.1587886281311512,0.006879722,3600,1.0716712474822998,-0.005428213452672992,0.2,10.0,1423.0851063829787,699.7193338920796
72400,97377,1,0,1.9204426884651185,0.020499999541789292,0.1405951976776123,0.0003,-0.14740907177329063,0.009356763,3610,0.7748547792434692,-0.008436409086978524,0.2,10.0,1423.0851063829787,699.7193338920796
72600,99032,1,0,9.562504315376282,0.014999999571591616,0.44111645221710205,0.0003,-0.14408466815948487,0.0030498048,3620,2.7882466316223145,-0.0039294304179925636,0.2,10.0,1423.0851063829787,699.7193338920796
72800,95970,1,0,7.661072993278504,0.022499999217689037,0.26047563552856445,0.0003,-0.1367598209530115,0.019453833,3630,3.208706855773926,-0.007985042485408479,0.2,10.0,1513.7291666666667,699.7193338920796
73000,94199,1,0,73.84832153320312,0.007499999832361937,0.079784095287323,0.0003,-0.12727940902113916,0.0010224096,3640,27.641883850097656,-0.004909443427226634,0.2,10.0,1513.7291666666667,744.6947739386356
73200,93010,1,0,5.063528728485108,0.0034999999217689036,-1.2018275260925293,0.0003,-0.12144398279488086,0.007873569,3650,1.3039331436157227,-0.0027558862781233984,0.2,10.0,1513.7291666666667,744.6947739386356
73400,95380,1,0,0.9778830140829087,0.025499999523162842,0.1095273494720459,0.0003,-0.12400165982544423,0.022738697,3660,0.21897637844085693,-0.005203717560070942,0.2,10.0,1513.7291666666667,744.6947739386356
73600,95065,1,0,0.17146312929689883,0.02399999937042594,0.8333209156990051,0.0003,-0.13984656743705273,0.001665815,3670,0.042401719838380814,-0.004657375447626677,0.2,10.0,1513.7291666666667,744.6947739386356
73800,94729,1,0,2.573727709054947,0.04399999873712659,0.859249472618103,0.0003,-0.1346253901720047,0.010727733,3680,0.45864957571029663,-0.005470455044414635,0.2,10.0,1513.7291666666667,744.6947739386356
74000,98655,1,0,5.067253315448761,0.0259999992325902,0.7006633281707764,0.0003,-0.14613725543022155,0.011593969,3690,1.2882508039474487,-0.0021412711536977548,0.2,10.0,1513.7291666666667,744.6947739386356
74200,99907,1,0,0.8405855968594551,0.04399999966844916,0.6991825997829437,0.0003,-0.13937955126166343,0.05454299,3700,0.15231718122959137,-0.008465694466052831,0.2,10.0,1399.698113207547,744.6947739386356
74400,93840,1,0,424.17335357666013,0.035999998822808264,0.1209070086479187,0.0003,-0.14697816744446754,0.012632288,3710,187.38348388671875,0.00558752426505098,0.2,10.0,1282.6206896551723,690.8030863710528
74600,94752,1,0,362.6904983520508,0.011499999742954969,0.19927853345870972,0.0003,-0.1471508786082268,-0.0069527198,3720,148.90377807617188,-0.006499062518938459,0.2,10.0,1222.5245901639344,633.5171565625992
74800,97275,1,0,167.5618583679199,0.019999999459832905,0.149441659450531,0.0003,-0.15335204750299453,-0.01189047,3730,83.89656066894531,-0.005375151186075522,0.2,10.0,1133.2121212121212,604.2391911662944
75000,96979,1,0,216.18014678955078,0.00949999988079071,0.3304201364517212,0.0003,-0.1405739441514015,0.0013129204,3740,90.868408203125,-0.007450739149295238,0.2,10.0,1086.9565217391305,560.6473605134702
75200,105894,1,0,155.56866683959962,0.012999999709427357,-0.538282036781311,0.0003,-0.15866501852869988,0.0013020674,3750,61.203041076660156,-0.0057685345349600455,0.2,10.0,1086.9565217391305,538.1030217556884
75400,102122,1,0,66.7092945098877,0.0004999999888241291,-8.83513069152832,0.0003,-0.17310056686401368,-0.0043573687,3760,16.308921813964844,-0.0021990269493980643,0.2,10.0,1086.9565217391305,538.1030217556884
75600,98615,1,0,20.395693516731264,0.0029999999329447745,-8.362712860107422,0.0003,-0.14835142642259597,-0.001136089,3770,5.980742931365967,-0.0012079243962725527,0.2,10.0,1078.1571428571428,538.1030217556884
75800,98339,1,0,49.91033821105957,0.016999999526888132,0.04486936330795288,0.0003,-0.15028758570551873,0.0065906397,3780,18.465351104736328,-0.007287062482828332,0.2,10.0,1078.1571428571428,534.2535164974132
76000,99366,1,0,2.113998919725418,0.022999999392777682,0.061951279640197754,0.0003,-0.14028068035840988,-0.0077120257,3790,0.47708719968795776,-0.002037474609969614,0.2,10.0,1078.1571428571428,534.2535164974132
76200,97927,1,0,1.2594484716653824,0.03449999922886491,0.647602379322052,0.0003,-0.14618221670389175,0.020331867,3800,0.3704293966293335,-0.0058830981568025464,0.2,10.0,1078.1571428571428,534.2535164974132
76400,94503,1,0,2.3238016992807387,0.04649999886751175,0.766861766576767,0.0003,-0.16224534660577775,0.016212802,3810,0.48516586422920227,-0.00954956132825444,0.2,10.0,1078.1571428571428,534.2535164974132
76600,95334,1,0,1.7723461389541626,0.030999999213963746,0.781091570854187,0.0003,-0.1709030218422413,0.0112107545,3820,0.35159969329833984,-0.003987240481830412,0.2,10.0,1062.875,534.2535164974132
76800,97066,1,0,143.8591579437256,0.01749999951571226,-0.08521914482116699,0.0003,-0.14359193108975887,0.014599632,3830,55.53299331665039,-0.003440682784072102,0.2,10.0,1062.875,527.5446220164321
77000,98820,1,0,2.600542664527893,0.055999998655170205,0.7236209809780121,0.0003,-0.15714525580406188,0.03145848,3840,0.7127576470375061,-0.008665146653016365,0.2,10.0,1062.875,527.5446220164321
77200,99827,1,0,0.5820839270949364,0.05999999865889549,0.9166456684470177,0.0003,-0.144595717638731,0.018666709,3850,0.10185596346855164,-0.006707711287599593,0.2,10.0,1062.875,527.5446220164321
77400,99439,1,0,0.6021928578615189,0.03449999894946813,0.8291863352060318,0.0003,-0.14673956632614135,0.0016990816,3860,0.15391668677330017,-0.008746386098267944,0.2,10.0,1062.875,527.5446220164321
77600,104775,1,0,0.4256896510720253,0.049999998230487105,0.836590126156807,0.0003,-0.15132245495915414,0.017741574,3870,0.07282710075378418,-0.008626000221353004,0.2,10.0,1062.875,527.5446220164321
77800,97998,1,0,0.5465003713965416,0.0584999986924231,0.7496141195297241,0.0003,-0.1923372931778431,0.02319316,3880,0.14987802505493164,-0.009560362368938513,0.2,10.0,1064.8219178082193,527.5446220164321
78000,98670,1,0,82.8399600982666,0.008499999810010195,0.01819908618927002,0.0003,-0.17906950637698174,-0.0024649156,3890,40.30421447753906,-0.004432917374550005,0.2,10.0,1051.9054054054054,529.0702073587333
78200,98532,1,0,76.86757869720459,0.004499999899417162,0.060747504234313965,0.0003,-0.16226942874491215,0.0067125126,3900,36.52266311645508,-0.004491579694557046,0.2,10.0,1042.5466666666666,522.6851304507171
78400,102389,1,0,72.52142925262451,0.011999999731779098,0.0833008885383606,0.0003,-0.21706076413393022,0.0027157282,3910,39.54399871826172,-0.005663237901493723,0.2,10.0,1042.5466666666666,517.9852462242663
78600,102085,1,0,1.3499745160341263,0.061499998159706595,0.3125452399253845,0.0003,-0.2016548030078411,0.0065625384,3920,0.2829643487930298,-0.008537372459104731,0.2,10.0,1042.5466666666666,517.9852462242663
78800,105224,1,0,1.7892376124858855,0.059999998100101946,0.5282821655273438,0.0003,-0.14347303807735443,0.0015391563,3930,0.8784438967704773,-0.008887755976756928,0.2,10.0,1042.5466666666666,517.9852462242663
79000,107923,1,0,4.78170520067215,0.01999999936670065,0.6693286001682281,0.0003,-0.17565918192267418,0.007773518,3940,1.2113620042800903,-0.009291331739950693,0.2,10.0,1042.5466666666666,517.9852462242663
79200,101026,1,0,5.14354499578476,0.0399999987334013,0.7732700556516647,0.0003,-0.1688826084136963,0.016094856,3950,1.4696669578552246,-0.008743951029376973,0.2,10.0,1042.5466666666666,517.9852462242663
79400,100249,1,0,1.1325234413146972,0.045999998692423105,0.782355010509491,0.0003,-0.155901425331831,0.06953716,3960,0.24935485422611237,-0.0073218306526760205,0.2,10.0,1042.5466666666666,517.9852462242663
79600,106576,1,0,2.2094787478446962,0.019499999471008778,0.8323670327663422,0.0003,-0.12697206921875476,0.015407776,3970,0.6674748659133911,-0.005672701341682185,0.2,10.0,1042.5466666666666,517.9852462242663
79800,106999,1,0,0.5402643382549286,0.011999999638646841,0.8927241787314415,0.0003,-0.10324570462107659,0.0119061135,3980,0.14246051013469696,-0.004718442958852265,0.2,10.0,1042.5466666666666,517.9852462242663
80000,102740,1,0,0.14449283331632615,0.013999999593943357,0.9551009982824326,0.0003,-0.115914848446846,0.0002623403,3990,0.016551833599805832,-0.0009700191712180839,0.2,10.0,1042.5466666666666,517.9852462242663
80200,106530,1,0,0.10921146478503943,0.040999998804181814,0.9767359551042318,0.0003,-0.1347241047769785,0.05529405,4000,0.016018293797969818,-0.004736430696444671,0.2,10.0,1042.5466666666666,517.9852462242663
80400,106107,1,0,1.0406121492385865,0.05049999868497253,0.801150843501091,0.0003,-0.13111442513763905,0.040482104,4010,0.2853107750415802,-0.010359438982908609,0.2,10.0,1042.5466666666666,517.9852462242663
80600,103942,1,0,0.25148776918649673,0.0734999980777502,0.9384950660169125,0.0003,-0.13799920231103896,0.21846342,4020,0.10844334959983826,-0.014798082048073358,0.2,10.0,1042.5466666666666,517.9852462242663
80800,105078,1,0,0.32423520609736445,0.12849999628961087,0.9333816543221474,0.0003,-0.14656896218657495,0.22905129,4030,0.07174970209598541,-0.02087615471705795,0.2,10.0,1042.5466666666666,517.9852462242663
81000,105221,1,0,6.710016071796417,0.10599999763071537,0.6185166835784912,0.0003,-0.23223830312490462,0.038475074,4040,1.906947135925293,0.0004912191349429662,0.2,10.0,1042.5466666666666,517.9852462242663
81200,107460,1,0,15.73587613105774,0.02549999887123704,-0.43231141567230225,0.0003,-0.2373337671160698,0.0104932785,4050,5.235561370849609,-0.004248506546660735,0.2,10.0,1066.4605263157894,517.9852462242663
81400,103292,1,0,99.99644680023194,0.03799999915063381,0.08813691139221191,0.0003,-0.24947994872927665,0.010108186,4060,47.41905975341797,-0.01190474139928117,0.2,10.0,1054.7402597402597,529.5538533288376
81600,103582,1,0,65.59608364105225,0.05299999788403511,0.0825158953666687,0.0003,-0.25207079127430915,0.0228626,4070,33.89672088623047,-0.015047672225627907,0.2,10.0,1054.7402597402597,523.5218483852858
81800,101931,1,0,6.980739116668701,0.008499999810010195,-1.5489416122436523,0.0003,-0.26158193200826646,-0.0035025096,4080,2.5674033164978027,-0.002259257797908276,0.2,10.0,1054.7402597402597,523.5218483852858
82000,103352,1,0,9.12964985370636,0.01899999938905239,-1.025322437286377,0.0003,-0.24818655848503113,0.0002682489,4090,2.723146915435791,-0.005690386137656133,0.2,10.0,1054.7402597402597,523.5218483852858
82200,107732,1,0,4.339243876934051,0.01899999938905239,-1.759486198425293,0.0003,-0.2374730236828327,0.002907305,4100,1.417128086090088,-0.005674007282766969,0.2,10.0,1054.7402597402597,523.5218483852858
82400,107843,1,0,1.7375722378492355,0.0759999972768128,-0.00933372974395752,0.0003,-0.23300536200404168,0.0225919,4110,0.3719891905784607,-0.010683641973184433,0.2,10.0,1054.7402597402597,523.5218483852858
82600,110695,1,0,1.6617561012506485,0.06099999817088246,0.009210765361785889,0.0003,-0.2130770981311798,0.018603187,4120,0.36061495542526245,-0.006291297540039586,0.2,10.0,1054.7402597402597,523.5218483852858
82800,104125,1,0,3.659414601325989,0.044499998819082974,-1.497939109802246,0.0003,-0.21936213225126266,0.0042196037,4130,0.9040319323539734,-0.003443924172668744,0.2,10.0,1054.7402597402597,523.5218483852858
83000,110381,1,0,2.3064695835113525,0.06999999796971679,-0.3501932621002197,0.0003,-0.16864167302846908,0.017088631,4140,0.7948764562606812,-0.011718903265544256,0.2,10.0,1054.7402597402597,523.5218483852858
83200,106672,1,0,1.536206954717636,0.03449999922886491,0.10043323040008545,0.0003,-0.17226966917514802,0.01390637,4150,0.5631839632987976,-0.007843653352698344,0.2,10.0,1065.820512820513,523.5218483852858
83400,104024,1,0,35.80898494720459,0.0034999999217689036,0.020881712436676025,0.0003,-0.13908933214843272,0.0013488793,4160,11.398425102233887,-0.0022874291712796867,0.2,10.0,1065.820512820513,524.2590697935037
83600,110151,1,0,0.5493404567241669,0.017999999597668646,-0.3088487386703491,0.0003,-0.1372753821313381,0.021659963,4170,0.11917396634817123,-0.0034641704101668223,0.2,10.0,1065.820512820513,524.2590697935037
83800,111377,1,0,1.1769831001758575,0.06199999898672104,0.39879149198532104,0.0003,-0.13402292020618917,0.029716464,4180,0.5364610552787781,-0.012285165174864244,0.2,10.0,1058.860759493671,524.2590697935037
84000,107780,1,0,32.49401388168335,0.017499999329447746,0.0641356110572815,0.0003,-0.11697477772831917,0.0031165546,4190,19.811111450195312,-0.005582269340113255,0.2,10.0,1058.860759493671,519.8539090177437
84200,108387,1,0,3.1503127038478853,0.0019999999552965165,-0.22634100914001465,0.0003,-0.12419412061572074,0.0008553958,4200,0.8507189154624939,-0.001356105016515352,0.2,10.0,1058.860759493671,519.8539090177437
84400,107358,1,0,0.9279857993125915,0.011999999731779098,0.32296276092529297,0.0003,-0.10278362296521663,-0.0015703249,4210,0.20976702868938446,-0.002193742155272016,0.2,10.0,1058.860759493671,519.8539090177437
84600,106731,1,0,0.5893789157271385,0.015499999653548003,0.6676871180534363,0.0003,-0.09785193204879761,0.0060068117,4220,0.19569210708141327,-0.006182947914348702,0.2,10.0,1058.860759493671,519.8539090177437
84800,111917,1,0,0.5495314732193947,0.0129999996162951,0.8213608860969543,0.0003,-0.09884486347436905,0.0315139,4230,0.11261288821697235,-0.005071921490213072,0.2,10.0,1058.860759493671,519.8539090177437
85000,106005,1,0,1.7785087317228316,0.05049999859184027,0.5944630205631256,0.0003,-0.13145680613815786,-0.006140237,4240,0.42593544721603394,-0.002992054963309787,0.2,10.0,1058.860759493671,519.8539090177437
85200,108937,1,0,1.9642561286687852,0.030499998852610587,0.6450974345207214,0.0003,-0.136283540725708,0.030390823,4250,0.4822046458721161,-0.009389262115582752,0.2,10.0,1058.860759493671,519.8539090177437
85400,117147,1,0,1.0773958325386048,0.033499999158084395,0.794281855225563,0.0003,-0.12477495633065701,-0.0020625389,4260,0.17360053956508636,-0.005035491055220831,0.2,10.0,1058.860759493671,519.8539090177437
85600,106107,1,0,0.46154882088303567,0.018999999295920132,0.7978698015213013,0.0003,-0.10613340325653553,0.0018004263,4270,0.09347282350063324,-0.0033760452194655953,0.2,10.0,1058.860759493671,519.8539090177437
85800,115454,1,0,2.0058652967214585,0.023499999102205037,0.16197144985198975,0.0003,-0.13178208656609058,-0.0029712592,4280,0.3334726095199585,-0.002567829153501411,0.2,10.0,1058.860759493671,519.8539090177437
86000,108712,1,0,0.506572087854147,0.025999999325722455,0.8574271202087402,0.0003,-0.1178197454661131,0.0027016054,4290,0.11083566397428513,-0.0019477773321703751,0.2,10.0,1058.860759493671,519.8539090177437
86200,109439,1,0,0.6420104004442692,0.04299999866634607,0.8134121894836426,0.0003,-0.12878123261034488,-0.0014663523,4300,0.07338788360357285,0.0006536667185137901,0.2,10.0,1075.475,519.8539090177437
86400,115807,1,0,68.10080051422119,0.022999999299645423,0.0698854923248291,0.0003,-0.13503929264843464,0.011138532,4310,39.169742584228516,-0.0036852193663944543,0.2,10.0,1075.475,526.8361037898279
86600,110855,1,0,0.8115770354866981,0.01999999927356839,0.4905584454536438,0.0003,-0.13857093304395676,0.008549486,4320,0.2501431107521057,-0.0059678299369116065,0.2,10.0,1075.475,526.8361037898279
86800,111312,1,0,0.2051256000995636,0.020499999448657037,0.8665140271186829,0.0003,-0.1212790410965681,0.011715738,4330,0.04823145270347595,-0.0030672880701057893,0.2,10.0,1075.475,526.8361037898279
87000,114236,1,0,3.888391637802124,0.06449999855831265,0.4468282461166382,0.0003,-0.16894946619868279,0.019875081,4340,1.3992116451263428,-0.00416091021860483,0.2,10.0,1075.475,526.8361037898279
87200,118256,1,0,10.659841418266296,0.05399999832734466,0.7252531051635742,0.0003,-0.12609219029545785,0.012401372,4350,2.9500858783721924,-0.0031560624286647966,0.2,10.0,1075.475,526.8361037898279
87400,114220,1,0,1.4581131786108017,0.03249999890103936,0.5929114520549774,0.0003,-0.13048092126846314,0.00329674,4360,0.2786840498447418,-0.0030073797566146252,0.2,10.0,1075.475,526.8361037898279
87600,120152,1,0,1.3467470049858092,0.023999999277293682,0.3535799980163574,0.0003,-0.12004197724163532,0.030825006,4370,0.529668390750885,-0.006068700064613952,0.2,10.0,1075.475,526.8361037898279
87800,111324,1,0,8.798016929626465,0.009999999776482582,0.6228249073028564,0.0003,-0.11275280304253102,0.001041764,4380,3.656540870666504,-0.0021409850474446656,0.2,10.0,1075.475,526.8361037898279
88000,112898,1,0,34.199081325531004,0.017999999411404132,0.5877335667610168,0.0003,-0.13045516535639762,0.012168841,4390,12.95727252960205,-0.004714458149915756,0.2,10.0,1075.475,526.8361037898279
88200,113083,1,0,23.762743854522704,0.004499999899417162,0.2931029796600342,0.0003,-0.128506426140666,0.006272925,4400,8.444568634033203,-0.004105716512080093,0.2,10.0,1075.475,526.8361037898279
88400,124289,1,0,2.4178169310092925,0.009499999787658453,-0.2994886636734009,0.0003,-0.11449350155889988,0.00974186,4410,0.5034801363945007,-0.005189468415032028,0.2,10.0,1075.475,526.8361037898279
88600,114611,1,0,3.074251627922058,0.03699999861419201,0.38559186458587646,0.0003,-0.12355265207588673,0.023646861,4420,1.2849092483520508,-0.005083512875236984,0.2,10.0,1075.475,526.8361037898279
88800,113561,1,0,2.16224200129509,0.007999999821186066,0.20005065202713013,0.0003,-0.11401660032570363,-0.00022578123,4430,0.6842168569564819,-0.002362581359080673,0.2,10.0,1075.475,526.8361037898279
89000,121116,1,0,12.260090255737305,0.018499999400228263,0.7028769552707672,0.0003,-0.1129913192242384,0.0037743915,4440,4.139181613922119,-0.005886070164036994,0.2,10.0,1075.475,526.8361037898279
89200,122864,1,0,54.75210475921631,0.0029999999329447745,0.34043991565704346,0.0003,-0.13185174874961375,-0.0015807068,4450,20.809690475463867,-0.0014983968317096696,0.2,10.0,1075.475,526.8361037898279
89400,116384,1,0,20.982352447509765,0.0054999997839331625,-0.1105729341506958,0.0003,-0.12642003372311592,0.0074443314,4460,8.015295028686523,-0.0023924987568753053,0.2,10.0,1075.475,526.8361037898279
89600,118073,1,0,3.0046614706516266,0.016999999340623618,-1.1870965957641602,0.0003,-0.14394093677401543,0.01072897,4470,0.6091241836547852,-0.00420825130831517,0.2,10.0,1075.475,526.8361037898279
89800,116946,1,0,7.470095229148865,0.009999999776482582,-2.030061721801758,0.0003,-0.12697095796465874,-8.553981e-05,4480,1.9928631782531738,0.0008977792192017553,0.2,10.0,1075.475,526.8361037898279
90000,115791,1,0,1.6978274881839752,0.047499998938292265,0.6738770604133606,0.0003,-0.1448786173015833,0.009934258,4490,0.4188416004180908,-0.006646211943501834,0.2,10.0,1075.475,526.8361037898279
90200,123953,1,0,28.266185188293456,0.04049999853596091,0.6522881984710693,0.0003,-0.13803997524082662,0.007067842,4500,11.290291786193848,-0.0069195003272028545,0.2,10.0,1075.475,526.8361037898279
90400,116499,1,0,39.050463581085204,0.027499998826533555,0.5743768513202667,0.0003,-0.1477064348757267,0.0031197702,4510,15.543673515319824,-0.0032220421996676405,0.2,10.0,1075.475,526.8361037898279
90600,120659,1,0,24.67462577819824,0.004999999888241291,0.34892046451568604,0.0003,-0.14050762802362443,0.0038311481,4520,10.289163589477539,-0.002241871313686694,0.2,10.0,1075.475,526.8361037898279
90800,112228,1,0,12.922965145111084,0.09399999771267176,0.18426257371902466,0.0003,-0.1564399041235447,0.067236364,4530,4.7170586585998535,-0.018764709872892027,0.2,10.0,1075.475,526.8361037898279
91000,119087,1,0,5.15602970123291,0.02399999937042594,0.2796834707260132,0.0003,-0.1761763200163841,0.009875616,4540,1.6056690216064453,-0.00531414798555474,0.2,10.0,1075.475,526.8361037898279
91200,116215,1,0,1.841684055328369,0.035499998927116395,0.741865873336792,0.0003,-0.14473755061626434,0.015235317,4550,0.6997098922729492,-0.00459535848204542,0.2,10.0,1075.475,526.8361037898279
91400,120351,1,0,1.926492726802826,0.045999998785555364,0.8672194629907608,0.0003,-0.16413672566413878,0.022711413,4560,0.5781989693641663,-0.0047666838278672685,0.2,10.0,1075.475,526.8361037898279
91600,120976,1,0,0.8697184145450592,0.07749999836087226,0.8922168016433716,0.0003,-0.16741333343088627,0.099310145,4570,0.24565425515174866,-0.014918284907937007,0.2,10.0,1075.475,526.8361037898279
91800,113542,1,0,1.3271372139453887,0.07549999793991446,0.7918855249881744,0.0003,-0.15385217741131782,0.03290662,4580,0.48011961579322815,-0.010639804178383195,0.2,10.0,1075.475,526.8361037898279
92000,123918,1,0,3.618073916435242,0.03149999901652336,0.8202498555183411,0.0003,-0.146392772346735,0.0015091252,4590,1.3019721508026123,0.00013404935157446118,0.2,10.0,1075.475,526.8361037898279
92200,121938,1,0,5.845838809013367,0.0659999986179173,0.6114183366298676,0.0003,-0.13229036293923854,0.032100018,4600,2.002969980239868,-0.011035009608349355,0.2,10.0,1075.475,526.8361037898279
92400,120498,1,0,4.754661560058594,0.03499999912455678,0.6409801840782166,0.0003,-0.16349647641181947,0.01874848,4610,1.9966626167297363,-0.00904669336508963,0.2,10.0,1075.475,526.8361037898279
92600,120888,1,0,1.4924372047185899,0.037499998975545165,0.6487360894680023,0.0003,-0.15962451584637166,0.016197853,4620,0.510101318359375,-0.006193959494965373,0.2,10.0,1075.475,526.8361037898279
92800,118158,1,0,0.4350219421088696,0.028499999083578587,0.9097439423203468,0.0003,-0.17520550936460494,0.007955035,4630,0.09240082651376724,-0.0022954381893359964,0.2,10.0,1075.475,526.8361037898279
93000,124490,1,0,1.2667351752519607,0.027499999292194842,0.8783652260899544,0.0003,-0.16809638515114783,-0.00407374,4640,0.2683112919330597,-0.0023545049034291664,0.2,10.0,1075.475,526.8361037898279
93200,118901,1,0,0.9650770157575608,0.020999999437481164,0.807719275355339,0.0003,-0.1486256506294012,-0.005789733,4650,0.28511688113212585,-0.005777689083130077,0.2,10.0,1075.475,526.8361037898279
93400,119101,1,0,0.9321219563484192,0.048999998811632396,0.7462434470653534,0.0003,-0.13963222615420817,0.0045293504,4660,0.3351763188838959,-0.009635849129874252,0.2,10.0,1075.475,526.8361037898279
93600,120168,1,0,1.9801330864429474,0.04399999855086208,0.587955117225647,0.0003,-0.12532407641410828,0.011742002,4670,0.6167742013931274,-0.00498511115746787,0.2,10.0,1075.475,526.8361037898279
93800,119728,1,0,0.7328161731362343,0.03449999904260039,0.6952647268772125,0.0003,-0.1174876768141985,0.0029525948,4680,0.199724018573761,-0.006674900611306001,0.2,10.0,1075.475,526.8361037898279
94000,119762,1,0,0.18105084523558618,0.023999999091029168,0.9483191631734371,0.0003,-0.09625129178166389,0.0059808698,4690,0.0502263568341732,-0.0028430624515749514,0.2,10.0,1075.475,526.8361037898279
94200,123122,1,0,1.3312655180692672,0.019499999564141036,0.6628479957580566,0.0003,-0.08789421878755092,0.024987329,4700,0.7372687458992004,-0.0075816521125379845,0.2,10.0,1075.475,526.8361037898279
94400,122861,1,0,0.08355923499912024,0.014999999664723873,0.9630531407892704,0.0003,-0.08923749253153801,0.01774015,4710,0.010808384045958519,-0.003024020383163517,0.2,10.0,1075.475,526.8361037898279
94600,123644,1,0,0.8114131957292556,0.09849999714642763,0.8439301550388336,0.0003,-0.1068211130797863,0.26929846,4720,0.31573018431663513,-0.005893489481386638,0.2,10.0,1075.475,526.8361037898279
94800,119120,1,0,0.3338833026587963,0.0019999999552965165,0.8942168280482292,0.0003,-0.08863321915268899,-0.00037865865,4730,0.040145814418792725,-0.0009476414071613703,0.2,10.0,1075.475,526.8361037898279
95000,123427,1,0,0.5020087510347366,0.016999999713152646,0.9735104292631149,0.0003,-0.09584782682359219,0.0023535693,4740,0.131593257188797,-0.0013557454623366993,0.2,10.0,1075.475,526.8361037898279
95200,120861,1,0,2.2214730083942413,0.019999999552965164,0.8167378753423691,0.0003,-0.08797685615718365,-0.0003964054,4750,0.5389991402626038,-0.0010116391991324748,0.2,10.0,1075.475,526.8361037898279
95400,127420,1,0,2.8445170521736145,0.004499999899417162,0.7190661728382111,0.0003,-0.08405768536031247,-0.0026752613,4760,0.7841436266899109,-0.0008796245148111837,0.2,10.0,1075.475,526.8361037898279
95600,132057,1,0,2.4822670966386795,0.0004999999888241291,0.4939423203468323,0.0003,-0.08863029424101114,-0.0033505308,4770,0.4199928343296051,-0.0012753576289419755,0.2,10.0,1075.475,526.8361037898279
95800,125242,1,0,0.8218647316098213,0.0009999999776482583,0.6710865795612335,0.0003,-0.06901484038680791,0.00092809676,4780,0.2285078763961792,-0.00034495436567523187,0.2,10.0,1075.475,526.8361037898279
96000,130219,1,0,0.4750565677881241,0.007499999832361937,0.8830711916089058,0.0003,-0.07799467071890831,0.0040232325,4790,0.09430749714374542,-0.0002922851013789085,0.2,10.0,1075.475,526.8361037898279
96200,124646,1,0,0.6770488739013671,0.006999999843537807,0.8835597932338715,0.0003,-0.06787155326455832,0.0023215532,4800,0.13141727447509766,-0.0011066402611904723,0.2,10.0,1075.475,526.8361037898279
96400,124815,1,0,0.822421307861805,0.024999999441206455,0.8105583935976028,0.0003,-0.07414797991514206,-0.012203205,4810,0.17975331842899323,-0.0034926574163836933,0.2,10.0,1075.475,526.8361037898279
96600,123496,1,0,0.4653357207775116,0.0019999999552965165,0.8690259158611298,0.0003,-0.058928012102842334,-0.0020813155,4820,0.08520326018333435,-0.0006025929925890239,0.2,10.0,1075.475,526.8361037898279
96800,133758,1,0,0.09656343329697847,0.010999999754130841,0.9224425181746483,0.0003,-0.06566463876515627,0.0017371963,4830,0.01883559301495552,-0.0014321927121805356,0.2,10.0,1075.475,526.8361037898279
97000,125658,1,0,0.22122825495898724,0.0254999996162951,0.9614302441477776,0.0003,-0.07373513374477625,0.022305137,4840,0.020171593874692917,-0.0050708460507735255,0.2,10.0,1075.475,526.8361037898279
97200,125690,1,0,0.07063653059303761,0.0034999999217689036,0.9704323839396238,0.0003,-0.08498512953519821,0.001362145,4850,0.024644579738378525,-0.0007532986650476304,0.2,10.0,1075.475,526.8361037898279
97400,125662,1,0,0.3226575631648302,0.005999999865889549,0.8571158647537231,0.0003,-0.07964801341295243,0.0075192484,4860,0.039057161659002304,-0.0035350785832854114,0.2,10.0,1075.475,526.8361037898279
97600,126321,1,0,0.5781148418784141,0.012999999523162841,0.6975245177745819,0.0003,-0.07608611080795527,0.0008927035,4870,0.1628284752368927,-0.0031017869951392996,0.2,10.0,1075.475,526.8361037898279
97800,127358,1,0,0.14629467260092496,0.017999999411404132,0.9337152391672134,0.0003,-0.08715746980160474,0.012316829,4880,0.02462354302406311,-0.004458423025163949,0.2,10.0,1075.475,526.8361037898279
98000,128210,1,0,0.12143087480217218,0.03149999910965562,0.9767077714204788,0.0003,-0.08490586951375008,0.010003082,4890,0.016531778499484062,-0.006559062742337129,0.2,10.0,1075.475,526.8361037898279
98200,125529,1,0,0.10740136504173278,0.03249999890103936,0.9452713206410408,0.0003,-0.10300794281065465,0.0064449236,4900,0.0176839716732502,0.00041620246908129487,0.2,10.0,1075.475,526.8361037898279
98400,124484,1,0,0.5874590083956719,0.04199999868869782,0.7576323598623276,0.0003,-0.10985004380345345,9.70292e-05,4910,0.17527416348457336,-0.011480566923688462,0.2,10.0,1075.475,526.8361037898279
98600,129524,1,0,0.22721444629132748,0.006999999843537807,0.9279165640473366,0.0003,-0.08463463336229324,0.0021953546,4920,0.05703786760568619,-0.0008139033823572284,0.2,10.0,1075.475,526.8361037898279
98800,125547,1,0,0.1711552031338215,0.021999999415129423,0.9388144053518772,0.0003,-0.10074185617268086,-0.015734658,4930,0.040819860994815826,-0.007261854300508297,0.2,10.0,1075.475,526.8361037898279
99000,127598,1,0,0.09850070774555206,0.07099999785423279,0.9499629698693752,0.0003,-0.10531803965568542,0.0052715926,4940,0.031443171203136444,-0.008615980612579755,0.2,10.0,1075.475,526.8361037898279
99200,129896,1,0,0.22739461101591588,0.045999998692423105,0.9657061882317066,0.0003,-0.11598593816161155,0.008175635,4950,0.03804783523082733,-0.008168397702858776,0.2,10.0,1075.475,526.8361037898279
99400,129975,1,0,0.9738477021455765,0.03799999943003059,0.9542800709605217,0.0003,-0.09536696821451188,0.0045567667,4960,0.12670987844467163,-0.005314071652654207,0.2,10.0,1075.475,526.8361037898279
99600,130873,1,0,0.6655935361981392,0.039499998558312654,0.823256328701973,0.0003,-0.10187631957232952,0.008506331,4970,0.2670753002166748,-0.00639009025424091,0.2,10.0,1229.530864197531,526.8361037898279
99800,135554,1,0,107.9973165512085,0.05099999913945794,0.08474719524383545,0.0003,-0.12053573839366435,-0.00020286161,4980,35.31211471557617,-0.009351593775034407,0.2,10.0,1229.530864197531,623.151305887763
100000,129200,1,0,1.8518126428127288,0.008999999705702066,-0.008122086524963379,0.0003,-0.11165282130241394,0.00066956994,4990,0.6579504609107971,-0.005205770062922976,0.2,10.0,1229.530864197531,623.151305887763
