mean\gen\train/learning_rate,mean\disc\disc_acc_expert,mean\gen\train/entropy_loss,mean\disc\disc_entropy,mean\gen\time/iterations,mean\disc\n_expert,mean\gen\train/clip_fraction,mean\gen\time/fps,mean\gen\train/approx_kl,mean\disc\disc_proportion_expert_true,mean\gen\time/total_timesteps,mean\gen\train/policy_gradient_loss,mean\gen\train/loss,mean\gen\train/explained_variance,mean\gen\train/clip_range,mean\disc\disc_acc_gen,mean\disc\global_step,mean\disc\n_generated,mean\disc\disc_proportion_expert_pred,mean\gen\train/n_updates,mean\gen\time/time_elapsed,mean\gen\train/value_loss,mean\disc\disc_loss,mean\disc\disc_acc
0.0003,0.458333358168602,-1.3833850741386413,0.4598080813884735,1.0,60.0,0.03699999889358878,258.0,0.013660022057592869,0.5,200.0,-0.023354788068914778,6.25990104675293,-0.16932451725006104,0.2,0.9500000476837158,1.0,60.0,0.25416666666666665,10.0,0.0,19.416926383972168,0.46562354266643524,0.7041667103767395
0.0003,0.6333333849906921,-1.368870884180069,0.41463029384613037,1.0,60.0,0.0,716.0,0.0038997321389615536,0.5,400.0,-0.011013201391615546,6.309819221496582,-0.13287901878356934,0.2,0.9583333730697632,2.0,60.0,0.3375,20.0,0.0,15.080231666564941,0.36398106813430786,0.7958333790302277
0.0003,0.7083333730697632,-1.369068157672882,0.5652043521404266,1.0,60.0,0.0,986.0,0.004286968149244785,0.5,600.0,-0.0010919968566449612,40.02505111694336,-1.58866286277771,0.2,0.6750000417232513,3.0,60.0,0.5166666666666666,30.0,0.0,88.11594276428222,0.4883328378200531,0.6916666924953461
0.0003,0.8083333671092987,-1.3609726786613465,0.5525357127189636,1.0,60.0,0.0009999999776482583,1411.0,0.008038374595344067,0.5,800.0,-0.009483129016472702,37.62687683105469,-1.1785306930541992,0.2,0.616666704416275,4.0,60.0,0.5958333333333333,40.0,0.0,77.79294891357422,0.4683743417263031,0.7125000655651093
0.0003,0.8916667103767395,-1.3519255936145782,0.5254271924495697,1.0,60.0,0.0,1763.0,0.005468625109642744,0.5,1000.0,-0.0066132165182494875,86.23065185546875,-0.0641028881072998,0.2,0.616666704416275,5.0,60.0,0.6375,50.0,0.0,206.22256393432616,0.5537394285202026,0.7541667222976685
0.0003,0.8416666984558105,-1.3429783165454865,0.5402294397354126,1.0,60.0,0.0,2094.0,0.0008773261797614396,0.5,1200.0,-0.004020755494479111,91.07173156738281,0.16243976354599,0.2,0.458333358168602,6.0,60.0,0.6916666666666667,60.0,0.0,197.38592834472655,0.6060930788516998,0.6500000357627869
0.0003,0.9333333969116211,-1.308363777399063,0.5177525281906128,1.0,60.0,0.03249999936670065,2544.0,0.012469137087464333,0.5,1400.0,-0.018034774646512375,27.01118278503418,-0.360934853553772,0.2,0.8083333671092987,7.0,60.0,0.5625,70.0,0.0,54.1576114654541,0.38958780467510223,0.8708333671092987
0.0003,0.916666716337204,-1.328114354610443,0.4981432110071182,1.0,60.0,0.0,2916.0,-0.0028438360895961523,0.5,1600.0,-0.0017446397198217056,164.81504821777344,0.047366201877593994,0.2,0.5083333551883698,8.0,60.0,0.7041666666666666,80.0,0.0,336.4945785522461,0.6585010290145874,0.7125000357627869
0.0003,0.7583333551883698,-1.3224440276622773,0.5566191375255585,1.0,60.0,0.0,3256.0,0.0041236113756895065,0.5,1800.0,-0.005496469521502156,73.9381332397461,0.1684061884880066,0.2,0.5166666805744171,9.0,60.0,0.6208333333333333,90.0,0.0,152.74996185302734,0.5901097357273102,0.6375000476837158
0.0003,0.791666716337204,-1.3130572438240051,0.5220588743686676,1.0,60.0,0.0,3647.0,0.003881343873217702,0.5,2000.0,-0.006442677923943841,75.66279602050781,0.35882169008255005,0.2,0.5000000149011612,10.0,60.0,0.6458333333333333,100.0,0.0,157.26358489990236,0.5476344227790833,0.6458333730697632
0.0003,0.7583333551883698,-1.3418086349964142,0.512626588344574,1.0,60.0,0.0,3907.0,-0.005772946868091822,0.5,2200.0,-0.005850785697286476,227.29754638671875,0.2131798267364502,0.2,0.42500001192092896,11.0,60.0,0.6666666666666667,110.0,0.0,475.87610321044923,0.7736759185791016,0.5916666984558105
0.0003,0.8000000417232513,-1.3128992319107056,0.5788743793964386,1.0,60.0,0.0004999999888241291,4251.0,0.0037833196111023426,0.5,2400.0,-0.007308433016616078,63.45667266845703,-0.005467414855957031,0.2,0.40833336114883423,12.0,60.0,0.6958333333333333,120.0,0.0,138.07768669128419,0.6051677763462067,0.6041666865348816
0.0003,0.6250000298023224,-1.3523139953613281,0.4908619821071625,1.0,60.0,0.008499999716877937,4772.0,-0.0009369688341394067,0.5,2600.0,-0.009199171473825096,123.87184143066406,0.4627668261528015,0.2,0.5750000178813934,13.0,60.0,0.5249999999999999,130.0,0.0,270.249747467041,0.7131264805793762,0.6000000536441803
0.0003,0.6250000298023224,-1.3536017894744874,0.59992316365242,1.0,60.0,0.0,5005.0,0.002757030539214611,0.5,2800.0,-0.006864685182226537,126.19547271728516,0.010381460189819336,0.2,0.21666668355464935,14.0,60.0,0.7041666666666666,140.0,0.0,270.49658050537107,0.8371829688549042,0.4208333492279053
0.0003,0.541666716337204,-1.3177903473377228,0.5748341679573059,1.0,60.0,0.009499999787658453,5374.0,0.0016351499361917377,0.5,3000.0,-0.01001971459246489,77.76332092285156,0.3507044315338135,0.2,0.616666704416275,15.0,60.0,0.4625,150.0,0.0,179.62113265991212,0.7215366661548615,0.5791666805744171
0.0003,0.5333333611488342,-1.3380549371242523,0.6222325265407562,1.0,60.0,0.0254999996162951,5832.0,0.0021249656565487385,0.5,3200.0,-0.008976784519734781,53.44625473022461,0.6202404201030731,0.2,0.4750000238418579,16.0,60.0,0.5291666666666667,160.0,0.0,112.66632652282715,0.7931821346282959,0.5041666924953461
0.0003,0.38333335518836975,-1.3196303009986878,0.5779656767845154,1.0,60.0,0.0004999999888241291,6036.0,0.004076782613992691,0.5,3400.0,-0.008613812678742505,43.089088439941406,0.6338215172290802,0.2,0.7250000238418579,17.0,60.0,0.32916666666666666,170.0,0.0,86.8324047088623,0.7394939064979553,0.554166704416275
0.0003,0.48333336412906647,-1.3520681381225585,0.6430969536304474,1.0,60.0,0.0024999999441206455,6418.0,0.002086981199681759,0.5,3600.0,-0.011212066245876428,54.23455810546875,-0.053249359130859375,0.2,0.3916666805744171,18.0,60.0,0.5458333333333334,180.0,0.0,112.14881248474121,0.839334636926651,0.4375000298023224
0.0003,0.34166668355464935,-1.2674988210201263,0.6193914115428925,1.0,60.0,0.0004999999888241291,6741.0,0.0030732350423932076,0.5,3800.0,-0.006828192301181879,24.40751838684082,-0.008383870124816895,0.2,0.8750000298023224,19.0,60.0,0.23333333333333334,190.0,0.0,55.57358989715576,0.7487317621707916,0.6083333492279053
0.0003,0.3750000298023224,-1.2732927680015564,0.6457424759864807,1.0,60.0,0.0004999999888241291,7067.0,0.009921149350702763,0.5,4000.0,-0.009117491034092318,25.01481819152832,-2.414968967437744,0.2,0.8833333849906921,20.0,60.0,0.24583333333333335,200.0,0.0,57.453010368347165,0.7524859309196472,0.6291666924953461
0.0003,0.3583333492279053,-1.2570672631263733,0.6628925800323486,1.0,60.0,0.0,7530.0,0.004193910863250494,0.5,4200.0,-0.005499252891167572,24.807409286499023,0.016141533851623535,0.2,0.8083333671092987,21.0,60.0,0.275,210.0,0.0,51.552503204345705,0.7342838943004608,0.5833333432674408
0.0003,0.48333337903022766,-1.2596599638462067,0.6621201634407043,1.0,60.0,0.02549999924376607,7893.0,0.012446936219930649,0.5,4400.0,-0.009843099117337228,29.80119514465332,-1.9146277904510498,0.2,0.8583333790302277,22.0,60.0,0.3125,220.0,0.0,62.84444751739502,0.6657139658927917,0.6708333790302277
0.0003,0.5416666865348816,-1.2498489141464233,0.6720907986164093,1.0,60.0,0.014499999582767487,8054.0,-0.006726819556206465,0.5,4600.0,-0.006647683313101993,23.27927589416504,-0.0409550666809082,0.2,0.791666716337204,23.0,60.0,0.375,230.0,0.0,47.84525146484375,0.6347822546958923,0.666666716337204
0.0003,0.616666704416275,-1.2410558938980103,0.6621595025062561,1.0,60.0,0.0,8784.0,0.002404686063528061,0.5,4800.0,-0.0023952173421278645,13.832927703857422,0.00019657611846923828,0.2,0.9250000417232513,24.0,60.0,0.3458333333333333,240.0,0.0,30.375408458709718,0.568226158618927,0.7708333730697632
0.0003,0.6333333551883698,-1.1896866321563722,0.6439497470855713,1.0,60.0,0.0009999999776482583,8956.0,0.017001744359731674,0.5,5000.0,-0.007195046200795474,14.171149253845215,-0.05954277515411377,0.2,0.9333333969116211,25.0,60.0,0.35,250.0,0.0,30.318290042877198,0.5398668944835663,0.7833333611488342
0.0003,0.6083333492279053,-1.1398041725158692,0.6362744867801666,1.0,60.0,0.024499999172985554,9604.0,0.03302141651511192,0.5,5200.0,-0.006929716830083521,13.128786087036133,0.33231550455093384,0.2,0.9250000715255737,26.0,60.0,0.3416666666666667,260.0,0.0,29.056075191497804,0.5377458333969116,0.7666667103767395
0.0003,0.5500000417232513,-1.2666050255298615,0.636837899684906,1.0,60.0,0.0,9229.0,-0.0007035625167191029,0.5,5400.0,-0.006150358399172262,53.97099304199219,-0.07474398612976074,0.2,0.4166666865348816,27.0,60.0,0.5666666666666667,270.0,0.0,115.4474868774414,0.7303014695644379,0.4833333492279053
0.0003,0.5750000178813934,-1.3388420283794402,0.5428220629692078,1.0,60.0,0.0,10016.0,-0.0014172198716551065,0.5,5600.0,-0.006678090102970558,368.91729736328125,-0.001603245735168457,0.2,0.28333335369825363,28.0,60.0,0.6458333333333333,280.0,0.0,745.0423156738282,1.0944111347198486,0.42916668951511383
0.0003,0.5750000476837158,-1.2523746907711029,0.5965525805950165,1.0,60.0,0.06849999837577343,8929.0,0.014394992962479591,0.5,5800.0,-0.018741747444029854,73.20375061035156,-0.009609103202819824,0.2,0.7833333909511566,29.0,60.0,0.3958333333333333,290.0,0.0,158.76928634643554,0.6674472987651825,0.679166704416275
0.0003,0.5833333730697632,-1.336443120241165,0.5880154073238373,1.0,60.0,0.033499999064952136,11018.0,0.006168736610561609,0.5,6000.0,-0.016660838135867807,83.26541137695312,-0.0033773183822631836,0.2,0.6250000298023224,30.0,60.0,0.47916666666666663,300.0,0.0,158.6329544067383,0.6920700967311859,0.6041667014360428
0.0003,0.4833333492279053,-1.360878187417984,0.5392455011606216,1.0,60.0,0.13449999606236815,11308.0,0.007240411825478077,0.5,6200.0,-0.022534068115754025,10.485855102539062,-0.02076268196105957,0.2,0.8916666805744171,31.0,60.0,0.29583333333333334,310.0,0.0,22.54964075088501,0.6854549646377563,0.6875000298023224
0.0003,0.46666669845581055,-1.3265936553478241,0.5368645787239075,1.0,60.0,0.09199999626725912,11552.0,0.00333089055493474,0.5,6400.0,-0.01672268031269759,3.704538345336914,-0.1141120195388794,0.2,0.9833333492279053,32.0,60.0,0.24166666666666667,320.0,0.0,8.796560335159302,0.6850253641605377,0.7250000536441803
0.0003,0.5333333611488342,-1.323122262954712,0.3968390226364136,1.0,60.0,0.14899999788030982,12209.0,0.029578223824501038,0.5,6600.0,-0.017912379340705088,1.3999842405319214,-0.8402156829833984,0.2,1.0,33.0,60.0,0.2666666666666667,330.0,0.0,3.5046027660369874,0.5181298553943634,0.7666667103767395
0.0003,0.4833333492279053,-1.2909773468971253,0.4307976961135864,1.0,60.0,0.21449999492615462,11744.0,0.025011282414197922,0.5,6800.0,-0.02734548472170717,0.24563969671726227,-1.1276195049285889,0.2,1.0,34.0,60.0,0.24166666666666667,340.0,0.0,0.7305707946419716,0.6292681992053986,0.741666704416275
0.0003,0.5666666924953461,-1.181718909740448,0.5284602642059326,1.0,60.0,0.003999999910593033,12268.0,0.0033548770006746054,0.5,7000.0,-0.003527563338197126,73.12451171875,-4.213649749755859,0.2,0.8333334028720856,35.0,60.0,0.3666666666666667,350.0,0.0,139.2164447784424,0.6718940436840057,0.7000000476837158
0.0003,0.5750000178813934,-1.201348316669464,0.5558116734027863,1.0,60.0,0.0,12407.0,0.001471733208745718,0.5,7200.0,-0.0033873260318432854,97.28074645996094,-6.014598369598389,0.2,0.5833333730697632,36.0,60.0,0.49583333333333335,360.0,0.0,186.79940872192384,0.7340191304683685,0.5791666805744171
0.0003,0.6250000298023224,-1.2124964773654938,0.5095633566379547,1.0,60.0,0.0,13200.0,0.0023236542474478483,0.5,7400.0,-0.002953749941639927,15.519453048706055,-4.905888080596924,0.2,0.8500000536441803,37.0,60.0,0.3875,370.0,0.0,32.992689323425296,0.5400657057762146,0.7375000417232513
0.0003,0.6416667103767395,-1.1753072917461396,0.5184838473796844,1.0,60.0,0.0,13852.0,0.0027578044682741165,0.5,7600.0,-0.0007207201508863337,57.02614974975586,-3.711153030395508,0.2,0.8000000417232513,38.0,60.0,0.42083333333333334,380.0,0.0,134.07194786071778,0.5115853548049927,0.7208333909511566
0.0003,0.6750000417232513,-1.163464254140854,0.5340388417243958,1.0,60.0,0.0009999999776482583,13695.0,-0.00338151422329247,0.5,7800.0,-0.0055288195369866955,59.498329162597656,-10.301630020141602,0.2,0.666666716337204,39.0,60.0,0.5041666666666667,390.0,0.0,129.77824363708496,0.5473436713218689,0.6708333492279053
0.0003,0.7666667103767395,-1.1603375971317291,0.5155287533998489,1.0,60.0,0.0,13782.0,0.0007024047081358731,0.5,8000.0,-0.0033922941783159468,54.468994140625,-5.304374694824219,0.2,0.6916667222976685,40.0,60.0,0.5375000000000001,400.0,0.0,117.03168106079102,0.4921347051858902,0.729166716337204
0.0003,0.8250000476837158,-1.180589461326599,0.49051395058631897,1.0,60.0,0.0,13325.0,0.00016748724738135934,0.5,8200.0,-0.0010285570374762188,53.928951263427734,-3.915799617767334,0.2,0.7000000476837158,41.0,60.0,0.5625,410.0,0.0,136.75357093811036,0.42457738518714905,0.7625000476837158
0.0003,0.8416667282581329,-1.2086632907390595,0.492292582988739,1.0,60.0,0.0,15147.0,0.0003478887374512851,0.5,8400.0,-0.0011881231539913272,23.61319923400879,-5.602810382843018,0.2,0.741666704416275,42.0,60.0,0.55,420.0,0.0,49.537207984924315,0.4103650748729706,0.791666716337204
0.0003,0.9083333611488342,-1.2167326509952545,0.4877364933490753,1.0,60.0,0.0014999999664723873,15021.0,-0.0013069058768451214,0.5,8600.0,-0.007764966888003854,31.39238166809082,-3.340178966522217,0.2,0.5750000476837158,43.0,60.0,0.6666666666666666,430.0,0.0,70.04529685974121,0.44089092314243317,0.741666704416275
0.0003,0.916666716337204,-1.204703015089035,0.4898608922958374,1.0,60.0,0.00699999975040555,16189.0,0.0019956217147409916,0.5,8800.0,-0.010178647676482733,37.64072799682617,-0.5756402015686035,0.2,0.5916666984558105,44.0,60.0,0.6625,440.0,0.0,74.39815177917481,0.4717140346765518,0.7541667222976685
0.0003,0.9500000476837158,-1.1926994562149047,0.4685726761817932,1.0,60.0,0.0004999999888241291,16289.0,0.0031079654581844807,0.5,9000.0,-0.004156886611657651,44.15390396118164,-3.3587160110473633,0.2,0.5666666924953461,45.0,60.0,0.6916666666666667,450.0,0.0,109.86522254943847,0.46702805161476135,0.7583333849906921
0.0003,0.8916667103767395,-1.2189020454883575,0.48561422526836395,1.0,60.0,0.0,16956.0,0.000256960978731513,0.5,9200.0,-0.0033630337522445155,60.781982421875,-0.5459736585617065,0.2,0.5583333671092987,46.0,60.0,0.6666666666666666,460.0,0.0,148.2788879394531,0.47424711287021637,0.7250000238418579
0.0003,0.8916667103767395,-1.2180966675281524,0.48050132393836975,1.0,60.0,0.0,14258.0,-0.002060727681964636,0.5,9400.0,-0.004268421007880718,35.5950813293457,-3.2601447105407715,0.2,0.6250000298023224,47.0,60.0,0.6333333333333333,470.0,0.0,79.83585510253906,0.4271015226840973,0.7583333849906921
0.0003,0.866666704416275,-1.16773801445961,0.4615895599126816,1.0,60.0,0.0,16681.0,-0.0007531439769081771,0.5,9600.0,-0.004187623516598293,72.74293518066406,-1.0644645690917969,0.2,0.40000002086162567,48.0,60.0,0.7333333333333334,480.0,0.0,168.9221649169922,0.5577168166637421,0.6333333849906921
0.0003,0.8416666984558105,-1.2085340201854706,0.4787880778312683,1.0,60.0,0.0,15425.0,-0.0005481275729835033,0.5,9800.0,-0.008140070235589514,45.41333770751953,-0.02007448673248291,0.2,0.49166667461395264,49.0,60.0,0.675,490.0,0.0,91.63799514770508,0.5528806149959564,0.6666666865348816
0.0003,0.8333333730697632,-1.186216789484024,0.4833272844552994,1.0,60.0,0.0,13567.0,-0.003353818552568555,0.5,10000.0,-0.0036861411985150026,52.01506423950195,-0.2728919982910156,0.2,0.46666669845581055,50.0,60.0,0.6833333333333333,500.0,0.0,106.71478080749512,0.5489272475242615,0.6500000357627869
0.0003,0.7666667103767395,-1.2295192241668702,0.4953581243753433,1.0,60.0,0.0,16656.0,0.011425059288740158,0.5,10200.0,-0.0070914219041587675,46.67644500732422,-3.349053382873535,0.2,0.533333346247673,51.0,60.0,0.6166666666666667,510.0,0.0,89.82579803466797,0.5109330415725708,0.6500000357627869
0.0003,0.8416666984558105,-1.247823703289032,0.47783274948596954,1.0,60.0,0.0029999999329447745,16344.0,-0.005179502069950104,0.5,10400.0,-0.010961947771487601,111.14604187011719,0.0085335373878479,0.2,0.40000002086162567,52.0,60.0,0.7208333333333333,520.0,0.0,222.63435287475585,0.7062568366527557,0.6208333671092987
0.0003,0.7083333730697632,-1.2305202186107635,0.5221494138240814,1.0,60.0,0.0034999999217689036,15839.0,-0.0032638455741107464,0.5,10600.0,-0.0051868785090043446,80.63134002685547,0.15688472986221313,0.2,0.48333336412906647,53.0,60.0,0.6125,530.0,0.0,151.6842300415039,0.5864607095718384,0.5958333611488342
0.0003,0.7083333730697632,-1.2022523820400237,0.5050583183765411,1.0,60.0,0.0,14793.0,0.0013608287554234266,0.5,10800.0,-0.0035864493562840494,46.50376892089844,-0.48245513439178467,0.2,0.5833333730697632,54.0,60.0,0.5625,540.0,0.0,106.72391242980957,0.5715758502483368,0.6458333730697632
0.0003,0.7500000298023224,-1.253929477930069,0.523093193769455,1.0,60.0,0.028999999072402714,19803.0,0.019929226487874985,0.5,11000.0,-0.013096068290295082,26.072282791137695,-0.07143902778625488,0.2,0.5666667222976685,55.0,60.0,0.5916666666666667,550.0,0.0,57.05130100250244,0.5558169782161713,0.6583333611488342
0.0003,0.6916667222976685,-1.2076339602470398,0.536449670791626,1.0,60.0,0.09949999758973718,19702.0,0.021273598074913025,0.5,11200.0,-0.022103941296692752,57.213504791259766,-9.739398956298828e-05,0.2,0.5666666924953461,56.0,60.0,0.5625,560.0,0.0,130.32695198059082,0.6410732269287109,0.6291666924953461
0.0003,0.5250000357627869,-1.137494945526123,0.5320348143577576,1.0,60.0,0.04350000005215406,20484.0,0.008671965450048447,0.5,11400.0,-0.013714855979924324,70.55030822753906,0.04289233684539795,0.2,0.5666666924953461,57.0,60.0,0.47916666666666663,570.0,0.0,151.3162628173828,0.7991766929626465,0.5458333492279053
0.0003,0.6500000357627869,-1.114070439338684,0.5607195198535919,1.0,60.0,0.010499999858438969,21302.0,0.015950802713632584,0.5,11600.0,-0.006108304026594879,40.003089904785156,-0.08544230461120605,0.2,0.5916666984558105,58.0,60.0,0.5291666666666667,580.0,0.0,88.37700729370117,0.6800736784934998,0.6208333671092987
0.0003,0.5583333671092987,-1.1140450239181519,0.5538331866264343,1.0,60.0,0.05449999887496233,21279.0,0.003098499495536089,0.5,11800.0,-0.007509268337627617,25.96334457397461,-1.9495518207550049,0.2,0.5583333671092987,59.0,60.0,0.5,590.0,0.0,60.55846748352051,0.7448909878730774,0.5583333671092987
0.0003,0.458333358168602,-1.0892738282680512,0.5610503852367401,1.0,60.0,0.13049999624490738,21560.0,0.011688467115163803,0.5,12000.0,-0.018732721831300835,15.027684211730957,-0.0009266138076782227,0.2,0.7250000238418579,60.0,60.0,0.3666666666666667,600.0,0.0,32.27333068847656,0.770667165517807,0.5916666984558105
0.0003,0.508333370089531,-1.0478751897811889,0.5566568672657013,1.0,60.0,0.13399999542161822,21460.0,0.012220554053783417,0.5,12200.0,-0.020464204760617832,6.242807388305664,-0.06604254245758057,0.2,0.8500000536441803,61.0,60.0,0.32916666666666666,610.0,0.0,14.213145923614501,0.7172719836235046,0.679166704416275
0.0003,0.5250000059604645,-1.000960260629654,0.5605987310409546,1.0,60.0,0.0,18263.0,0.004105359315872192,0.5,12400.0,-0.004469112579303336,7.295965194702148,-2.1753666400909424,0.2,0.9000000357627869,62.0,60.0,0.3125,620.0,0.0,19.47958197593689,0.6830283999443054,0.7125000357627869
0.0003,0.46666668355464935,-1.013640758395195,0.5770791471004486,1.0,60.0,0.0,15951.0,0.01470418181270361,0.5,12600.0,-0.004746764122450254,46.883296966552734,-3.5037498474121094,0.2,0.8333333730697632,63.0,60.0,0.31666666666666665,630.0,0.0,109.12474603652954,0.7163872122764587,0.6500000357627869
0.0003,0.5166666805744171,-0.9798196166753769,0.5721008777618408,1.0,60.0,0.0,21248.0,0.0017021356616169214,0.5,12800.0,-0.0029306285444472557,95.05814361572266,-1.0412988662719727,0.2,0.7666667103767395,64.0,60.0,0.375,640.0,0.0,177.59713745117188,0.6197018027305603,0.6416666805744171
0.0003,0.6083333790302277,-0.9226799100637436,0.5828996002674103,1.0,60.0,0.0,21402.0,0.00038635911187157035,0.5,13000.0,-0.0005616186728584438,22.868343353271484,-3.130763530731201,0.2,0.7083333730697632,65.0,60.0,0.44999999999999996,650.0,0.0,69.38722095489501,0.578081339597702,0.6583333611488342
0.0003,0.8916666805744171,-0.9431408762931823,0.6046904027462006,1.0,60.0,0.0,19043.0,0.001582408556714654,0.5,13200.0,-0.0015644606401729265,17.923051834106445,-5.924439907073975,0.2,0.6500000357627869,66.0,60.0,0.6208333333333333,660.0,0.0,40.62734317779541,0.5165896117687225,0.7708334028720856
0.0003,0.9750000536441803,-0.9378779321908951,0.5933176577091217,1.0,60.0,0.0,19557.0,-0.00012180209159851074,0.5,13400.0,-0.0009353208244824885,28.66896629333496,-1.7129976749420166,0.2,0.5583333671092987,67.0,60.0,0.7083333333333333,670.0,0.0,75.19367485046386,0.48229651153087616,0.7666667103767395
0.0003,0.991666704416275,-0.9558677434921264,0.5791653096675873,1.0,60.0,0.0,20053.0,0.001185738481581211,0.5,13600.0,-0.003223833014242672,31.448856353759766,0.018494009971618652,0.2,0.32500001788139343,68.0,60.0,0.8333333333333334,680.0,0.0,67.83978595733643,0.5069894343614578,0.6583333909511566
0.0003,0.9750000238418579,-0.9566226065158844,0.5615177154541016,1.0,60.0,0.0,19831.0,0.003517208155244589,0.5,13800.0,-0.0017550076590268303,21.22342872619629,-1.9522302150726318,0.2,0.5583333671092987,69.0,60.0,0.7083333333333334,690.0,0.0,46.27775497436524,0.435257688164711,0.7666667103767395
0.0003,0.9750000238418579,-0.9854791820049286,0.5610714852809906,1.0,60.0,0.0,18945.0,0.001050843857228756,0.5,14000.0,-0.003061854923252838,22.91614532470703,-1.1274890899658203,0.2,0.616666704416275,70.0,60.0,0.6791666666666667,700.0,0.0,52.27603874206543,0.4585779905319214,0.7958333790302277
0.0003,0.9500000476837158,-0.9595495671033859,0.5525563061237335,1.0,60.0,0.0004999999888241291,21494.0,0.0014089005999267101,0.5,14200.0,-0.002771000653068789,19.393754959106445,-2.689073324203491,0.2,0.6416666805744171,71.0,60.0,0.6541666666666667,710.0,0.0,57.52966747283936,0.42382797598838806,0.7958333790302277
0.0003,0.866666704416275,-0.9027249097824097,0.5515672564506531,1.0,60.0,0.13599999723955988,22580.0,0.038146354258060455,0.5,14400.0,-0.013700771859148374,10.153059005737305,0.08974474668502808,0.2,0.6833333671092987,72.0,60.0,0.5916666666666667,720.0,0.0,23.259898853302,0.45209284126758575,0.7750000357627869
0.0003,0.8666667342185974,-0.9738449871540069,0.5554960370063782,1.0,60.0,0.0034999999217689036,15999.0,0.006433975417166948,0.5,14600.0,-0.008586724940619916,18.641389846801758,-0.6708722114562988,0.2,0.616666704416275,73.0,60.0,0.625,730.0,0.0,40.110341262817386,0.47524671256542206,0.741666704416275
0.0003,0.8833333849906921,-0.9289019018411636,0.5490165650844574,1.0,60.0,0.13499999828636647,17373.0,0.02935083582997322,0.5,14800.0,-0.020382269589462966,27.183420181274414,-0.02402210235595703,0.2,0.550000011920929,74.0,60.0,0.6666666666666666,740.0,0.0,56.779130935668945,0.5000019818544388,0.7166667282581329
0.0003,0.9250000417232513,-1.0002430826425552,0.5417849123477936,1.0,60.0,0.04849999742582441,21202.0,-0.0075922622345387936,0.5,15000.0,-0.01198023025644943,42.771270751953125,0.010854899883270264,0.2,0.32500001788139343,75.0,60.0,0.8,750.0,0.0,85.21555023193359,0.5807455778121948,0.6250000298023224
0.0003,0.9083333909511566,-1.0184819132089615,0.5462833344936371,1.0,60.0,0.16549999667331577,22861.0,0.02680598385632038,0.5,15200.0,-0.019088320973562035,70.64203643798828,-0.00014650821685791016,0.2,0.2250000163912773,76.0,60.0,0.8416666666666667,760.0,0.0,151.02874832153321,0.6403763890266418,0.5666666924953461
0.0003,0.8333333730697632,-1.0596641957759858,0.5749869644641876,1.0,60.0,0.1569999935105443,24392.0,0.01725725829601288,0.5,15400.0,-0.020475392755819576,40.5629997253418,-0.0001100301742553711,0.2,0.491666704416275,77.0,60.0,0.6708333333333334,770.0,0.0,90.32503051757813,0.5720520913600922,0.6625000536441803
0.0003,0.7166667282581329,-1.0808369159698485,0.5405746698379517,1.0,60.0,0.23499999307096003,24945.0,0.016759326681494713,0.5,15600.0,-0.025841259330977095,5.756918430328369,-0.00042450428009033203,0.2,0.8166666924953461,78.0,60.0,0.44999999999999996,780.0,0.0,12.795640850067139,0.4351140856742859,0.7666667103767395
0.0003,0.6083333492279053,-1.1553703904151917,0.4945332556962967,1.0,60.0,0.41699999254196884,25401.0,0.05269654095172882,0.5,15800.0,-0.0436343234162778,0.5311565399169922,-0.0003241300582885742,0.2,0.98333340883255,79.0,60.0,0.3125,790.0,0.0,1.2342798292636872,0.4335906654596329,0.7958333790302277
0.0003,0.616666704416275,-1.200512659549713,0.4367803931236267,1.0,60.0,0.10949999783188105,24305.0,-0.0019299902487546206,0.5,16000.0,0.014635436319047557,1.65788996219635,-0.00019180774688720703,0.2,0.9833333492279053,80.0,60.0,0.31666666666666665,800.0,0.0,3.6397861003875733,0.4114679843187332,0.8000000417232513
0.0003,0.6000000536441803,-1.2320249378681183,0.3706999719142914,1.0,60.0,0.12849999573081733,24913.0,0.03434421122074127,0.5,16200.0,-0.005966826814437809,3.6808738708496094,-0.0001748800277709961,0.2,1.0,81.0,60.0,0.3,810.0,0.0,8.638963961601258,0.39427900314331055,0.8000000417232513
0.0003,0.5583333671092987,-1.255099320411682,0.41082678735256195,1.0,60.0,0.0,25105.0,0.013410812243819237,0.5,16400.0,-0.007776966832811283,1.1635140180587769,-0.0014200210571289062,0.2,1.0,82.0,60.0,0.2791666666666667,820.0,0.0,3.010743570327759,0.47240668535232544,0.7791666984558105
0.0003,0.6250000298023224,-1.3343763947486877,0.3775648921728134,1.0,60.0,0.18349999450147153,27240.0,0.01402504276484251,0.5,16600.0,-0.024736753134522615,1.4042346477508545,-0.0003548860549926758,0.2,0.9666667282581329,83.0,60.0,0.32916666666666666,830.0,0.0,3.464347016811371,0.4532778561115265,0.7958333790302277
0.0003,0.6750000417232513,-1.349533486366272,0.4221109002828598,1.0,60.0,0.30599999483674767,23460.0,0.06030904874205589,0.5,16800.0,-0.0339460699080373,4.175128936767578,-0.0010727643966674805,0.2,0.9333333671092987,84.0,60.0,0.37083333333333335,840.0,0.0,10.447123384475708,0.46746888756752014,0.804166704416275
0.0003,0.6416667103767395,-1.197604250907898,0.44313032925128937,1.0,60.0,0.004499999899417162,27446.0,-0.012056776322424412,0.5,17000.0,-0.010307364165666511,198.89404296875,0.02791363000869751,0.2,0.46666668355464935,85.0,60.0,0.5875,850.0,0.0,479.8023712158203,0.9496245682239532,0.554166704416275
0.0003,0.6666666865348816,-1.2609134495258332,0.4765487611293793,1.0,60.0,0.0,25511.0,0.004011876415461302,0.5,17200.0,-0.002070454539818556,18.684280395507812,-4.388627529144287,0.2,0.8500000536441803,86.0,60.0,0.4083333333333333,860.0,0.0,35.80237789154053,0.5606919527053833,0.7583333849906921
0.0003,0.6750000417232513,-1.1238772451877594,0.4620885103940964,1.0,60.0,0.0,23262.0,-0.0014899924863129854,0.5,17400.0,-0.002795053860420005,10.083758354187012,-0.4516739845275879,0.2,0.7750000357627869,87.0,60.0,0.44999999999999996,870.0,0.0,21.70430393218994,0.5707361698150635,0.7250000536441803
0.0003,0.7250000238418579,-1.1411365568637848,0.4389215260744095,1.0,60.0,0.0,22919.0,0.004492964595556259,0.5,17600.0,-0.005609151464566864,5.0374860763549805,-4.267813205718994,0.2,0.8583333790302277,88.0,60.0,0.43333333333333335,880.0,0.0,16.455098843574525,0.461668998003006,0.7916666865348816
0.0003,0.6916666924953461,-1.1919771671295165,0.4777604788541794,1.0,60.0,0.0009999999776482583,23452.0,0.005973577965050936,0.5,17800.0,-0.006511964859440766,8.968358993530273,-0.6189707517623901,0.2,0.8000000417232513,89.0,60.0,0.44583333333333336,890.0,0.0,21.418570137023927,0.5324797630310059,0.7458333969116211
0.0003,0.741666704416275,-1.0807059943675994,0.46711353957653046,1.0,60.0,0.0,23198.0,0.0005170112708583474,0.5,18000.0,0.00014856415905519781,35.01197814941406,-12.380819320678711,0.2,0.7833333611488342,90.0,60.0,0.4791666666666667,900.0,0.0,95.38640823364258,0.46154865622520447,0.7625000476837158
0.0003,0.741666704416275,-1.0804794669151305,0.4837469607591629,1.0,60.0,0.0,24527.0,-0.0003758964012376964,0.5,18200.0,-0.0006111290934440738,9.200170516967773,-2.772479295730591,0.2,0.666666716337204,91.0,60.0,0.5375,910.0,0.0,27.40319652557373,0.5014432221651077,0.7041666805744171
0.0003,0.7333333790302277,-1.0567054152488708,0.46767428517341614,1.0,60.0,0.0,24148.0,-0.00014667391951661557,0.5,18400.0,-0.0004407024863467113,22.144390106201172,-2.014583110809326,0.2,0.7416667342185974,92.0,60.0,0.49583333333333335,920.0,0.0,66.266015625,0.4830389469861984,0.7375000417232513
0.0003,0.8166667222976685,-1.1028017282485962,0.4636452943086624,1.0,60.0,0.0,30177.0,-0.0011169274803251028,0.5,18600.0,-0.0010006024077702236,11.420401573181152,-1.1215784549713135,0.2,0.7583333849906921,93.0,60.0,0.5291666666666667,930.0,0.0,24.84876403808594,0.41551347076892853,0.7875000536441803
0.0003,0.8833333551883698,-1.1278434634208678,0.45132604241371155,1.0,60.0,0.017999999597668646,25716.0,0.007766027934849262,0.5,18800.0,-0.012640352722693926,1.1256107091903687,0.5160263478755951,0.2,0.8750000298023224,94.0,60.0,0.5041666666666667,940.0,0.0,3.349049282073975,0.3396601527929306,0.8791666924953461
0.0003,0.9416666924953461,-1.1122133910655976,0.44350849092006683,1.0,60.0,0.0,22465.0,-0.007007839158177376,0.5,19000.0,-0.005145758173311777,6.227396011352539,-0.5102746486663818,0.2,0.7166667282581329,95.0,60.0,0.6125,950.0,0.0,14.687588977813721,0.37949709594249725,0.8291667103767395
0.0003,0.916666716337204,-1.1702292084693908,0.45914648473262787,1.0,60.0,0.0,25464.0,-0.0009324514539912343,0.5,19200.0,0.0004044710939197671,11.346667289733887,-2.1006476879119873,0.2,0.6333333849906921,96.0,60.0,0.6416666666666666,960.0,0.0,40.18816957473755,0.4351278096437454,0.7750000357627869
0.0003,0.9416667222976685,-1.0640777170658111,0.4283071607351303,1.0,60.0,0.0,25459.0,0.0018727731658145785,0.5,19400.0,-0.005125275345402613,10.496700286865234,0.0612751841545105,0.2,0.6583333611488342,97.0,60.0,0.6416666666666667,970.0,0.0,28.595667457580568,0.4204506278038025,0.8000000417232513
0.0003,0.916666716337204,-1.152485728263855,0.460921972990036,1.0,60.0,0.0004999999888241291,28841.0,0.005107647739350796,0.5,19600.0,-0.008948657309403885,14.35450267791748,0.10929948091506958,0.2,0.6500000357627869,98.0,60.0,0.6333333333333333,980.0,0.0,26.55576295852661,0.45875677466392517,0.7833333611488342
0.0003,0.9416667222976685,-1.1054530680179595,0.4578375816345215,1.0,60.0,0.0014999999664723873,31741.0,0.0019202262628823519,0.5,19800.0,-0.009471535904100038,12.163352966308594,-0.3892323970794678,0.2,0.741666704416275,99.0,60.0,0.6,990.0,0.0,29.68583345413208,0.39354170858860016,0.8416666984558105
0.0003,0.8416666984558105,-1.061387199163437,0.46228423714637756,1.0,60.0,0.0,31931.0,-0.0010548759019002318,0.5,20000.0,-0.011688243628945116,21.307409286499023,-0.012766838073730469,0.2,0.6416666805744171,100.0,60.0,0.6000000000000001,1000.0,0.0,47.874923133850096,0.45765115320682526,0.741666704416275
0.0003,0.9083333611488342,-1.1209842205047607,0.4380519837141037,1.0,60.0,0.0009999999776482583,34416.0,0.009515861049294472,0.5,20200.0,-0.011351898986380515,23.406980514526367,0.022846519947052002,0.2,0.5750000178813934,101.0,60.0,0.6666666666666667,1010.0,0.0,45.138907241821286,0.46434126794338226,0.741666704416275
0.0003,0.7500000596046448,-1.0551143646240235,0.47728434205055237,1.0,60.0,0.0,28106.0,0.015843762084841728,0.5,20400.0,-0.01139957385871071,5.4328083992004395,-0.04137301445007324,0.2,0.7750000655651093,102.0,60.0,0.4875,1020.0,0.0,12.736365032196044,0.45231279730796814,0.7625000476837158
0.0003,0.7083333730697632,-0.9973391056060791,0.4694675952196121,1.0,60.0,0.0,35446.0,0.010487894527614117,0.5,20600.0,-0.0091069260705261,5.206360340118408,-0.059839844703674316,0.2,0.8250000476837158,103.0,60.0,0.44166666666666665,1030.0,0.0,12.399108982086181,0.44547268748283386,0.7666667103767395
0.0003,0.7166666984558105,-0.9889616519212723,0.4828092008829117,1.0,60.0,0.0,35931.0,0.006241012364625931,0.5,20800.0,-0.00412179627257867,6.103034019470215,-1.6362478733062744,0.2,0.6500000357627869,104.0,60.0,0.5333333333333333,1040.0,0.0,17.370908212661742,0.49626415967941284,0.6833333671092987
0.0003,0.7500000298023224,-0.9851523995399475,0.4874577224254608,1.0,60.0,0.0,36159.0,0.00275513157248497,0.5,21000.0,-0.005191630927729385,8.301694869995117,0.09218448400497437,0.2,0.7333333790302277,105.0,60.0,0.5083333333333333,1050.0,0.0,19.41332874298096,0.48500949144363403,0.741666704416275
0.0003,0.8333333730697632,-0.9687700927257538,0.4867088198661804,1.0,60.0,0.0029999999329447745,37097.0,0.008856805972754955,0.5,21200.0,-0.008933308790554229,10.482996940612793,0.20741891860961914,0.2,0.6583333611488342,106.0,60.0,0.5875,1060.0,0.0,19.58224630355835,0.45817337930202484,0.7458333671092987
0.0003,0.8916667103767395,-0.936302101612091,0.4968404769897461,1.0,60.0,0.028999999165534973,35821.0,0.005921387579292059,0.5,21400.0,-0.013337471383041333,4.365904808044434,0.08050137758255005,0.2,0.7583333849906921,107.0,60.0,0.5666666666666667,1070.0,0.0,10.917306470870972,0.4364968240261078,0.8250000476837158
0.0003,0.9500000476837158,-0.9047884792089462,0.5064677149057388,1.0,60.0,0.0,35388.0,-0.005025004036724567,0.5,21600.0,-0.00339424895375835,25.97100067138672,0.03608596324920654,0.2,0.5583333373069763,108.0,60.0,0.6958333333333333,1080.0,0.0,52.52279109954834,0.5109748393297195,0.7541666924953461
0.0003,0.9666667282581329,-0.9654936701059341,0.49945226311683655,1.0,60.0,0.0034999999217689036,30575.0,-0.0029167854227125645,0.5,21800.0,-0.010061351335491065,50.01359939575195,0.07358771562576294,0.2,0.5333333611488342,109.0,60.0,0.7166666666666667,1090.0,0.0,85.40173664093018,0.517580971121788,0.7500000298023224
0.0003,0.98333340883255,-1.0309969305992126,0.5282594263553619,1.0,60.0,0.0014999999664723873,28244.0,0.004033511038869619,0.5,22000.0,-0.003375846086812073,47.4120979309082,0.0011919736862182617,0.2,0.3500000238418579,110.0,60.0,0.8166666666666667,1100.0,0.0,100.78900260925293,0.612516313791275,0.666666716337204
0.0003,0.9333333671092987,-1.0089301407337188,0.5469576120376587,1.0,60.0,0.004499999899417162,32087.0,0.0028779092244803905,0.5,22200.0,-0.007914834057329756,24.430049896240234,0.003198385238647461,0.2,0.5750000327825546,111.0,60.0,0.6791666666666667,1110.0,0.0,55.728210830688475,0.5134752541780472,0.7541667222976685
0.0003,0.8250000476837158,-1.0547182381153106,0.5658232569694519,1.0,60.0,0.02249999959021807,38132.0,0.012817603535950184,0.5,22400.0,-0.01748431480070565,39.757789611816406,-0.00016224384307861328,0.2,0.5333333611488342,112.0,60.0,0.6458333333333334,1120.0,0.0,82.10638961791992,0.5865659117698669,0.679166704416275
0.0003,0.6583333611488342,-1.0195199131965638,0.5563496649265289,1.0,60.0,0.17399999340996147,37893.0,0.02013551816344261,0.5,22600.0,-0.01820333658554585,3.2851109504699707,0.002997756004333496,0.2,0.7833333611488342,113.0,60.0,0.4375,1130.0,0.0,8.26988091468811,0.5021650344133377,0.7208333611488342
0.0003,0.5916666984558105,-0.9669929474592209,0.5150748193264008,1.0,60.0,0.23849999560043217,37662.0,0.035121116787195206,0.5,22800.0,-0.02996328795806038,0.2942464053630829,0.01081550121307373,0.2,0.916666716337204,114.0,60.0,0.3375,1140.0,0.0,0.6760714560747146,0.5427741408348083,0.7541667222976685
0.0003,0.5916666984558105,-1.0000586748123168,0.4966307580471039,1.0,60.0,0.2974999908357859,39220.0,0.036205463111400604,0.5,23000.0,-0.026286841640249036,0.8121174573898315,0.0031337738037109375,0.2,0.9833333492279053,115.0,60.0,0.3041666666666667,1150.0,0.0,1.979112410545349,0.4986838549375534,0.7875000536441803
0.0003,0.616666704416275,-0.9764097988605499,0.5099103152751923,1.0,60.0,0.0,40315.0,0.01614597626030445,0.5,23200.0,-0.005140072672336826,0.5688996911048889,0.015602052211761475,0.2,0.9583334028720856,116.0,60.0,0.32916666666666666,1160.0,0.0,1.7490772962570191,0.4899526834487915,0.7875000536441803
0.0003,0.6416667103767395,-0.8980037480592727,0.4839610159397125,1.0,60.0,0.1284999988041818,39696.0,0.009616440162062645,0.5,23400.0,-0.02398454020172358,2.987534523010254,-0.7025595903396606,0.2,0.8166667222976685,117.0,60.0,0.4125,1170.0,0.0,7.18988184928894,0.5274355560541153,0.7291666865348816
0.0003,0.6583333611488342,-0.9006597459316253,0.40376710891723633,1.0,60.0,0.0054999997839331625,38919.0,0.0037338959518820047,0.5,23600.0,-0.0019252054441025734,0.5565609335899353,0.020020604133605957,0.2,0.991666704416275,118.0,60.0,0.33333333333333337,1180.0,0.0,5.347500586509705,0.3549282103776932,0.8250000178813934
0.0003,0.7000000476837158,-0.9035990536212921,0.4689016491174698,1.0,60.0,0.0,40171.0,0.002085325075313449,0.5,23800.0,-0.002806584507519716,0.5104729533195496,0.28322821855545044,0.2,0.9583334028720856,119.0,60.0,0.37083333333333335,1190.0,0.0,1.6623848378658295,0.3990878760814667,0.8291667103767395
0.0003,0.7750000357627869,-0.8975410908460617,0.47149117290973663,1.0,60.0,0.13849999606609345,38935.0,0.015818867832422256,0.5,24000.0,-0.022384620959754287,0.673940896987915,0.5194334387779236,0.2,0.916666716337204,120.0,60.0,0.4291666666666667,1200.0,0.0,2.2800076723098757,0.3766799867153168,0.8458333611488342
0.0003,0.7583333849906921,-0.9187693268060684,0.4266439229249954,1.0,60.0,0.0,34614.0,-0.006504029966890812,0.5,24200.0,-0.007982237570686123,1.3374625444412231,0.41373497247695923,0.2,0.9833333492279053,121.0,60.0,0.38749999999999996,1210.0,0.0,4.7597097754478455,0.30788321793079376,0.8708333671092987
0.0003,0.8833333849906921,-0.8558613717556,0.42596691846847534,1.0,60.0,0.08799999784678221,29960.0,0.05057136341929436,0.5,24400.0,-0.01776947851269508,2.129161834716797,0.5448393225669861,0.2,0.9333333671092987,122.0,60.0,0.475,1220.0,0.0,6.096140885353089,0.28535589575767517,0.9083333611488342
0.0003,0.9666666984558105,-0.9047260016202927,0.43788138031959534,1.0,60.0,0.040499999281018974,41317.0,0.027721360325813293,0.5,24600.0,-0.01686426958162337,1.081572413444519,0.7496137320995331,0.2,0.8500000238418579,123.0,60.0,0.5583333333333333,1230.0,0.0,3.695707821846008,0.2902757376432419,0.9083333611488342
0.0003,0.9500000476837158,-0.9561908960342407,0.49055300652980804,1.0,60.0,0.0,40740.0,0.008816179819405079,0.5,24800.0,-0.01259093324397682,6.770010471343994,0.3111257553100586,0.2,0.6416666805744171,124.0,60.0,0.6541666666666667,1240.0,0.0,22.14835844039917,0.4339498430490494,0.7958333790302277
0.0003,0.9833333492279053,-1.0119463145732879,0.4715220034122467,1.0,60.0,0.0,44647.0,0.005549285560846329,0.5,25000.0,-0.013760335164144521,49.880001068115234,0.08083993196487427,0.2,0.3750000149011612,125.0,60.0,0.8041666666666667,1250.0,0.0,119.50691642761231,0.6669344007968903,0.679166704416275
0.0003,0.9750000536441803,-1.045338624715805,0.5089172124862671,1.0,60.0,0.0,44879.0,0.002884447807446122,0.5,25200.0,-0.008804318647889886,37.47636795043945,-0.02134239673614502,0.2,0.5166666805744171,126.0,60.0,0.7291666666666667,1260.0,0.0,87.93834991455078,0.5755881667137146,0.7458333671092987
0.0003,0.9583333730697632,-1.0504369676113128,0.5299463272094727,1.0,60.0,0.0,42992.0,-0.007204764522612095,0.5,25400.0,-0.010031364526250286,14.533629417419434,-0.024105072021484375,0.2,0.6333333849906921,127.0,60.0,0.6625000000000001,1270.0,0.0,30.58886194229126,0.48775674402713776,0.7958333790302277
0.0003,0.9250000417232513,-1.1021470904350281,0.5419251322746277,1.0,60.0,0.0034999999217689036,45224.0,0.010098014026880264,0.5,25600.0,-0.010212412526481529,14.805849075317383,-0.00404512882232666,0.2,0.45000001788139343,128.0,60.0,0.7375,1280.0,0.0,33.39278240203858,0.5272461771965027,0.6875000596046448
0.0003,0.8916667103767395,-1.1101237654685974,0.5393632650375366,1.0,60.0,0.039499998185783626,46277.0,0.014168258756399155,0.5,25800.0,-0.02259088403941121,18.386199951171875,-0.0004706382751464844,0.2,0.6500000357627869,129.0,60.0,0.6208333333333333,1290.0,0.0,42.3578462600708,0.49830731749534607,0.7708333730697632
0.0003,0.7250000238418579,-1.1386149168014525,0.5247977375984192,1.0,60.0,0.37049998799338935,47565.0,0.016330048441886902,0.5,26000.0,-0.035209238253533746,0.7039569020271301,-0.0022287368774414062,0.2,0.8833333849906921,130.0,60.0,0.42083333333333334,1300.0,0.0,1.8269795179367065,0.4150754511356354,0.804166704416275
0.0003,0.6333333849906921,-1.2416895568370818,0.5016597956418991,1.0,60.0,0.180499994661659,46114.0,0.02747606672346592,0.5,26200.0,-0.023726484206155883,0.9257299304008484,-0.00209963321685791,0.2,0.9333333671092987,131.0,60.0,0.35,1310.0,0.0,2.4617941677570343,0.4107246547937393,0.7833333909511566
0.0003,0.6333333551883698,-1.1478792786598206,0.5555533766746521,1.0,60.0,0.01349999951198697,47608.0,0.0054778847843408585,0.5,26400.0,-0.013655264223547191,4.674569129943848,-0.04324626922607422,0.2,0.7833333909511566,132.0,60.0,0.42500000000000004,1320.0,0.0,9.266160082817077,0.5521720349788666,0.7083333730697632
0.0003,0.541666716337204,-1.1666172862052917,0.5319345891475677,1.0,60.0,0.0,48252.0,0.0002921801060438156,0.5,26600.0,-0.0069743811993393965,16.66299057006836,-0.8419972658157349,0.2,0.8000000417232513,133.0,60.0,0.37083333333333335,1330.0,0.0,59.05428848266602,0.6279930174350739,0.6708333790302277
0.0003,0.6333333551883698,-1.1494539320468902,0.5370218455791473,1.0,60.0,0.0,48201.0,0.006401494145393372,0.5,26800.0,-0.005707068961171902,10.194890975952148,-0.06964468955993652,0.2,0.666666716337204,134.0,60.0,0.4833333333333333,1340.0,0.0,22.208676433563234,0.6410708129405975,0.6500000357627869
0.0003,0.6916667222976685,-1.084131520986557,0.5274777114391327,1.0,60.0,0.0,47370.0,0.0042987666092813015,0.5,27000.0,-0.002757894578877318,5.058018207550049,-1.8612465858459473,0.2,0.7666667103767395,135.0,60.0,0.4625,1350.0,0.0,14.796140384674072,0.5789465308189392,0.7291666865348816
0.0003,0.7000000178813934,-1.1553676784038545,0.5527268350124359,1.0,60.0,0.031999999098479746,42689.0,0.0286578182131052,0.5,27200.0,-0.01748245294601656,2.9728844165802,0.004453599452972412,0.2,0.7083333730697632,136.0,60.0,0.49583333333333335,1360.0,0.0,6.973284411430359,0.5371456444263458,0.7041666805744171
0.0003,0.7583333849906921,-1.085988301038742,0.5109376311302185,1.0,60.0,0.0,45521.0,-0.013912275433540344,0.5,27400.0,-0.005697314455814251,34.89509201049805,0.029322564601898193,0.2,0.5500000417232513,137.0,60.0,0.6041666666666667,1370.0,0.0,70.41311664581299,0.6942222416400909,0.6541666984558105
0.0003,0.791666716337204,-1.1055652618408203,0.5033159852027893,1.0,60.0,0.0,49494.0,0.0026842597872018814,0.5,27600.0,-0.00346543305100937,10.178070068359375,0.007935822010040283,0.2,0.6416666805744171,138.0,60.0,0.575,1380.0,0.0,23.302768898010253,0.5453153252601624,0.7166666984558105
0.0003,0.8250000476837158,-1.0325791537761688,0.5154606997966766,1.0,60.0,0.0014999999664723873,47931.0,0.0006696912460029125,0.5,27800.0,-0.003948121232557255,4.599328517913818,0.05666714906692505,0.2,0.8250000476837158,139.0,60.0,0.5,1390.0,0.0,11.496119117736816,0.4088907390832901,0.8250000178813934
0.0003,0.8750000596046448,-1.1072991132736205,0.5370686054229736,1.0,60.0,0.043999998830258846,49385.0,0.001943145296536386,0.5,28000.0,-0.014937696639288322,1.0125656127929688,-0.2069491147994995,0.2,0.7833333611488342,140.0,60.0,0.5458333333333334,1400.0,0.0,2.524403291940689,0.42140790820121765,0.8291667103767395
0.0003,0.9416666924953461,-1.0446543097496033,0.4754781126976013,1.0,60.0,0.0,48904.0,0.004907395225018263,0.5,28200.0,0.0012445185007527114,2.486661911010742,-1.9729809761047363,0.2,0.6416666805744171,141.0,60.0,0.65,1410.0,0.0,8.665286374092101,0.38546089828014374,0.7916666865348816
0.0003,0.9750000238418579,-1.0735586643218995,0.48376959562301636,1.0,60.0,0.02849999936297536,49860.0,0.00789603590965271,0.5,28400.0,-0.012669963736250978,3.124953031539917,-0.310505747795105,0.2,0.7000000476837158,142.0,60.0,0.6375,1420.0,0.0,7.222074294090271,0.37044307589530945,0.8375000357627869
0.0003,0.991666704416275,-1.0592027366161347,0.44317299127578735,1.0,60.0,0.057999998703598975,52354.0,0.02590184099972248,0.5,28600.0,-0.020122460728773196,1.514506459236145,0.07155287265777588,0.2,0.7833333909511566,143.0,60.0,0.6041666666666667,1430.0,0.0,3.3255356311798097,0.3148863613605499,0.8875000476837158
0.0003,0.9583334028720856,-1.0366713285446167,0.4279671609401703,1.0,60.0,0.159499997086823,48903.0,0.021677367389202118,0.5,28800.0,-0.02763668711949139,0.9636803269386292,0.0867300033569336,0.2,0.7583333551883698,144.0,60.0,0.6,1440.0,0.0,1.8134547650814057,0.32900388538837433,0.8583333790302277
0.0003,0.9333333969116211,-0.9952166974544525,0.45499835908412933,1.0,60.0,0.10499999588355421,50022.0,0.022694416344165802,0.5,29000.0,-0.020686756184324605,0.7084778547286987,-0.14839518070220947,0.2,0.7666667103767395,145.0,60.0,0.5833333333333333,1450.0,0.0,1.6985294342041015,0.3699478656053543,0.8500000238418579
0.0003,0.9583334028720856,-0.9258052736520768,0.4143214523792267,1.0,60.0,0.07999999765306712,52876.0,-0.012393396347761154,0.5,29200.0,-0.017925494666735188,0.7420457601547241,0.08045071363449097,0.2,0.7833333611488342,146.0,60.0,0.5874999999999999,1460.0,0.0,1.5120726883411408,0.3284464627504349,0.8708333671092987
0.0003,0.9250000417232513,-0.9096214473247528,0.46242301166057587,1.0,60.0,0.016999999713152646,51220.0,-0.0015665995888411999,0.5,29400.0,-0.007019449069484729,1.544100284576416,0.09541076421737671,0.2,0.6750000417232513,147.0,60.0,0.625,1470.0,0.0,4.109071612358093,0.39308203756809235,0.8000000417232513
0.0003,0.9416666924953461,-0.9275702685117722,0.45038633048534393,1.0,60.0,0.034999999403953555,49982.0,-0.001588751096278429,0.5,29600.0,-0.012633324749302233,1.5030018091201782,0.1830264925956726,0.2,0.666666716337204,148.0,60.0,0.6375,1480.0,0.0,3.390455973148346,0.3795081824064255,0.804166704416275
0.0003,0.9583334028720856,-0.9248199790716172,0.43635258078575134,1.0,60.0,0.0004999999888241291,51272.0,0.0008338077459484339,0.5,29800.0,-0.00785245797631795,3.3063948154449463,0.09929966926574707,0.2,0.5833333730697632,149.0,60.0,0.6875,1490.0,0.0,7.552283787727356,0.4031253159046173,0.7708333730697632
0.0003,0.98333340883255,-0.8748087167739869,0.4386579990386963,1.0,60.0,0.012499999720603228,52581.0,0.004687528125941753,0.5,30000.0,-0.010716618849022775,2.5114800930023193,0.08277034759521484,0.2,0.6750000417232513,150.0,60.0,0.6541666666666667,1500.0,0.0,6.734530353546143,0.36299510300159454,0.8291667103767395
0.0003,0.9750000536441803,-0.9612492710351944,0.4538828730583191,1.0,60.0,0.0,55068.0,-0.00017437906353734434,0.5,30200.0,-0.0032007616378251667,17.37360191345215,0.0243380069732666,0.2,0.36666668951511383,151.0,60.0,0.8041666666666667,1510.0,0.0,39.466749382019046,0.5293980836868286,0.6708333790302277
0.0003,1.0,-0.9397512882947922,0.45800139009952545,1.0,60.0,0.0014999999664723873,52775.0,-0.0013125130208209157,0.5,30400.0,-0.006809254002800813,7.840478897094727,0.037835776805877686,0.2,0.5583333671092987,152.0,60.0,0.7208333333333333,1520.0,0.0,14.296165275573731,0.4452356994152069,0.7791666984558105
0.0003,0.9750000536441803,-1.0500714838504792,0.42506931722164154,1.0,60.0,0.0,54318.0,0.0017864755354821682,0.5,30600.0,-0.0013054443348387678,87.9052963256836,0.0013426542282104492,0.2,0.21666666865348816,153.0,60.0,0.8791666666666667,1530.0,0.0,180.45475082397462,0.7222052216529846,0.5958333611488342
0.0003,0.9833333492279053,-0.9808027356863022,0.4880804419517517,1.0,60.0,0.0,53033.0,0.002023457083851099,0.5,30800.0,-0.0016658978070065444,19.440994262695312,0.006249189376831055,0.2,0.38333335518836975,154.0,60.0,0.8,1540.0,0.0,37.760907363891604,0.5166630446910858,0.6833333671092987
0.0003,0.9666667282581329,-1.0103222846984863,0.5265872478485107,1.0,60.0,0.0,51342.0,0.0038978378288447857,0.5,31000.0,-0.00281812835595332,10.776577949523926,0.025814354419708252,0.2,0.4750000089406967,155.0,60.0,0.7458333333333333,1550.0,0.0,23.829979419708252,0.47821854054927826,0.7208333611488342
0.0003,0.9666666984558105,-1.0835587978363037,0.5496716201305389,1.0,60.0,0.0,53501.0,0.0027428939938545227,0.5,31200.0,-0.00224957747552601,18.162778854370117,0.0043267011642456055,0.2,0.3916666805744171,156.0,60.0,0.7875000000000001,1560.0,0.0,40.36242408752442,0.5712270140647888,0.679166704416275
0.0003,0.9416667222976685,-1.1406538844108582,0.558302640914917,1.0,60.0,0.007999999821186066,56192.0,0.0018201004713773727,0.5,31400.0,-0.005901500010193672,3.214693784713745,-1.0728836059570312e-06,0.2,0.5416667014360428,157.0,60.0,0.7,1570.0,0.0,7.5263512134552,0.466209352016449,0.741666704416275
0.0003,0.7666667103767395,-1.1007010161876678,0.5418262183666229,1.0,60.0,0.11949999621137977,54771.0,0.018353868275880814,0.5,31600.0,-0.01545714595942993,1.088038444519043,-0.00025856494903564453,0.2,0.9083333909511566,158.0,60.0,0.4291666666666667,1580.0,0.0,2.7447763800621034,0.4006683677434921,0.8375000357627869
0.0003,0.6916666924953461,-0.9908664882183075,0.530191034078598,1.0,60.0,0.17299999613314868,57990.0,0.0015250674914568663,0.5,31800.0,-0.020948497460543967,2.447176933288574,0.0008053183555603027,0.2,0.9083333611488342,159.0,60.0,0.39166666666666666,1590.0,0.0,5.348248386383057,0.44235703349113464,0.8000000417232513
0.0003,0.5750000476837158,-1.0455739796161652,0.5103107690811157,1.0,60.0,0.0014999999664723873,57452.0,0.002747659105807543,0.5,32000.0,0.004302217373973604,5.928356647491455,0.02244269847869873,0.2,0.9583333730697632,160.0,60.0,0.30833333333333335,1600.0,0.0,12.510595750808715,0.46548859775066376,0.7666667103767395
0.0003,0.5750000178813934,-1.1258095383644104,0.4728592336177826,1.0,60.0,0.024499999731779097,57893.0,0.016718866303563118,0.5,32200.0,-0.013408455310971411,8.238945960998535,-0.0013189315795898438,0.2,0.9666666984558105,161.0,60.0,0.3041666666666667,1610.0,0.0,18.32150020599365,0.44457313418388367,0.7708333730697632
0.0003,0.616666704416275,-1.0668331801891326,0.4734078347682953,1.0,60.0,0.0,55996.0,0.0034442516043782234,0.5,32400.0,-0.005941520397165867,5.8409647941589355,0.04032695293426514,0.2,0.98333340883255,162.0,60.0,0.31666666666666665,1620.0,0.0,12.888841152191162,0.45105689764022827,0.8000000417232513
0.0003,0.7250000238418579,-1.0644900441169738,0.4797586351633072,1.0,60.0,0.07349999845027924,57883.0,0.007550659589469433,0.5,32600.0,-0.010669129611342143,4.101465702056885,-0.009802579879760742,0.2,0.9416667222976685,163.0,60.0,0.3916666666666667,1630.0,0.0,8.59652111530304,0.40132226049900055,0.8333333730697632
0.0003,0.6750000417232513,-1.0505505740642547,0.512985035777092,1.0,60.0,0.1494999960064888,56118.0,0.019449234008789062,0.5,32800.0,-0.015821534799644786,1.6710549592971802,-0.023900747299194336,0.2,0.9333333671092987,164.0,60.0,0.37083333333333335,1640.0,0.0,4.027599596977234,0.45539070665836334,0.8041667342185974
0.0003,0.741666704416275,-1.0451664686203004,0.5285298526287079,1.0,60.0,0.14899999806657432,59293.0,0.022758744657039642,0.5,33000.0,-0.010850335184601167,2.735684394836426,-0.05612301826477051,0.2,0.8000000417232513,165.0,60.0,0.4708333333333333,1650.0,0.0,6.018385314941407,0.47819752991199493,0.7708334028720856
0.0003,0.7583333551883698,-1.011615014076233,0.4986860603094101,1.0,60.0,0.0004999999888241291,59539.0,9.40379686653614e-05,0.5,33200.0,0.0028730278701914356,4.2678327560424805,-1.6782112121582031,0.2,0.7666667103767395,166.0,60.0,0.49583333333333335,1660.0,0.0,16.91838502883911,0.4667943865060806,0.7625000476837158
0.0003,0.7333333492279053,-0.9638524353504181,0.4764135926961899,1.0,60.0,0.12999999783933164,57328.0,0.015433186665177345,0.5,33400.0,-0.013268921079492558,1.8563872575759888,0.14144790172576904,0.2,0.9083333611488342,167.0,60.0,0.4125,1670.0,0.0,4.973415350914001,0.4035937339067459,0.8208333849906921
0.0003,0.7166667282581329,-0.9847663462162017,0.4593595564365387,1.0,60.0,0.0,58896.0,0.0005454107886180282,0.5,33600.0,0.00015615206118675397,1.5688769817352295,-0.1116030216217041,0.2,0.9000000357627869,168.0,60.0,0.4083333333333333,1680.0,0.0,4.632442700862884,0.3877851068973541,0.8083333969116211
0.0003,0.7250000238418579,-0.9341117292642593,0.4259972870349884,1.0,60.0,0.0,61956.0,0.0002084854058921337,0.5,33800.0,-0.0021460232284212567,1.9774858951568604,-0.2814291715621948,0.2,0.9333333671092987,169.0,60.0,0.39583333333333337,1690.0,0.0,6.4278052806854244,0.32967509329319,0.8291667103767395
0.0003,0.7666667103767395,-0.9269270211458206,0.4480547159910202,1.0,60.0,0.0,61933.0,0.0014039274537935853,0.5,34000.0,-0.000804988639807469,2.0493268966674805,0.13779932260513306,0.2,0.7750000655651093,170.0,60.0,0.49583333333333335,1700.0,0.0,4.888796734809875,0.39301447570323944,0.7708333730697632
0.0003,0.7750000655651093,-0.9686580240726471,0.36579573154449463,1.0,60.0,0.0,62045.0,-0.0020557050593197346,0.5,34200.0,4.633922438368465e-05,8.21077823638916,-0.3569643497467041,0.2,0.991666704416275,171.0,60.0,0.39166666666666666,1710.0,0.0,24.84499320983887,0.2716437876224518,0.8833333849906921
0.0003,0.8416666984558105,-0.9780860483646393,0.4000641107559204,1.0,60.0,0.0,62173.0,-0.0014756047166883945,0.5,34400.0,-0.0006992738101180507,9.481125831604004,-0.678371787071228,0.2,1.0,172.0,60.0,0.42083333333333334,1720.0,0.0,19.746610641479492,0.26315851509571075,0.9208333790302277
0.0003,0.8750000298023224,-0.9955455809831619,0.27628323435783386,1.0,60.0,0.0,62759.0,0.0003352233616169542,0.5,34600.0,-0.00023140689465463992,2.135268449783325,-0.9121910333633423,0.2,1.0,173.0,60.0,0.4375,1730.0,0.0,11.005684423446656,0.18424638360738754,0.9375000596046448
0.0003,0.9500000476837158,-0.9900343030691147,0.31424230337142944,1.0,60.0,0.0,56804.0,9.477495768805966e-05,0.5,34800.0,-0.0001681388277120277,2.144209861755371,0.6465361416339874,0.2,1.0,174.0,60.0,0.475,1740.0,0.0,7.354956483840942,0.17832405120134354,0.9750000536441803
0.0003,0.9666666984558105,-0.9385647207498551,0.4051276445388794,1.0,60.0,0.0,60735.0,0.00010278612171532586,0.5,35000.0,-0.002114789624895863,8.773448944091797,-1.2273986339569092,0.2,0.9000000357627869,175.0,60.0,0.5333333333333333,1750.0,0.0,23.02276954650879,0.2528260722756386,0.9333333671092987
0.0003,0.9666666984558105,-0.9372506618499756,0.3660631477832794,1.0,60.0,0.0,62311.0,0.0025251663755625486,0.5,35200.0,-0.004335391179542025,6.153320789337158,0.25890231132507324,0.2,0.8166667222976685,176.0,60.0,0.575,1760.0,0.0,13.277720975875855,0.2433197945356369,0.8916667103767395
0.0003,0.9750000536441803,-1.009697473049164,0.41283077001571655,1.0,60.0,0.0,58542.0,-0.0053955926559865475,0.5,35400.0,-0.009946453876327865,5.475552558898926,0.5226355195045471,0.2,0.7333333790302277,177.0,60.0,0.6208333333333333,1770.0,0.0,12.801679754257203,0.31734946370124817,0.854166716337204
0.0003,0.991666704416275,-0.951580262184143,0.39871515333652496,1.0,60.0,0.0034999998286366464,64319.0,0.006051949225366116,0.5,35600.0,-0.012934525400749398,2.479470729827881,-0.5624656677246094,0.2,0.916666716337204,178.0,60.0,0.5375000000000001,1780.0,0.0,9.246616315841674,0.22037454694509506,0.9541667103767395
0.0003,0.98333340883255,-0.9418647557497024,0.35368025302886963,1.0,60.0,0.0,64676.0,0.009669370017945766,0.5,35800.0,-0.010074191422667323,8.866077423095703,-0.23753619194030762,0.2,0.7583333849906921,179.0,60.0,0.6125,1790.0,0.0,19.564660406112672,0.2956356555223465,0.8708333969116211
0.0003,0.9666667282581329,-0.9776970595121384,0.41195477545261383,1.0,60.0,0.05399999814108014,59960.0,0.01774294674396515,0.5,36000.0,-0.014267724781180746,2.5979459285736084,-0.447080135345459,0.2,0.8250000476837158,180.0,60.0,0.5708333333333333,1800.0,0.0,8.156998872756958,0.3074706196784973,0.8958333730697632
0.0003,0.98333340883255,-1.0644050896167756,0.4182817190885544,1.0,60.0,0.0,64330.0,0.0011365427635610104,0.5,36200.0,-0.008683888799045292,18.50803565979004,0.09125620126724243,0.2,0.5333333611488342,181.0,60.0,0.725,1810.0,0.0,60.37668952941895,0.478458434343338,0.7583333849906921
0.0003,0.9500000476837158,-1.0676173448562623,0.4242240935564041,1.0,60.0,0.0,63051.0,-0.0018687311094254255,0.5,36400.0,-0.005759852941548083,51.13020324707031,0.06826990842819214,0.2,0.40833336114883423,182.0,60.0,0.7708333333333334,1820.0,0.0,103.62753829956054,0.6161742210388184,0.679166704416275
0.0003,0.9833333492279053,-1.1124605357646942,0.40691691637039185,1.0,60.0,0.0,66241.0,-0.0032091299071907997,0.5,36600.0,-0.004781845851626621,118.41007232666016,0.024855613708496094,0.2,0.36666668951511383,183.0,60.0,0.8083333333333333,1830.0,0.0,266.141187286377,0.741129994392395,0.6750000417232513
0.0003,0.9666666984558105,-1.185652256011963,0.4018816500902176,1.0,60.0,0.0,65313.0,-0.0013481159694492817,0.5,36800.0,-0.00693595062795751,352.93365478515625,1.430511474609375e-05,0.2,0.24166667461395264,184.0,60.0,0.8625,1840.0,0.0,679.4923919677734,0.9804765582084656,0.604166716337204
0.0003,0.9333333671092987,-1.1922947108745574,0.491887629032135,1.0,60.0,0.004499999899417162,67215.0,-0.010417969897389412,0.5,37000.0,-0.00921409695304476,83.39788055419922,0.00019562244415283203,0.2,0.5000000447034836,185.0,60.0,0.7166666666666667,1850.0,0.0,160.74822082519532,0.5905010104179382,0.7166667282581329
0.0003,0.8500000536441803,-1.1831721425056458,0.4883207827806473,1.0,60.0,0.23599999397993088,67699.0,0.03409022092819214,0.5,37200.0,-0.026626763378502803,6.098116874694824,0.0016129016876220703,0.2,0.7333333492279053,186.0,60.0,0.5583333333333333,1860.0,0.0,11.80724081993103,0.46906009316444397,0.791666716337204
0.0003,0.7583333551883698,-1.1509712994098664,0.5128017365932465,1.0,60.0,0.33549999333918096,65857.0,0.010998701676726341,0.5,37400.0,-0.037911151249427365,0.9873774647712708,0.08825474977493286,0.2,0.8416666984558105,187.0,60.0,0.4583333333333333,1870.0,0.0,2.1786399722099303,0.4606628865003586,0.8000000417232513
0.0003,0.7500000298023224,-1.0358038127422333,0.4845471978187561,1.0,60.0,0.01899999948218465,63157.0,0.016493316739797592,0.5,37600.0,0.0022164423032663195,22.423416137695312,-1.2686035633087158,0.2,0.9000000655651093,188.0,60.0,0.425,1880.0,0.0,85.7875940322876,0.44595396518707275,0.8250000476837158
0.0003,0.6250000298023224,-1.0091069340705872,0.43903905153274536,1.0,60.0,0.0,68290.0,0.0006329178577288985,0.5,37800.0,-0.003627394988716048,4.7604079246521,-0.18217122554779053,0.2,0.9416667222976685,189.0,60.0,0.3416666666666667,1890.0,0.0,10.213965725898742,0.5461995303630829,0.7833333611488342
0.0003,0.6000000238418579,-1.0172460079193115,0.4442347139120102,1.0,60.0,0.0,68027.0,-0.0003700852394104004,0.5,38000.0,-0.002313895976658387,3.575195550918579,-2.2256815433502197,0.2,0.9583333730697632,190.0,60.0,0.3208333333333333,1900.0,0.0,10.392547464370727,0.5333199054002762,0.7791667282581329
0.0003,0.6250000298023224,-1.1092202305793761,0.4105336368083954,1.0,60.0,0.0,65621.0,0.000952624948695302,0.5,38200.0,-0.0026526304633589957,2.8620481491088867,-0.9099215269088745,0.2,0.9750000536441803,191.0,60.0,0.325,1910.0,0.0,11.529200768470764,0.4880204498767853,0.8000000417232513
0.0003,0.7250000536441803,-1.1471140921115874,0.39338837563991547,1.0,60.0,0.0,67430.0,-0.0007424527429975569,0.5,38400.0,-0.001479062398953701,3.623121500015259,-0.03411126136779785,0.2,0.9666667282581329,192.0,60.0,0.37916666666666665,1920.0,0.0,9.24169044494629,0.3611669987440109,0.8458333909511566
0.0003,0.6416667103767395,-1.034077787399292,0.4714942127466202,1.0,60.0,0.009999999776482582,67095.0,-0.0015073063550516963,0.5,38600.0,-0.013029717782745153,3.5104992389678955,-0.34739577770233154,0.2,0.8750000596046448,193.0,60.0,0.38333333333333336,1930.0,0.0,8.491582703590392,0.49481751024723053,0.7583333849906921
0.0003,0.7666667103767395,-0.9844057619571686,0.4721228927373886,1.0,60.0,0.0449999988079071,69036.0,0.0015208013355731964,0.5,38800.0,-0.013158198614837602,1.8981751203536987,-1.0535953044891357,0.2,0.8916667103767395,194.0,60.0,0.4375,1940.0,0.0,5.286396908760071,0.4076860696077347,0.8291667103767395
0.0003,0.8250000476837158,-0.9994905263185501,0.4348262548446655,1.0,60.0,0.007499999832361937,70611.0,0.0015040271682664752,0.5,39000.0,-0.008097245803801379,3.1361749172210693,-1.303635835647583,0.2,0.8333333730697632,195.0,60.0,0.49583333333333335,1950.0,0.0,8.850115418434143,0.3669328987598419,0.8291667103767395
0.0003,0.8833333849906921,-1.000118550658226,0.47710244357585907,1.0,60.0,0.0054999998770654205,69327.0,-0.005150122102349997,0.5,39200.0,-0.006315308490418836,2.9738941192626953,-0.575342059135437,0.2,0.7583333849906921,196.0,60.0,0.5625,1960.0,0.0,7.691115999221802,0.3987981081008911,0.8208333849906921
0.0003,0.9083333611488342,-1.0266124308109283,0.4499247968196869,1.0,60.0,0.0004999999888241291,68498.0,0.006853755097836256,0.5,39400.0,-0.007191216081089813,2.1362714767456055,-0.33746886253356934,0.2,0.741666704416275,197.0,60.0,0.5833333333333334,1970.0,0.0,4.967415273189545,0.39277587831020355,0.8250000476837158
0.0003,0.98333340883255,-0.9798944264650344,0.4248516708612442,1.0,60.0,0.09449999732896686,63026.0,0.024038322269916534,0.5,39600.0,-0.013845477626658997,1.4281710386276245,-0.9098759889602661,0.2,0.6916667222976685,198.0,60.0,0.6458333333333334,1980.0,0.0,3.8626450061798097,0.3531654328107834,0.8375000357627869
0.0003,0.9666666984558105,-1.005636340379715,0.45074397325515747,1.0,60.0,0.0,71134.0,0.0023842444643378258,0.5,39800.0,-0.0030328099333710055,1.9926954507827759,-0.7662075757980347,0.2,0.741666704416275,199.0,60.0,0.6125,1990.0,0.0,5.964013075828552,0.38906244933605194,0.8541666865348816
0.0003,0.991666704416275,-0.9785182297229766,0.3711031824350357,1.0,60.0,0.0024999999441206455,69509.0,0.004140712320804596,0.5,40000.0,-0.009802571286156293,2.1325247287750244,-0.35361719131469727,0.2,0.7166666984558105,200.0,60.0,0.6375,2000.0,0.0,5.257756543159485,0.3330976366996765,0.854166716337204
0.0003,0.991666704416275,-0.9415870547294617,0.3761027604341507,1.0,60.0,0.021999999694526196,72235.0,0.0029612539801746607,0.5,40200.0,-0.015373513116617676,2.215970993041992,-0.03132474422454834,0.2,0.8000000417232513,201.0,60.0,0.5958333333333333,2010.0,0.0,5.392915916442871,0.30606240034103394,0.8958333730697632
0.0003,0.9666666984558105,-1.0173894554376601,0.40996748208999634,1.0,60.0,0.06499999845400453,62074.0,0.009113493375480175,0.5,40400.0,-0.01943004545260916,1.143190860748291,0.05052691698074341,0.2,0.7166666984558105,202.0,60.0,0.625,2020.0,0.0,3.177638304233551,0.3281276971101761,0.8416666984558105
0.0003,0.9833333492279053,-1.006381294131279,0.4293181151151657,1.0,60.0,0.09699999801814556,73347.0,0.014806815423071384,0.5,40600.0,-0.02439970931690185,1.2446529865264893,0.1712409257888794,0.2,0.741666704416275,203.0,60.0,0.6208333333333333,2030.0,0.0,3.2827696084976195,0.3063485622406006,0.8625000417232513
0.0003,0.9750000536441803,-0.926778781414032,0.40448929369449615,1.0,60.0,0.0034999998286366464,72191.0,0.009744902141392231,0.5,40800.0,-0.006722167784522526,4.274614334106445,-0.1081618070602417,0.2,0.7083333730697632,204.0,60.0,0.6333333333333333,2040.0,0.0,10.296095991134644,0.3338018208742142,0.8416667282581329
0.0003,0.9833333492279053,-0.9334185272455215,0.38487179577350616,1.0,60.0,0.01599999936297536,71787.0,0.004416617099195719,0.5,41000.0,-0.008121685573190884,2.3518054485321045,-0.1934216022491455,0.2,0.7500000298023224,205.0,60.0,0.6166666666666667,2050.0,0.0,5.266735100746155,0.29689735174179077,0.866666704416275
0.0003,0.9583334028720856,-0.9200708329677582,0.3861679285764694,1.0,60.0,0.09799999874085188,68853.0,0.03837697207927704,0.5,41200.0,-0.025456764050526548,2.0744268894195557,0.10300350189208984,0.2,0.8000000417232513,206.0,60.0,0.5791666666666666,2060.0,0.0,4.285964941978454,0.27992774546146393,0.8791667222976685
0.0003,0.9583334028720856,-0.847942104935646,0.42720189690589905,1.0,60.0,0.13349999571219087,75483.0,0.00974931102246046,0.5,41400.0,-0.02907649474265055,1.745047926902771,0.16712862253189087,0.2,0.741666704416275,207.0,60.0,0.6083333333333334,2070.0,0.0,3.6873287558555603,0.35166528820991516,0.8500000536441803
0.0003,0.9416666924953461,-0.8957672536373138,0.4258212000131607,1.0,60.0,0.018999999668449164,71796.0,-0.0024991570971906185,0.5,41600.0,-0.012172186306794152,1.9969393014907837,0.04675787687301636,0.2,0.741666704416275,208.0,60.0,0.6,2080.0,0.0,4.480837333202362,0.3505655378103256,0.8416666984558105
0.0003,0.9583333730697632,-0.8667563438415528,0.4339929521083832,1.0,60.0,0.1324999960139394,76067.0,0.04219625145196915,0.5,41800.0,-0.03056300739850846,0.5054740309715271,0.14379429817199707,0.2,0.6916667222976685,209.0,60.0,0.6333333333333333,2090.0,0.0,1.3047545790672301,0.36645108461380005,0.8250000476837158
0.0003,0.9666666984558105,-0.8915592908859253,0.4505998194217682,1.0,60.0,0.04599999850615859,75475.0,-0.002729448489844799,0.5,42000.0,-0.008640170574479277,21.6058292388916,0.05089890956878662,0.2,0.5583333671092987,210.0,60.0,0.7041666666666666,2100.0,0.0,42.469375419616696,0.48457613587379456,0.7625000476837158
0.0003,0.9500000476837158,-0.9319672107696533,0.4724810868501663,1.0,60.0,0.009499999787658453,76233.0,0.00984666496515274,0.5,42200.0,-0.010431229849113067,15.873466491699219,0.07714831829071045,0.2,0.49166668951511383,211.0,60.0,0.7291666666666667,2110.0,0.0,35.19580764770508,0.50392846763134,0.7208333909511566
0.0003,0.9583334028720856,-0.9878222793340683,0.4737790375947952,1.0,60.0,0.0044999998062849045,76336.0,-0.0005916301161050797,0.5,42400.0,-0.010620685430360011,100.35208129882812,0.01069021224975586,0.2,0.38333335518836975,212.0,60.0,0.7875000000000001,2120.0,0.0,231.60010375976563,0.6623876392841339,0.6708333790302277
0.0003,0.9000000655651093,-1.0683760583400725,0.4812970608472824,1.0,60.0,0.0,67821.0,0.0028476400766521692,0.5,42600.0,-0.005625783707131626,125.04463958740234,0.01566988229751587,0.2,0.34166668355464935,213.0,60.0,0.7791666666666667,2130.0,0.0,280.9294288635254,0.865149587392807,0.6208333671092987
0.0003,0.8916667103767395,-0.9429849624633789,0.5506305396556854,1.0,60.0,0.17399999629706145,70706.0,0.023153815418481827,0.5,42800.0,-0.02442050532263238,1.2698302268981934,0.008133530616760254,0.2,0.7333333790302277,214.0,60.0,0.5791666666666666,2140.0,0.0,2.8133777141571046,0.43239863216876984,0.8125000596046448
0.0003,0.7250000536441803,-1.0561284303665162,0.5884079039096832,1.0,60.0,0.033999999053776264,75557.0,0.006015859078615904,0.5,43000.0,0.00034179762442363424,15.190152168273926,0.00395357608795166,0.2,0.5250000357627869,215.0,60.0,0.6000000000000001,2150.0,0.0,33.646753025054934,0.6778742969036102,0.6250000298023224
0.0003,0.5833333730697632,-1.0213581711053847,0.5823892652988434,1.0,60.0,0.12299999762326479,74883.0,0.048908572643995285,0.5,43200.0,-0.02310963094793266,2.650890350341797,0.002966582775115967,0.2,0.8500000536441803,216.0,60.0,0.3666666666666667,2160.0,0.0,5.47804102897644,0.5709716975688934,0.7166666984558105
0.0003,0.5500000417232513,-0.9758544743061066,0.5823454558849335,1.0,60.0,0.023999999184161423,78412.0,0.01761113852262497,0.5,43400.0,-0.011346325801918277,12.136442184448242,0.015590965747833252,0.2,0.7250000238418579,217.0,60.0,0.4125,2170.0,0.0,29.96608829498291,0.6714929938316345,0.6375000476837158
0.0003,0.6250000298023224,-1.0681916356086731,0.6243470013141632,1.0,60.0,0.06299999710172415,78353.0,0.034656960517168045,0.5,43600.0,-0.018578757272130986,4.097102165222168,-0.001669764518737793,0.2,0.616666704416275,218.0,60.0,0.5041666666666667,2180.0,0.0,10.539945220947265,0.6840128302574158,0.6208333671092987
0.0003,0.616666704416275,-0.8903234988451004,0.5440863966941833,1.0,60.0,0.0,72967.0,-0.0005046520382165909,0.5,43800.0,-0.0032904186683587965,192.1707763671875,0.0021898746490478516,0.2,0.11666667461395264,219.0,60.0,0.75,2190.0,0.0,392.15698394775393,1.1037853956222534,0.36666668951511383
0.0003,0.6000000238418579,-1.0096570789813994,0.5851660072803497,1.0,60.0,0.11299999728798867,79778.0,0.053768306970596313,0.5,44000.0,-0.014130541953607478,6.289574146270752,0.014616847038269043,0.2,0.7750000357627869,220.0,60.0,0.4125,2200.0,0.0,13.80834732055664,0.5715360343456268,0.6875000298023224
0.0003,0.6250000298023224,-0.9521179229021073,0.6042765080928802,1.0,60.0,0.2784999951720238,77740.0,0.06397666782140732,0.5,44200.0,-0.020088790456007644,3.617516279220581,0.0038084983825683594,0.2,0.8000000417232513,221.0,60.0,0.4125,2210.0,0.0,8.382558679580688,0.5404837131500244,0.7125000357627869
0.0003,0.6583333611488342,-0.43510392010211946,0.5783164501190186,1.0,60.0,0.03949999902397394,75717.0,0.007829152047634125,0.5,44400.0,-0.01571311421133581,1.5718083381652832,0.005624890327453613,0.2,0.991666704416275,222.0,60.0,0.33333333333333337,2220.0,0.0,2.9740890145301817,0.4726335108280182,0.8250000476837158
0.0003,0.5916666984558105,-0.2561596274375916,0.5436597764492035,1.0,60.0,0.0,79998.0,0.001334108179435134,0.5,44600.0,-0.0003962026134541219,5.613980293273926,-0.0006542205810546875,0.2,0.8000000417232513,223.0,60.0,0.39583333333333337,2230.0,0.0,12.517929744720458,0.5028547048568726,0.6958333849906921
0.0003,0.5333333760499954,-0.27113432586193087,0.3586685508489609,1.0,60.0,0.0,79342.0,0.0006342196138575673,0.5,44800.0,-0.00017311454033972496,17.212661743164062,-0.07315337657928467,0.2,1.0,224.0,60.0,0.26666666666666666,2240.0,0.0,41.22699203491211,0.4406931549310684,0.7666667103767395
0.0003,0.45000001788139343,-0.28519388288259506,0.2980578988790512,1.0,60.0,0.0,80181.0,-0.0006682741222903132,0.5,45000.0,-0.0003170195686692523,17.150653839111328,0.005235195159912109,0.2,1.0,225.0,60.0,0.225,2250.0,0.0,44.666416549682616,0.4618407040834427,0.7250000238418579
0.0003,0.5416666865348816,-0.27556463330984116,0.2679053992033005,1.0,60.0,0.0,77607.0,0.00019239424727857113,0.5,45200.0,-0.00010180794776957214,2.8930234909057617,-0.0010467767715454102,0.2,1.0,226.0,60.0,0.27083333333333337,2260.0,0.0,31.267107844352722,0.4473266303539276,0.7708333730697632
0.0003,0.5666666924953461,-0.29031586945056914,0.28229622542858124,1.0,60.0,0.0019999999552965165,80082.0,0.0021150074899196625,0.5,45400.0,-0.001214631877883221,0.8691281676292419,-0.140394926071167,0.2,1.0,227.0,60.0,0.2833333333333333,2270.0,0.0,7.9619913578033445,0.388048991560936,0.7833333909511566
0.0003,0.6750000417232513,-0.38790940791368483,0.3121805936098099,1.0,60.0,0.03549999939277768,82412.0,0.02670968323945999,0.5,45600.0,-0.007307050216710564,7.6299943923950195,-0.0032535791397094727,0.2,1.0,228.0,60.0,0.3375,2280.0,0.0,15.496806764602661,0.326572522521019,0.8375000357627869
0.0003,0.6750000417232513,-0.22126816138625144,0.2870558798313141,1.0,60.0,0.0,81706.0,8.671641262480989e-05,0.5,45800.0,0.000715347126006094,0.3643486201763153,-0.11985385417938232,0.2,1.0,229.0,60.0,0.3375,2290.0,0.0,5.244821155071259,0.2637876495718956,0.8375000655651093
0.0003,0.8333334028720856,-0.3038265645503998,0.32389160990715027,1.0,60.0,0.0004999999888241291,83787.0,-0.001471786410547793,0.5,46000.0,0.0011602819683616873,0.5026867389678955,0.008505582809448242,0.2,1.0,230.0,60.0,0.4166666666666667,2300.0,0.0,3.29051921069622,0.1986168995499611,0.916666716337204
0.0003,0.8833333849906921,-0.640121328830719,0.42199429869651794,1.0,60.0,0.020499999541789292,79987.0,-0.0014846676494926214,0.5,46200.0,-0.007648912987759093,0.5462993383407593,0.4483564496040344,0.2,0.991666704416275,231.0,60.0,0.4458333333333333,2310.0,0.0,1.5662438958883285,0.23995021730661392,0.9375000596046448
0.0003,0.9416667222976685,-0.6266579121351242,0.4232793152332306,1.0,60.0,0.06399999875575305,76547.0,0.007134576328098774,0.5,46400.0,-0.0163763654595241,1.0920065641403198,0.5204229056835175,0.2,0.9416667222976685,232.0,60.0,0.5,2320.0,0.0,2.7403341054916384,0.24379029124975204,0.9416667222976685
0.0003,0.9833333492279053,-1.027108398079872,0.45315101742744446,1.0,60.0,0.0,82583.0,-0.003128071315586567,0.5,46600.0,-0.0007156531640720942,69.1781005859375,-0.47712957859039307,0.2,0.3916666805744171,233.0,60.0,0.7958333333333334,2330.0,0.0,262.1836853027344,0.7201182246208191,0.6875000596046448
0.0003,0.9666666984558105,-0.8751670747995377,0.4442390352487564,1.0,60.0,0.0,77950.0,-0.0009562995983287692,0.5,46800.0,-0.0008533782789964306,52.177589416503906,0.39909547567367554,0.2,0.541666716337204,234.0,60.0,0.7124999999999999,2340.0,0.0,129.62873802185058,0.6093189716339111,0.7541667222976685
0.0003,0.991666704416275,-1.0755622506141662,0.4379337280988693,1.0,60.0,0.0,81743.0,-0.00014489202294498682,0.5,47000.0,-0.0015789621302828571,22.754919052124023,-0.005287885665893555,0.2,0.7083333730697632,235.0,60.0,0.6416666666666666,2350.0,0.0,68.92386150360107,0.4328699856996536,0.8500000536441803
0.0003,0.98333340883255,-0.9928053498268128,0.43190282583236694,1.0,60.0,0.0019999999552965165,78725.0,0.00020270555978640914,0.5,47200.0,-0.006985291701887064,32.32502365112305,0.1925761103630066,0.2,0.5333333611488342,236.0,60.0,0.7250000000000001,2360.0,0.0,79.61875133514404,0.5772987604141235,0.7583333849906921
0.0003,0.9250000417232513,-0.9120652198791503,0.4244932234287262,1.0,60.0,0.0,75443.0,-0.003688666969537735,0.5,47400.0,-0.004257809809954693,102.02999114990234,0.11750388145446777,0.2,0.5166666805744171,237.0,60.0,0.7041666666666666,2370.0,0.0,183.35446548461914,0.7399378418922424,0.7208333909511566
0.0003,0.9083333909511566,-0.9583804965019226,0.4457794725894928,1.0,60.0,0.0,81150.0,0.001120280590839684,0.5,47600.0,-0.005582636861276136,9.518470764160156,0.10507720708847046,0.2,0.7583333551883698,238.0,60.0,0.575,2380.0,0.0,25.769463539123535,0.36632145941257477,0.8333333730697632
0.0003,0.8250000476837158,-0.9784640520811081,0.47260139882564545,1.0,60.0,0.0,79491.0,-0.0009285139967687428,0.5,47800.0,-0.004887274930311825,34.52857208251953,0.06942301988601685,0.2,0.6250000298023224,239.0,60.0,0.6,2390.0,0.0,72.45819625854492,0.5687181353569031,0.7250000536441803
0.0003,0.8000000715255737,-0.8936030596494675,0.49724696576595306,1.0,60.0,0.018499999586492778,62478.0,-0.004239628091454506,0.5,48000.0,-0.009953805935219861,25.504053115844727,0.09114319086074829,0.2,0.42500002682209015,240.0,60.0,0.6875,2400.0,0.0,50.82597389221191,0.6405336260795593,0.6125000417232513
0.0003,0.7083333730697632,-0.9676934003829956,0.4819457679986954,1.0,60.0,0.09149999832734465,71921.0,0.04855789244174957,0.5,48200.0,-0.022867312584712706,9.06648063659668,0.04235720634460449,0.2,0.6666666865348816,241.0,60.0,0.5208333333333333,2410.0,0.0,21.5226770401001,0.5186793208122253,0.6875000298023224
0.0003,0.7333333790302277,-0.8736076295375824,0.5268053114414215,1.0,60.0,0.028499999176710845,63785.0,0.02106207236647606,0.5,48400.0,-0.013926008580252525,7.334151744842529,-0.10604703426361084,0.2,0.6000000536441803,242.0,60.0,0.5666666666666667,2420.0,0.0,16.544281673431396,0.5529465973377228,0.6666666865348816
0.0003,0.7000000476837158,-0.8377133786678315,0.5087241530418396,1.0,60.0,0.008499999716877937,57451.0,0.0013151539023965597,0.5,48600.0,-0.010609565355116502,13.32688045501709,0.05098789930343628,0.2,0.48333336412906647,243.0,60.0,0.6083333333333334,2430.0,0.0,30.93854112625122,0.6781543493270874,0.5916666984558105
0.0003,0.6916666924953461,-0.8319688647985458,0.5401114523410797,1.0,60.0,0.05849999850615859,77887.0,0.021934369578957558,0.5,48800.0,-0.0194641739760991,4.011473655700684,0.05584847927093506,0.2,0.6250000298023224,244.0,60.0,0.5333333333333333,2440.0,0.0,7.893953561782837,0.5824350714683533,0.6583333611488342
0.0003,0.6833333671092987,-0.7492870628833771,0.5379151105880737,1.0,60.0,0.013999999687075614,84765.0,-0.00158039596863091,0.5,49000.0,-0.006009133921674214,9.865344047546387,0.053949058055877686,0.2,0.5666666924953461,245.0,60.0,0.5583333333333333,2450.0,0.0,20.15266857147217,0.6628071367740631,0.6250000298023224
0.0003,0.6750000417232513,-0.72212755382061,0.564092367887497,1.0,60.0,0.021999999601393937,82488.0,0.002803864423185587,0.5,49200.0,-0.008135057562554237,4.970047473907471,0.010706186294555664,0.2,0.4000000059604645,246.0,60.0,0.6375,2460.0,0.0,12.09062819480896,0.663889080286026,0.5375000238418579
0.0003,0.7250000238418579,-0.7268331497907639,0.5719416439533234,1.0,60.0,0.004999999888241291,87355.0,0.0005036616930738091,0.5,49400.0,-0.004544713309293513,15.412402153015137,0.01733243465423584,0.2,0.5166667103767395,247.0,60.0,0.6041666666666666,2470.0,0.0,32.75088520050049,0.6811637580394745,0.6208333671092987
0.0003,0.6916667222976685,-0.7044120997190475,0.5416861176490784,1.0,60.0,0.0029999999329447745,82969.0,0.014693285338580608,0.5,49600.0,-0.006528180337936363,1.9721548557281494,-0.14344775676727295,0.2,0.5583333671092987,248.0,60.0,0.5666666666666667,2480.0,0.0,5.434184443950653,0.6130598187446594,0.6250000596046448
0.0003,0.6500000357627869,-0.6663364440202713,0.5696641802787781,1.0,60.0,0.038999998848885296,83723.0,0.013003196567296982,0.5,49800.0,-0.012382818795624173,7.735522747039795,-0.01795947551727295,0.2,0.6166666746139526,249.0,60.0,0.5166666666666666,2490.0,0.0,14.335508394241334,0.6364290714263916,0.6333333551883698
0.0003,0.741666704416275,-0.6656022518873215,0.5656412541866302,1.0,60.0,0.14699999578297138,86552.0,0.05503813922405243,0.5,50000.0,-0.03216041159175802,1.1845200061798096,0.023279130458831787,0.2,0.7666667103767395,250.0,60.0,0.48750000000000004,2500.0,0.0,2.9444049477577208,0.5401546955108643,0.7541666924953461
0.0003,0.6583333611488342,-0.5678330928087234,0.5792190730571747,1.0,60.0,0.06399999819695949,77438.0,0.02164851501584053,0.5,50200.0,-0.012935343620367346,2.619532585144043,-0.013649344444274902,0.2,0.5666666924953461,251.0,60.0,0.5458333333333334,2510.0,0.0,5.613900232315063,0.6383786201477051,0.6125000417232513
0.0003,0.6416666805744171,-0.5755125015974045,0.5636837482452393,1.0,60.0,0.03599999900907278,85715.0,0.016495371237397194,0.5,50400.0,-0.011786688385996946,2.5903377532958984,-0.00238037109375,0.2,0.6583333611488342,252.0,60.0,0.4916666666666667,2520.0,0.0,6.7756568670272825,0.6229387521743774,0.6500000357627869
0.0003,0.5666666924953461,-0.524132353067398,0.5605028569698334,1.0,60.0,0.07799999825656415,80857.0,0.031378068029880524,0.5,50600.0,-0.016173733248899237,1.877315640449524,0.0225103497505188,0.2,0.6250000298023224,253.0,60.0,0.4708333333333333,2530.0,0.0,4.039067006111145,0.6116031408309937,0.5958333611488342
0.0003,0.5333333611488342,-0.47749464213848114,0.5756950676441193,1.0,60.0,0.10449999775737524,90479.0,0.02454575151205063,0.5,50800.0,-0.016228758013108725,2.1434404850006104,-0.002119898796081543,0.2,0.616666704416275,254.0,60.0,0.45833333333333337,2540.0,0.0,4.151490485668182,0.6276611387729645,0.5750000178813934
0.0003,0.7250000238418579,-0.4786759540438652,0.5764455497264862,1.0,60.0,0.07549999868497252,83934.0,0.042743172496557236,0.5,51000.0,-0.011717113069491525,1.8930424451828003,0.010449826717376709,0.2,0.4750000238418579,255.0,60.0,0.625,2550.0,0.0,4.697263598442078,0.6364042162895203,0.6000000536441803
0.0003,0.6916666924953461,-0.5092088624835014,0.5789712071418762,1.0,60.0,0.041999999061226846,87663.0,0.020891614258289337,0.5,51200.0,-0.012863771894364629,1.2405537366867065,0.2822546362876892,0.2,0.616666704416275,256.0,60.0,0.5375,2560.0,0.0,2.837842857837677,0.575686901807785,0.6541666984558105
0.0003,0.5250000357627869,-0.5303628951311111,0.6020922362804413,1.0,60.0,0.08699999712407588,90205.0,0.03175529092550278,0.5,51400.0,-0.015800260788877495,0.43493977189064026,0.600144624710083,0.2,0.6500000357627869,257.0,60.0,0.4375,2570.0,0.0,1.125272172689438,0.6319077014923096,0.5875000357627869
0.0003,0.5750000327825546,-0.48983588218688967,0.583195686340332,1.0,60.0,0.052999998442828655,83777.0,0.029218900948762894,0.5,51600.0,-0.009139171667106006,0.6054021120071411,0.5906463265419006,0.2,0.6916667222976685,258.0,60.0,0.44166666666666665,2580.0,0.0,1.348324316740036,0.5882595479488373,0.6333333551883698
0.0003,0.6583333611488342,-0.5195915997028351,0.6176928877830505,1.0,60.0,0.043999998830258846,57819.0,0.011430586688220501,0.5,51800.0,-0.0075381345457862904,0.7231095433235168,0.08302754163742065,0.2,0.7500000298023224,259.0,60.0,0.45416666666666666,2590.0,0.0,1.760699200630188,0.598508358001709,0.7041667103767395
0.0003,0.5750000476837158,-0.4911637604236603,0.6283047199249268,1.0,60.0,0.048499999567866325,70138.0,0.00831233337521553,0.5,52000.0,-0.016899195302597914,0.6052826046943665,-0.008614778518676758,0.2,0.866666704416275,260.0,60.0,0.35416666666666663,2600.0,0.0,1.7926523804664611,0.5938980877399445,0.7208333909511566
0.0003,0.5083333551883698,-0.4814899265766144,0.6300521492958069,1.0,60.0,0.08849999746307731,60370.0,-0.0035332543775439262,0.5,52200.0,-0.010377917733705555,0.17816443741321564,-0.5599023103713989,0.2,0.791666716337204,261.0,60.0,0.3583333333333333,2610.0,0.0,0.5700475797057152,0.6253990530967712,0.6500000357627869
0.0003,0.5083333551883698,-0.4380282714962959,0.6283813714981079,1.0,60.0,0.030999998841434718,53559.0,0.005357764661312103,0.5,52400.0,-0.00649022818845697,0.8002970218658447,-0.3818538188934326,0.2,0.8250000476837158,262.0,60.0,0.3416666666666667,2620.0,0.0,1.9358104050159455,0.6304023265838623,0.6666666865348816
0.0003,0.5416666865348816,-0.4314017206430435,0.640585720539093,1.0,60.0,0.022499999310821295,59356.0,0.003192000789567828,0.5,52600.0,-0.0116414711541438,1.871942162513733,-0.12037205696105957,0.2,0.8000000417232513,263.0,60.0,0.37083333333333335,2630.0,0.0,3.6529088020324707,0.6007745265960693,0.6708333790302277
0.0003,0.5250000208616257,-0.4224508836865425,0.6236569285392761,1.0,60.0,0.013499999605119228,61718.0,0.0033369562588632107,0.5,52800.0,-0.005460459555848507,0.41599804162979126,-0.6259146928787231,0.2,0.8083333969116211,264.0,60.0,0.35833333333333334,2640.0,0.0,1.0147103458642959,0.5968705415725708,0.666666716337204
0.0003,0.6333333849906921,-0.43923106491565705,0.6383381187915802,1.0,60.0,0.043999998923391105,62970.0,0.009645634330809116,0.5,53000.0,-0.012165282574074787,0.648539125919342,-0.09132993221282959,0.2,0.7000000476837158,265.0,60.0,0.4666666666666667,2650.0,0.0,1.6755739092826842,0.5995947420597076,0.6666666865348816
0.0003,0.7166667282581329,-0.39885591715574265,0.6408854722976685,1.0,60.0,0.022999999392777682,60350.0,0.008734838105738163,0.5,53200.0,-0.0067610534992272875,0.13165701925754547,-0.12335991859436035,0.2,0.541666716337204,266.0,60.0,0.5875,2660.0,0.0,0.5066533386707306,0.5985592305660248,0.6291666924953461
0.0003,0.7083333730697632,-0.3367504745721817,0.6419166922569275,1.0,60.0,0.06599999815225602,64114.0,0.012102401815354824,0.5,53400.0,-0.0046185000778642404,0.30592095851898193,0.36738741397857666,0.2,0.5666666924953461,267.0,60.0,0.5708333333333333,2670.0,0.0,1.07052039206028,0.6261679530143738,0.6375000178813934
0.0003,0.7166666984558105,-0.3598357528448105,0.6387104094028473,1.0,60.0,0.06849999781697988,66744.0,0.029810860753059387,0.5,53600.0,-0.010094506012741445,0.6050054430961609,0.18157535791397095,0.2,0.5166667103767395,268.0,60.0,0.6,2680.0,0.0,1.7016036689281464,0.6233855485916138,0.616666704416275
0.0003,0.741666704416275,-0.327838271856308,0.6441989839076996,1.0,60.0,0.03149999920278788,65665.0,0.02239249087870121,0.5,53800.0,-0.011096350588253668,0.3087799549102783,0.08975875377655029,0.2,0.5833333730697632,269.0,60.0,0.5791666666666666,2690.0,0.0,0.9093211650848388,0.6063371896743774,0.6625000536441803
0.0003,0.8250000476837158,-0.3364203333854675,0.6280043423175812,1.0,60.0,0.04049999862909317,70703.0,-0.010815680027008057,0.5,54000.0,-0.008213899001158964,0.27274081110954285,0.15187698602676392,0.2,0.4833333492279053,270.0,60.0,0.6708333333333334,2700.0,0.0,0.825812628865242,0.5799880027770996,0.6541666984558105
0.0003,0.7583333849906921,-0.3201386645436287,0.6352350413799286,1.0,60.0,0.05249999845400453,67938.0,0.0004745387996081263,0.5,54200.0,-0.013075234910414934,0.5154200196266174,0.08492588996887207,0.2,0.4500000327825546,271.0,60.0,0.6541666666666667,2710.0,0.0,1.2418853044509888,0.6108098030090332,0.6041666865348816
0.0003,0.8166667222976685,-0.3194916844367981,0.6291743218898773,1.0,60.0,0.06349999820813537,68976.0,0.012639535591006279,0.5,54400.0,-0.014176202541217186,0.3987002372741699,0.06378161907196045,0.2,0.550000011920929,272.0,60.0,0.6333333333333333,2720.0,0.0,0.8442584365606308,0.57111656665802,0.6833333671092987
0.0003,0.7166666984558105,-0.3066558137536049,0.6397911012172699,1.0,60.0,0.08799999859184027,76567.0,0.01283077523112297,0.5,54600.0,-0.011466275169063067,0.3087303936481476,0.111805260181427,0.2,0.6916667222976685,273.0,60.0,0.5125,2730.0,0.0,0.5837578311562538,0.5804718434810638,0.7041667103767395
0.0003,0.7083333730697632,-0.3006778255105019,0.6401200890541077,1.0,60.0,0.054499998409301045,72873.0,0.0003575277514755726,0.5,54800.0,-0.010726892056874915,0.1169055849313736,0.3220829963684082,0.2,0.666666716337204,274.0,60.0,0.5208333333333333,2740.0,0.0,0.2780382178723812,0.5887218117713928,0.6875000596046448
0.0003,0.7000000476837158,-0.2694988690316677,0.6387143135070801,1.0,60.0,0.07399999760091305,68589.0,0.009135635569691658,0.5,55000.0,-0.015559691100963401,0.2405238300561905,0.22798925638198853,0.2,0.7583333849906921,275.0,60.0,0.4708333333333333,2750.0,0.0,0.5259412348270416,0.5841400623321533,0.729166716337204
0.0003,0.6916666924953461,-0.24808176308870317,0.6331042945384979,1.0,60.0,0.017999999411404132,69354.0,0.009636994451284409,0.5,55200.0,-0.008582839147711675,0.5663138031959534,0.1513810157775879,0.2,0.7583333849906921,276.0,60.0,0.4666666666666667,2760.0,0.0,1.227606201171875,0.5754263997077942,0.7250000536441803
0.0003,0.6583333611488342,-0.2414384365081787,0.6253237128257751,1.0,60.0,0.030499999411404133,70309.0,0.01398356631398201,0.5,55400.0,-0.008855909366968274,0.4302287995815277,0.19650065898895264,0.2,0.7333333790302277,277.0,60.0,0.4625,2770.0,0.0,0.9792623609304428,0.5568955540657043,0.6958333849906921
0.0003,0.666666716337204,-0.2227204769849777,0.6286400854587555,1.0,60.0,0.04149999907240272,69078.0,0.022566229104995728,0.5,55600.0,-0.010203145359526378,0.45442309975624084,0.18684250116348267,0.2,0.6750000417232513,278.0,60.0,0.49583333333333335,2780.0,0.0,1.0498166263103486,0.5512536466121674,0.6708333790302277
0.0003,0.6416667103767395,-0.22575058937072753,0.6397910416126251,1.0,60.0,0.052999998349696396,69761.0,0.02763543836772442,0.5,55800.0,-0.005627825479314197,0.1481877863407135,0.306283175945282,0.2,0.6083333790302277,279.0,60.0,0.5166666666666666,2790.0,0.0,0.33102758750319483,0.6025371253490448,0.6250000298023224
0.0003,0.6250000298023224,-0.22315197959542274,0.6376720666885376,1.0,60.0,0.060999998543411496,73016.0,0.006576907355338335,0.5,56000.0,-0.002201195251545762,0.30501341819763184,0.2280592918395996,0.2,0.791666716337204,280.0,60.0,0.4166666666666667,2800.0,0.0,0.8763814568519592,0.5842074155807495,0.7083333730697632
0.0003,0.49166667461395264,-0.2235243298113346,0.6320986449718475,1.0,60.0,0.010499999579042196,70702.0,0.008962421678006649,0.5,56200.0,-0.00351883698487665,0.19894643127918243,-0.20895230770111084,0.2,0.9166666865348816,281.0,60.0,0.2875,2810.0,0.0,1.1188065201044082,0.5801355540752411,0.7041667103767395
0.0003,0.5833333432674408,-0.21921406611800193,0.6180073916912079,1.0,60.0,0.019999999459832905,72776.0,0.0023415612522512674,0.5,56400.0,-0.006940610005869541,0.44973912835121155,0.184706449508667,0.2,0.916666716337204,282.0,60.0,0.33333333333333337,2820.0,0.0,1.3209797739982605,0.5374841392040253,0.7500000596046448
0.0003,0.6166666746139526,-0.2105116255581379,0.627801775932312,1.0,60.0,0.03599999919533729,72851.0,0.013395150192081928,0.5,56600.0,-0.008794988977490004,0.22503019869327545,0.2389581799507141,0.2,0.8166667222976685,283.0,60.0,0.4,2830.0,0.0,0.6029399454593658,0.5638000071048737,0.7166666984558105
0.0003,0.5750000476837158,-0.20544825941324235,0.611516922712326,1.0,60.0,0.033499999344348906,77591.0,0.017015285789966583,0.5,56800.0,-0.005086184365500302,0.363426148891449,0.19688814878463745,0.2,0.8416667282581329,284.0,60.0,0.3666666666666667,2840.0,0.0,0.8476721972227097,0.5513182282447815,0.7083333730697632
0.0003,0.5666666924953461,-0.20403094589710236,0.6172989308834076,1.0,60.0,0.015499999467283487,73555.0,-0.006168066058307886,0.5,57000.0,-0.0038898710747599097,0.09539613127708435,0.09800225496292114,0.2,0.8500000238418579,285.0,60.0,0.3583333333333333,2850.0,0.0,0.365546964854002,0.5844780504703522,0.7083333730697632
0.0003,0.6000000238418579,-0.21517809331417084,0.6048349738121033,1.0,60.0,0.015999999642372132,72413.0,-0.0040186140686273575,0.5,57200.0,-0.00736082847719084,0.07579328119754791,0.6387712955474854,0.2,0.7583333551883698,286.0,60.0,0.42083333333333334,2860.0,0.0,0.2058551527559757,0.5655762851238251,0.679166704416275
0.0003,0.5416666865348816,-0.20455355569720268,0.622785896062851,1.0,60.0,0.05949999811127782,77360.0,0.05089682340621948,0.5,57400.0,-0.008069539354997702,0.07136829197406769,0.2058178186416626,0.2,0.8000000417232513,287.0,60.0,0.37083333333333335,2870.0,0.0,0.267856415361166,0.6005545258522034,0.6708333492279053
0.0003,0.4833333492279053,-0.23109950944781305,0.6098292171955109,1.0,60.0,0.025999999046325682,71477.0,0.006147398613393307,0.5,57600.0,-0.004123593614203713,0.08592953532934189,0.5423441231250763,0.2,0.9250000417232513,288.0,60.0,0.2791666666666667,2880.0,0.0,0.4445358842611313,0.5725547075271606,0.7041667103767395
0.0003,0.4583333730697632,-0.2420942060649395,0.5956536829471588,1.0,60.0,0.05749999834224582,75070.0,0.014341632835566998,0.5,57800.0,-0.006703526630284529,0.2040524035692215,0.0072634220123291016,0.2,0.916666716337204,289.0,60.0,0.27083333333333337,2890.0,0.0,0.8523513913154602,0.5649207234382629,0.6875000596046448
0.0003,0.40000002086162567,-0.2356207363307476,0.6015730202198029,1.0,60.0,0.009999999776482582,77021.0,0.0051653506234288216,0.5,58000.0,-0.002413647485853332,0.6246510744094849,0.00887376070022583,0.2,0.9583333432674408,290.0,60.0,0.22083333333333333,2900.0,0.0,2.0819854974746703,0.583889365196228,0.679166704416275
0.0003,0.45000001788139343,-0.24715819731354713,0.5726794004440308,1.0,60.0,0.016499999444931746,74717.0,-0.00695441011339426,0.5,58200.0,-0.006058547813445614,0.5874093174934387,-0.5926336050033569,0.2,0.9750000238418579,291.0,60.0,0.2375,2910.0,0.0,1.938392597436905,0.5346170365810394,0.7125000655651093
0.0003,0.4333333522081375,-0.25554147362709045,0.6033263504505157,1.0,60.0,0.022999999672174455,76739.0,4.60231676697731e-05,0.5,58400.0,-0.003592127507668863,0.3298051357269287,-1.2766990661621094,0.2,0.8833333849906921,292.0,60.0,0.275,2920.0,0.0,1.1324703067541122,0.5840484797954559,0.6583333611488342
0.0003,0.4833333492279053,-0.2523352079093456,0.6075915098190308,1.0,60.0,0.04649999840185046,73906.0,-0.0008799809729680419,0.5,58600.0,-0.006355286822043116,0.4038970172405243,-0.36738526821136475,0.2,0.8750000596046448,293.0,60.0,0.3041666666666667,2930.0,0.0,0.9729548275470734,0.5635961890220642,0.679166704416275
0.0003,0.5583333671092987,-0.238562148809433,0.591835618019104,1.0,60.0,0.015499999467283487,75005.0,-0.002977912314236164,0.5,58800.0,-0.003337643288716219,0.8785896301269531,-0.3455466032028198,0.2,0.8250000476837158,294.0,60.0,0.3666666666666667,2940.0,0.0,1.894365280866623,0.563880980014801,0.6916666924953461
0.0003,0.5916666984558105,-0.24023158028721808,0.598444014787674,1.0,60.0,0.047999998833984134,75846.0,0.003090542508289218,0.5,59000.0,-0.007788789520098316,0.11418068408966064,0.281494140625,0.2,0.8250000476837158,295.0,60.0,0.38333333333333336,2950.0,0.0,0.46343909949064255,0.5399549305438995,0.7083333730697632
0.0003,0.5333333611488342,-0.24262799173593522,0.5957115590572357,1.0,60.0,0.04599999934434891,76493.0,-0.0033169733360409737,0.5,59200.0,-0.007468874510203038,0.2107468843460083,0.3453502058982849,0.2,0.8416667282581329,296.0,60.0,0.3458333333333333,2960.0,0.0,0.5681814402341843,0.5562371015548706,0.6875000298023224
0.0003,0.5000000447034836,-0.2246266260743141,0.6043998003005981,1.0,60.0,0.04699999857693911,76751.0,0.0061605642549693584,0.5,59400.0,-0.008988866986357591,0.013188643380999565,0.6795975565910339,0.2,0.7583333849906921,297.0,60.0,0.37083333333333335,2970.0,0.0,0.10179988145828248,0.5905826985836029,0.6291666924953461
0.0003,0.5416666865348816,-0.22463748157024382,0.5961108803749084,1.0,60.0,0.020499999355524778,76026.0,0.011831585317850113,0.5,59600.0,0.00012910037652176244,0.10219655185937881,0.7188880741596222,0.2,0.9250000417232513,298.0,60.0,0.30833333333333335,2980.0,0.0,0.3384394720196724,0.52969029545784,0.7333333790302277
0.0003,0.458333358168602,-0.2483132913708687,0.6015785932540894,1.0,60.0,0.045499998796731236,81133.0,0.002872722689062357,0.5,59800.0,-0.0046341698571341185,0.2027568519115448,0.19374656677246094,0.2,0.8833333551883698,299.0,60.0,0.2875,2990.0,0.0,0.7995513990521431,0.5647273361682892,0.6708333492279053
0.0003,0.5083333551883698,-0.2284114859998226,0.5785466432571411,1.0,60.0,0.007999999821186066,77327.0,0.0002949237823486328,0.5,60000.0,0.00040318989910883565,0.05315576493740082,0.4770674705505371,0.2,0.9000000357627869,300.0,60.0,0.3041666666666667,3000.0,0.0,0.29058689139783384,0.5416875779628754,0.7041667103767395
