mean\gen\time/fps,mean\gen\train/n_updates,mean\gen\train/learning_rate,mean\disc\disc_acc,mean\disc\disc_proportion_expert_true,mean\gen\train/explained_variance,mean\disc\disc_acc_expert,mean\gen\time/total_timesteps,mean\disc\n_generated,mean\gen\train/clip_range,mean\gen\train/approx_kl,mean\disc\global_step,mean\disc\n_expert,mean\disc\disc_loss,mean\gen\rollout/ep_len_mean,mean\gen\train/entropy_loss,mean\gen\train/policy_gradient_loss,mean\gen\train/clip_fraction,mean\gen\rollout/ep_rew_mean,mean\gen\time/iterations,mean\disc\disc_proportion_expert_pred,mean\gen\train/value_loss,mean\gen\train/loss,mean\gen\time/time_elapsed,mean\disc\disc_acc_gen,mean\gen\rollout/ep_rew_wrapped_mean
135.0,10.0,0.0003,0.5,0.5,-0.11152470111846924,1.0,50.0,60.0,0.2,0.008518354967236519,1.0,60.0,0.6944987177848816,16.0,-1.9450402498245238,-0.012310552399605258,0.0,0.9,1.0,1.0,0.21291282251477242,0.02710353210568428,0.0,0.0,
555.0,20.0,0.0003,0.5,0.5,-0.0029436349868774414,1.0,100.0,60.0,0.2,0.011216235347092152,2.0,60.0,0.6855597496032715,33.5,-1.9387633681297303,-0.008744155320804659,0.0,0.790625,1.0,1.0,0.33171131312847135,0.10469717532396317,0.0,0.0,1.4498530179262161
925.0,30.0,0.0003,0.5750000476837158,0.5,-2.2844550609588623,0.9333333969116211,150.0,60.0,0.2,0.0032128882594406605,3.0,60.0,0.6881114840507507,33.5,-1.9300472855567932,-0.009631655009463457,0.0,0.790625,1.0,0.8583333333333333,0.16108870580792428,0.003168286755681038,0.0,0.21666668355464935,2.6424718033522367
1237.0,40.0,0.0003,0.5166667103767395,0.5,-0.5447912216186523,0.8833333849906921,200.0,60.0,0.2,0.004622506909072399,4.0,60.0,0.6856575608253479,33.5,-1.9198906421661377,-0.012029508324281757,0.0,0.790625,1.0,0.8666666666666667,0.011410055123269558,-0.025738127529621124,0.0,0.15000000596046448,2.6424718033522367
1146.0,50.0,0.0003,0.5833333730697632,0.5,-0.06667566299438477,0.6500000357627869,250.0,60.0,0.2,-0.014641947112977505,5.0,60.0,0.6885892748832703,62.5,-1.8930294394493103,-0.0095070208590478,0.0,0.584375,1.0,0.5666666666666667,0.7601453840732575,0.10257719457149506,0.0,0.5166667103767395,2.6424718033522367
1317.0,60.0,0.0003,0.6500000357627869,0.5,-0.2011953592300415,0.6333333849906921,300.0,60.0,0.2,0.0002450418542139232,6.0,60.0,0.6859359741210938,62.5,-1.8627274751663208,-0.0035234473473678917,0.0,0.584375,1.0,0.48333333333333334,0.08591978214681148,0.018217304721474648,0.0,0.6666666865348816,2.5742082372307777
1666.0,70.0,0.0003,0.5916666984558105,0.5,-0.07943117618560791,0.7000000476837158,350.0,60.0,0.2,0.004282939247786999,7.0,60.0,0.6867307424545288,62.5,-1.859460461139679,-0.0024795452951220653,0.0,0.584375,1.0,0.6083333333333333,0.12255104407668113,0.018525462597608566,0.0,0.4833333492279053,2.5742082372307777
1923.0,80.0,0.0003,0.6250000596046448,0.5,0.15546202659606934,0.6666666865348816,400.0,60.0,0.2,0.008654952049255371,8.0,60.0,0.6860146522521973,78.8,-1.8542880773544312,-0.016147150542470713,0.0,0.46749999999999997,1.0,0.5416666666666666,0.03901261445134878,-0.02570047415792942,0.0,0.5833333730697632,2.5742082372307777
2510.0,90.0,0.0003,0.6833333969116211,0.5,0.06980860233306885,0.7000000476837158,450.0,60.0,0.2,-0.017925094813108444,9.0,60.0,0.6733525991439819,73.83333333333333,-1.8298233270645141,-0.017589943231549297,0.031999999284744264,0.5052083333333334,1.0,0.5166666666666667,0.3887986093759537,0.12198098748922348,0.0,0.6666666865348816,1.4424345202744007
2747.0,100.0,0.0003,0.8250000476837158,0.5,0.1167612075805664,0.8166667222976685,500.0,60.0,0.2,-0.02038491517305374,10.0,60.0,0.659469723701477,73.83333333333333,-1.8747738122940063,-0.012737813606392655,0.05799999758601189,0.5052083333333334,1.0,0.49166666666666664,0.47063541114330293,0.18038059771060944,0.0,0.8333333730697632,0.6749641175071398
3003.0,110.0,0.0003,0.6833333969116211,0.5,0.20536452531814575,0.9000000357627869,550.0,60.0,0.2,0.08366460353136063,11.0,60.0,0.6738550066947937,73.83333333333333,-1.8390958189964295,-0.03861195037700238,0.05599999725818634,0.5052083333333334,1.0,0.7166666666666667,0.2369142770767212,0.026735112071037292,0.0,0.46666669845581055,0.6749641175071398
2955.0,120.0,0.0003,0.42500001192092896,0.5,0.0888376235961914,0.7000000476837158,600.0,60.0,0.2,0.01327778585255146,12.0,60.0,0.7065303325653076,74.625,-1.7626981258392334,0.007788613676093803,0.0,0.49609375,1.0,0.775,2.461855387687683,0.6446060538291931,0.0,0.15000000596046448,0.6749641175071398
3730.0,130.0,0.0003,0.491666704416275,0.5,-0.11961328983306885,0.7333333492279053,650.0,60.0,0.2,0.015515932813286781,13.0,60.0,0.6942604184150696,74.625,-1.7272026538848877,-0.004040841178138521,0.0,0.49609375,1.0,0.7416666666666667,0.38206179440021515,0.10558246821165085,0.0,0.25,1.077360502909869
4216.0,140.0,0.0003,0.6333333849906921,0.5,0.09723222255706787,0.6833333969116211,700.0,60.0,0.2,0.003931329119950533,14.0,60.0,0.6923145651817322,74.625,-1.7301198244094849,-0.01582604744797571,0.057999998331069946,0.49609375,1.0,0.55,0.10207102671265603,0.015358790755271912,0.0,0.5833333730697632,1.077360502909869
4397.0,150.0,0.0003,0.6166666746139526,0.5,0.10013145208358765,0.38333335518836975,750.0,60.0,0.2,0.018117599189281464,15.0,60.0,0.6865893602371216,82.33333333333333,-1.6853837728500367,-0.00995588149037303,0.007999999821186066,0.4409722222222222,1.0,0.26666666666666666,1.1958671629428863,0.26595035195350647,0.0,0.8500000238418579,1.077360502909869
4571.0,160.0,0.0003,0.6000000238418579,0.5,-0.03535127639770508,0.28333336114883423,800.0,60.0,0.2,-0.010960976593196392,16.0,60.0,0.6885662078857422,82.33333333333333,-1.6331226348876953,-0.004676943990634186,0.0,0.4409722222222222,1.0,0.18333333333333332,1.741290992498398,0.4084356129169464,0.0,0.9166666865348816,0.9655109283824762
5374.0,170.0,0.0003,0.5833333730697632,0.5,0.007914066314697266,0.1666666716337204,850.0,60.0,0.2,0.01115154754370451,17.0,60.0,0.6910620331764221,82.33333333333333,-1.5912290930747985,-0.012903655317612107,0.0,0.4409722222222222,1.0,0.08333333333333333,0.9653786987066268,0.11057011783123016,0.0,1.0,0.9655109283824762
4522.0,180.0,0.0003,0.5750000476837158,0.5,0.0094987154006958,0.3333333432674408,900.0,60.0,0.2,0.020900676026940346,18.0,60.0,0.6857026815414429,88.5,-1.5539401292800903,-0.017215230854228204,0.07799999713897705,0.396875,1.0,0.25833333333333336,0.9025712788105011,0.40644538402557373,0.0,0.8166667222976685,0.9655109283824762
5837.0,190.0,0.0003,0.5,0.5,0.026206493377685547,0.30000001192092896,950.0,60.0,0.2,-0.016897322610020638,19.0,60.0,0.6892777681350708,88.5,-1.4842841386795045,-0.019362888688222314,0.0,0.396875,1.0,0.3,2.2804643392562864,0.7850545644760132,0.0,0.7000000476837158,-0.7850832216441631
4807.0,200.0,0.0003,0.6166666746139526,0.5,0.08575940132141113,0.45000001788139343,1000.0,60.0,0.2,0.07281879335641861,20.0,60.0,0.6879513263702393,88.5,-1.3833122849464417,-0.02718730281107149,0.06400000005960464,0.396875,1.0,0.3333333333333333,0.11333784088492393,0.011150963604450226,0.0,0.7833333611488342,-0.7850832216441631
6564.0,210.0,0.0003,0.6416667103767395,0.5,0.013721644878387451,0.7333333492279053,1050.0,60.0,0.2,0.0099012590944767,21.0,60.0,0.6791003346443176,93.54545454545455,-1.2606637477874756,-0.017352917090058283,0.005999999865889549,0.36079545454545453,1.0,0.5916666666666667,2.225236749649048,0.9177228808403015,0.0,0.550000011920929,-0.7850832216441631
6250.0,220.0,0.0003,0.6500000357627869,0.5,0.07883113622665405,0.7000000476837158,1100.0,60.0,0.2,-0.00881990883499384,22.0,60.0,0.648578405380249,93.54545454545455,-1.2207265734672545,-0.012080249749589721,0.005999999865889549,0.36079545454545453,1.0,0.55,0.423370298743248,0.15557996928691864,0.0,0.6000000238418579,-1.8836517445743084
6629.0,230.0,0.0003,0.7250000238418579,0.5,0.02740722894668579,0.7500000596046448,1150.0,60.0,0.2,0.022788159549236298,23.0,60.0,0.6494666934013367,93.54545454545455,-1.2399422764778136,-0.008408813086338363,0.007999999821186066,0.36079545454545453,1.0,0.525,0.9460358917713165,0.32491806149482727,0.0,0.7000000476837158,-1.8836517445743084
7229.0,240.0,0.0003,0.6333333849906921,0.5,-0.0031892061233520508,0.7000000476837158,1200.0,60.0,0.2,0.015303801745176315,24.0,60.0,0.669715940952301,97.75,-1.2825005412101746,-0.00886769688595095,0.015999999642372132,0.3307291666666667,1.0,0.5666666666666667,2.251593732833862,1.077512264251709,0.0,0.5666667222976685,-1.8836517445743084
7609.0,250.0,0.0003,0.6333333849906921,0.5,0.05426812171936035,0.8166667222976685,1250.0,60.0,0.2,-0.007496693171560764,25.0,60.0,0.6793383359909058,97.75,-1.5039467573165894,-0.01802848683949563,0.0939999982714653,0.3307291666666667,1.0,0.6833333333333333,1.0083907127380372,0.372213214635849,0.0,0.45000001788139343,-2.7125775764385858
8074.0,260.0,0.0003,0.5583333373069763,0.5,0.01499396562576294,0.8000000715255737,1300.0,60.0,0.2,0.003072411986067891,26.0,60.0,0.6764466762542725,97.75,-1.4580244779586793,0.003889772802591551,0.0,0.3307291666666667,1.0,0.7416666666666667,3.829846143722534,1.4039299488067627,0.0,0.31666669249534607,-2.7125775764385858
8333.0,270.0,0.0003,0.5416666865348816,0.5,0.040322184562683105,0.7333333492279053,1350.0,60.0,0.2,0.004945619031786919,27.0,60.0,0.6787438988685608,101.3076923076923,-1.4044912219047547,-0.010488541274331454,0.005999999865889549,0.30528846153846156,1.0,0.6916666666666667,1.5212560772895813,0.5524724125862122,0.0,0.3500000238418579,-2.7125775764385858
8805.0,280.0,0.0003,0.6583333611488342,0.5,0.01609969139099121,0.6000000238418579,1400.0,60.0,0.2,0.00923868641257286,28.0,60.0,0.6451192498207092,101.3076923076923,-1.3827634930610657,0.0011083531192269901,0.0,0.30528846153846156,1.0,0.44166666666666665,4.105707716941834,1.9922001361846924,0.0,0.7166666984558105,-1.4304570449659457
8039.0,290.0,0.0003,0.5083333849906921,0.5,0.05533879995346069,0.6333333849906921,1450.0,60.0,0.2,-0.00961243361234665,29.0,60.0,0.6925859451293945,101.3076923076923,-1.4996102094650268,-0.012040452691726244,0.0019999999552965165,0.30528846153846156,1.0,0.625,0.8827219903469086,0.33464986085891724,0.0,0.38333335518836975,-1.4304570449659457
9146.0,300.0,0.0003,0.5333333611488342,0.5,0.033447206020355225,0.46666669845581055,1500.0,60.0,0.2,0.013263043947517872,30.0,60.0,0.6897406578063965,104.35714285714286,-1.6341512084007264,-0.04077817001193758,0.3479999825358391,0.28348214285714285,1.0,0.43333333333333335,0.5984158337116241,0.23538212478160858,0.0,0.6000000238418579,-1.4304570449659457
9362.0,310.0,0.0003,0.5166667103767395,0.5,0.08819669485092163,0.4166666865348816,1550.0,60.0,0.2,0.014885179698467255,31.0,60.0,0.6897968649864197,104.35714285714286,-1.5188748359680175,-0.0014822054808036,0.0,0.28348214285714285,1.0,0.4,0.5161618798971176,0.1325528919696808,0.0,0.6166666746139526,-1.735234450282795
9816.0,320.0,0.0003,0.5833333730697632,0.5,-0.004018545150756836,0.38333335518836975,1600.0,60.0,0.2,-0.006941838189959526,32.0,60.0,0.681308388710022,104.35714285714286,-1.5339343547821045,-0.00535524018343132,0.0,0.28348214285714285,1.0,0.3,1.994999647140503,0.6749228239059448,0.0,0.7833333611488342,-1.735234450282795
9901.0,330.0,0.0003,0.5833333730697632,0.5,0.005035102367401123,0.4833333492279053,1650.0,60.0,0.2,-0.007000250741839409,33.0,60.0,0.6759539842605591,107.0,-1.5922147035598755,-0.001857024838449428,0.0,0.26458333333333334,1.0,0.4,2.022649586200714,0.8163584470748901,0.0,0.6833333969116211,-1.735234450282795
11039.0,340.0,0.0003,0.6333333849906921,0.5,0.01654869318008423,0.46666669845581055,1700.0,60.0,0.2,-0.011079380288720131,34.0,60.0,0.6892074346542358,107.0,-1.5504303336143495,-0.009390806635027005,0.025999998673796654,0.26458333333333334,1.0,0.3333333333333333,1.59321585893631,0.5317112803459167,0.0,0.8000000715255737,-2.49028551603357
10872.0,350.0,0.0003,0.5750000476837158,0.5,-0.005271434783935547,0.36666667461395264,1750.0,60.0,0.2,-0.0040294574573636055,35.0,60.0,0.680953323841095,109.3125,-1.4948729515075683,-0.01253010884730621,0.16399999260902404,0.248046875,1.0,0.2916666666666667,1.6486182808876038,0.7376596927642822,0.0,0.7833333611488342,-2.49028551603357
11180.0,360.0,0.0003,0.5666667222976685,0.5,0.023844897747039795,0.45000001788139343,1800.0,60.0,0.2,0.00020767688693013042,36.0,60.0,0.6654641032218933,109.3125,-1.4844188451766969,-0.0051804857756941654,0.03599999919533729,0.248046875,1.0,0.38333333333333336,4.302026104927063,1.6284841299057007,0.0,0.6833333969116211,-3.714760906761512
11562.0,370.0,0.0003,0.36666667461395264,0.5,0.02455604076385498,0.3500000238418579,1850.0,60.0,0.2,-0.007675702217966318,37.0,60.0,0.7209026217460632,109.3125,-1.66143878698349,-0.028565103329718157,0.3419999942183495,0.248046875,1.0,0.48333333333333334,0.4370290905237198,0.18023699522018433,0.0,0.38333335518836975,-3.714760906761512
11801.0,380.0,0.0003,0.5750000476837158,0.5,0.0028308629989624023,0.6500000357627869,1900.0,60.0,0.2,0.002724535297602415,38.0,60.0,0.6895014643669128,110.82352941176471,-1.6187983512878419,0.011835886731743983,0.047999998182058336,0.2426470588235294,1.0,0.575,6.168241214752197,2.7917094230651855,0.0,0.5,-3.714760906761512
12255.0,390.0,0.0003,0.5250000357627869,0.5,0.00011467933654785156,0.6666666865348816,1950.0,60.0,0.2,0.0285929124802351,39.0,60.0,0.6975477337837219,110.82352941176471,-1.6573955297470093,-0.010404112650314356,0.005999999865889549,0.2426470588235294,1.0,0.6416666666666667,2.5667534351348875,0.9419869184494019,0.0,0.38333335518836975,-4.166256108485601
12578.0,400.0,0.0003,0.5916666984558105,0.5,0.01589733362197876,0.6166666746139526,2000.0,60.0,0.2,0.012854511849582195,40.0,60.0,0.6855159401893616,110.82352941176471,-1.731038796901703,-0.010953076370991788,0.10999999716877937,0.2426470588235294,1.0,0.525,1.0955075800418854,0.30294346809387207,0.0,0.5666667222976685,-4.166256108485601
12350.0,410.0,0.0003,0.5333333611488342,0.5,0.03699779510498047,0.5166667103767395,2050.0,60.0,0.2,-0.005002729594707489,41.0,60.0,0.7038788199424744,107.78947368421052,-1.712669265270233,-0.004605601909104706,0.0,0.2631578947368421,1.0,0.48333333333333334,7.159270000457764,2.632523775100708,0.0,0.550000011920929,-4.166256108485601
13207.0,420.0,0.0003,0.550000011920929,0.5,0.08490359783172607,0.4833333492279053,2100.0,60.0,0.2,0.010524444282054901,42.0,60.0,0.6716539263725281,107.78947368421052,-1.7549279093742371,-0.011944504745770246,0.0159999992698431,0.2631578947368421,1.0,0.43333333333333335,1.0669659674167633,0.45961055159568787,0.0,0.6166666746139526,-3.1585153206006478
13871.0,430.0,0.0003,0.3916666805744171,0.5,0.1022377610206604,0.5,2150.0,60.0,0.2,-0.00246117589995265,43.0,60.0,0.7250399589538574,107.78947368421052,-1.749222493171692,-0.012068879489321293,0.011999999731779098,0.2631578947368421,1.0,0.6083333333333333,1.2490990102291106,0.4516042172908783,0.0,0.28333336114883423,-3.1585153206006478
13095.0,440.0,0.0003,0.5833333730697632,0.5,0.0838921070098877,0.46666669845581055,2200.0,60.0,0.2,0.03310244902968407,44.0,60.0,0.6714735627174377,109.6,-1.6843569874763489,-0.036430986739695116,0.06799999848008156,0.25,1.0,0.38333333333333336,1.101711630821228,0.4725011885166168,0.0,0.7000000476837158,-3.1585153206006478
14422.0,450.0,0.0003,0.5333333611488342,0.5,0.1880754828453064,0.46666669845581055,2250.0,60.0,0.2,-0.006788918748497963,45.0,60.0,0.6867514848709106,109.6,-1.7352010846138,-0.005885881109046665,0.009999999776482582,0.25,1.0,0.43333333333333335,0.8187818586826324,0.27548855543136597,0.0,0.6000000238418579,-3.257319007255137
14465.0,460.0,0.0003,0.4833333492279053,0.5,0.09193813800811768,0.550000011920929,2300.0,60.0,0.2,0.05271853506565094,46.0,60.0,0.6919683218002319,109.6,-1.78379567861557,-0.018224412269890244,0.08799999728798866,0.25,1.0,0.5666666666666667,0.23501393795013428,0.07032749801874161,0.0,0.4166666865348816,-3.257319007255137
13055.0,470.0,0.0003,0.5750000476837158,0.5,0.1390591859817505,0.4166666865348816,2350.0,60.0,0.2,0.03201654180884361,47.0,60.0,0.6769679188728333,111.23809523809524,-1.690956473350525,-0.025214198758825645,0.13199999555945396,0.23809523809523808,1.0,0.3416666666666667,0.678461080789566,0.2894711494445801,0.0,0.7333333492279053,-3.257319007255137
15286.0,480.0,0.0003,0.5833333730697632,0.5,0.14088207483291626,0.5333333611488342,2400.0,60.0,0.2,0.006860458757728338,48.0,60.0,0.6813505291938782,111.23809523809524,-1.8653356790542603,-0.0033608819403452726,0.07599999755620956,0.23809523809523808,1.0,0.45,0.5894118905067444,0.21287669241428375,0.0,0.6333333849906921,-3.399936381727457
15408.0,490.0,0.0003,0.6500000357627869,0.5,0.1322537064552307,0.5,2450.0,60.0,0.2,0.09934455901384354,49.0,60.0,0.6668579578399658,111.23809523809524,-1.6403506636619567,-0.03708324849605589,0.20399999469518662,0.23809523809523808,1.0,0.35,2.244208312034607,0.947452962398529,0.0,0.8000000715255737,-3.399936381727457
14657.0,500.0,0.0003,0.40833336114883423,0.5,0.10329294204711914,0.5833333730697632,2500.0,60.0,0.2,-0.0015711903106421232,50.0,60.0,0.7052629590034485,112.72727272727273,-1.718203604221344,0.002963517391821391,0.0,0.22727272727272727,1.0,0.675,5.099556159973145,2.4148359298706055,0.0,0.23333334922790527,-3.399936381727457
16182.0,510.0,0.0003,0.6250000596046448,0.5,0.1848127841949463,0.7166666984558105,2550.0,60.0,0.2,0.051079221069812775,51.0,60.0,0.6638149619102478,112.72727272727273,-1.6102503657341003,-0.028331686653196898,0.1619999960064888,0.22727272727272727,1.0,0.5916666666666667,0.1750367745757103,0.03981223702430725,0.0,0.5333333611488342,-3.6361690568314358
16555.0,520.0,0.0003,0.5083333849906921,0.5,0.15012753009796143,0.6666666865348816,2600.0,60.0,0.2,0.012383759021759033,52.0,60.0,0.7002996206283569,112.72727272727273,-1.7189831018447876,-0.0022386505045578708,0.019999999552965164,0.22727272727272727,1.0,0.6583333333333333,2.6451282024383547,1.0230909585952759,0.0,0.3500000238418579,-3.6361690568314358
15680.0,530.0,0.0003,0.5833333730697632,0.5,0.2940221428871155,0.6500000357627869,2650.0,60.0,0.2,0.026110516861081123,53.0,60.0,0.6927447319030762,109.91666666666667,-1.6320140957832336,-0.009868104367400576,0.02799999937415123,0.2505208333333333,1.0,0.5666666666666667,3.0327951073646546,0.9201497435569763,0.0,0.5166667103767395,-3.6361690568314358
15970.0,540.0,0.0003,0.6416667103767395,0.5,0.22643887996673584,0.6000000238418579,2700.0,60.0,0.2,-0.0015058087883517146,54.0,60.0,0.6789862513542175,109.91666666666667,-1.6274996161460877,-0.015545474693179174,0.06599999703466893,0.2505208333333333,1.0,0.4583333333333333,0.2804452955722809,0.04851966351270676,0.0,0.6833333969116211,-2.97289542403693
14473.0,550.0,0.0003,0.7250000238418579,0.5,0.25191938877105713,0.6666666865348816,2750.0,60.0,0.2,0.016756737604737282,55.0,60.0,0.6701891422271729,109.91666666666667,-1.6789098501205444,-0.008962122474448008,0.0159999992698431,0.2505208333333333,1.0,0.44166666666666665,0.19268942177295684,0.02699248306453228,0.0,0.7833333611488342,-2.97289542403693
16972.0,560.0,0.0003,0.6333333849906921,0.5,0.03610116243362427,0.5666667222976685,2800.0,60.0,0.2,0.02558128535747528,56.0,60.0,0.6767326593399048,111.28,-1.5594671964645386,-0.02468922746367781,0.18599999956786634,0.24049999999999996,1.0,0.43333333333333335,0.4705682575702667,0.18957091867923737,0.0,0.7000000476837158,-2.97289542403693
18153.0,570.0,0.0003,0.6916667222976685,0.5,-0.3802223205566406,0.5833333730697632,2850.0,60.0,0.2,0.015013027004897594,57.0,60.0,0.6792551279067993,111.28,-1.5070302844047547,-0.01778873370587828,0.03799999877810478,0.24049999999999996,1.0,0.39166666666666666,0.23759893476963043,0.06279861927032471,0.0,0.8000000715255737,-3.213652076125145
17064.0,580.0,0.0003,0.7166666984558105,0.5,0.10245949029922485,0.550000011920929,2900.0,60.0,0.2,0.030412742868065834,58.0,60.0,0.6818302273750305,111.28,-1.5230553865432739,-0.00933202836103746,0.09199999831616879,0.24049999999999996,1.0,0.3333333333333333,0.3753217369318008,0.11870241910219193,0.0,0.8833333849906921,-3.213652076125145
18553.0,590.0,0.0003,0.6500000357627869,0.5,-0.17544341087341309,0.7333333492279053,2950.0,60.0,0.2,0.020728420466184616,59.0,60.0,0.6791738867759705,112.53846153846153,-1.5347933650016785,-0.03255397969856801,0.12599999606609344,0.23124999999999998,1.0,0.5833333333333334,0.9657748401165008,0.4143105447292328,0.0,0.5666667222976685,-3.213652076125145
18744.0,600.0,0.0003,0.5583333373069763,0.5,0.37954074144363403,0.6166666746139526,3000.0,60.0,0.2,0.031413089483976364,60.0,60.0,0.684165358543396,112.53846153846153,-1.3428566813468934,-0.02534522888250663,0.053999999165534975,0.23124999999999998,1.0,0.5583333333333333,0.2575745239853859,0.057168055325746536,0.0,0.5,-3.3710408226515236
18765.0,610.0,0.0003,0.5666667222976685,0.5,-0.22023141384124756,0.7166666984558105,3050.0,60.0,0.2,0.013226673007011414,61.0,60.0,0.6778774857521057,111.81481481481481,-1.4241397976875305,-0.00901918443851173,0.02799999937415123,0.23819444444444443,1.0,0.65,1.0996733844280242,0.40186983346939087,0.0,0.4166666865348816,-3.3710408226515236
19434.0,620.0,0.0003,0.7083333730697632,0.5,0.33484357595443726,0.6500000357627869,3100.0,60.0,0.2,0.029119309037923813,62.0,60.0,0.6603485345840454,111.81481481481481,-1.5221521973609924,-0.00889995785988873,0.04799999892711639,0.23819444444444443,1.0,0.44166666666666665,0.5416242152452468,0.18883833289146423,0.0,0.7666667103767395,-3.1582569976647696
19325.0,630.0,0.0003,0.6416667103767395,0.5,0.07367938756942749,0.8000000715255737,3150.0,60.0,0.2,-0.0004052948788739741,63.0,60.0,0.6579240560531616,111.81481481481481,-1.5062408447265625,-0.01124449686892337,0.03999999910593033,0.23819444444444443,1.0,0.6583333333333333,0.3869805634021759,0.09666794538497925,0.0,0.4833333492279053,-3.1582569976647696
17502.0,640.0,0.0003,0.7833333611488342,0.5,-0.11754119396209717,0.8166667222976685,3200.0,60.0,0.2,0.009610023349523544,64.0,60.0,0.6494757533073425,112.96428571428571,-1.455751156806946,-0.014304309607017807,0.025999999418854714,0.2296875,1.0,0.5333333333333333,0.5331943690776825,0.2296273112297058,0.0,0.7500000596046448,-3.1582569976647696
14008.0,650.0,0.0003,0.7250000238418579,0.5,0.2717571258544922,0.8166667222976685,3250.0,60.0,0.2,-0.01606662943959236,65.0,60.0,0.665138840675354,112.96428571428571,-1.4291978120803832,-0.021120399180916127,0.04399999864399433,0.2296875,1.0,0.5916666666666667,0.21166546046733856,0.01893697679042816,0.0,0.6333333849906921,-3.290113415169929
20177.0,660.0,0.0003,0.38333335518836975,0.5,-0.019170165061950684,0.7666667103767395,3300.0,60.0,0.2,-0.0015646028332412243,66.0,60.0,0.7035019397735596,112.96428571428571,-1.4836233496665954,0.0019045875633601384,0.047999998554587364,0.2296875,1.0,0.8833333333333333,3.3594927549362184,1.0237737894058228,0.0,0.0,-3.290113415169929
21202.0,670.0,0.0003,0.42500001192092896,0.5,-0.09849703311920166,0.5833333730697632,3350.0,60.0,0.2,0.047754086554050446,67.0,60.0,0.6802231073379517,114.03448275862068,-1.5621292352676392,-0.022420753248967175,0.1199999950826168,0.22176724137931034,1.0,0.6583333333333333,0.4901312097907066,0.06416366994380951,0.0,0.2666666805744171,-3.290113415169929
20539.0,680.0,0.0003,0.7916666865348816,0.5,0.44654321670532227,0.5833333730697632,3400.0,60.0,0.2,-0.007030215114355087,68.0,60.0,0.6462312340736389,114.03448275862068,-1.422180461883545,-0.0019033257811670978,0.003999999910593033,0.22176724137931034,1.0,0.2916666666666667,2.6023186445236206,1.0974383354187012,0.0,1.0,-2.939518812658458
22115.0,690.0,0.0003,0.5666667222976685,0.5,-0.13407361507415771,0.4166666865348816,3450.0,60.0,0.2,0.05035605654120445,69.0,60.0,0.6787843704223633,114.03448275862068,-1.4917993545532227,-0.007510541073046539,0.049999998137354854,0.22176724137931034,1.0,0.35,0.7145690113306046,0.17213337123394012,0.0,0.7166666984558105,-2.939518812658458
22369.0,700.0,0.0003,0.4583333432674408,0.5,-0.3008841276168823,0.4833333492279053,3500.0,60.0,0.2,0.04020132124423981,70.0,60.0,0.6804681420326233,115.03333333333333,-1.4281466364860536,-0.026264915499836228,0.15799999348819255,0.21437499999999998,1.0,0.525,0.8125473320484161,0.35222625732421875,0.0,0.4333333671092987,-2.939518812658458
22327.0,710.0,0.0003,0.5250000357627869,0.5,-0.049396514892578125,0.5166667103767395,3550.0,60.0,0.2,-0.00645073875784874,71.0,60.0,0.6837924718856812,115.03333333333333,-1.1912108063697815,-0.008521635368931867,0.0,0.21437499999999998,1.0,0.49166666666666664,0.5341728270053864,0.1411505937576294,0.0,0.5333333611488342,-3.146182053536177
20994.0,720.0,0.0003,0.5750000476837158,0.5,-0.003881096839904785,0.4833333492279053,3600.0,60.0,0.2,0.01281177718192339,72.0,60.0,0.6619089841842651,114.87096774193549,-1.536526882648468,-0.013741661977022802,0.041999999433755875,0.21754032258064515,1.0,0.4083333333333333,1.3829158544540405,0.6379761695861816,0.0,0.6666666865348816,-3.146182053536177
22531.0,730.0,0.0003,0.3583333492279053,0.5,-0.015004992485046387,0.6000000238418579,3650.0,60.0,0.2,-0.011134435422718525,73.0,60.0,0.7254186272621155,113.8125,-1.6100717663764954,-0.0004743933452999727,0.0,0.226171875,1.0,0.7416666666666667,8.3373233795166,3.937908411026001,0.0,0.11666667461395264,-3.007414865998491
23124.0,740.0,0.0003,0.5166667103767395,0.5,0.03083854913711548,0.5,3700.0,60.0,0.2,-0.00552600622177124,74.0,60.0,0.6795783042907715,113.8125,-1.5349770069122315,-0.005819812310161865,0.0,0.226171875,1.0,0.48333333333333334,7.248079490661621,3.482322931289673,0.0,0.5333333611488342,-2.7916902831057087
20705.0,750.0,0.0003,0.7083333730697632,0.5,0.003412187099456787,0.45000001788139343,3750.0,60.0,0.2,0.0037601208314299583,75.0,60.0,0.6021057367324829,113.8125,-1.4097683429718018,-0.004294555069413164,0.0,0.226171875,1.0,0.24166666666666667,26.337823486328126,12.399093627929688,0.0,0.9666666984558105,-2.7916902831057087
24203.0,760.0,0.0003,0.5250000357627869,0.5,0.03306591510772705,0.5333333611488342,3800.0,60.0,0.2,0.024439580738544464,76.0,60.0,0.6899150013923645,114.42424242424242,-1.7237634778022766,-0.03011539106443526,0.07599999867379666,0.22424242424242422,1.0,0.5083333333333333,1.013970774412155,0.4435954988002777,0.0,0.5166667103767395,-2.7916902831057087
24213.0,770.0,0.0003,0.7500000596046448,0.5,0.005184054374694824,0.6000000238418579,3850.0,60.0,0.2,-0.009067416191101074,77.0,60.0,0.5916991233825684,114.42424242424242,-1.2882389903068543,-0.00029630421489130755,0.0,0.22424242424242422,1.0,0.35,18.973071670532228,8.968212127685547,0.0,0.9000000357627869,-3.551183154185613
23634.0,780.0,0.0003,0.550000011920929,0.5,0.044968605041503906,0.8000000715255737,3900.0,60.0,0.2,0.040329743176698685,78.0,60.0,0.6522074341773987,114.42424242424242,-1.6402560591697692,-0.02077185486536486,0.03599999807775021,0.22424242424242422,1.0,0.75,2.7642818212509157,1.2777560949325562,0.0,0.30000001192092896,-3.551183154185613
23795.0,790.0,0.0003,0.6500000357627869,0.5,0.10102719068527222,0.7500000596046448,3950.0,60.0,0.2,0.017620502039790154,79.0,60.0,0.6232975721359253,115.29411764705883,-1.7147780776023864,-0.013020364568568787,0.10999999679625035,0.2176470588235294,1.0,0.6,1.7649842262268067,0.7239818572998047,0.0,0.550000011920929,-3.551183154185613
23392.0,800.0,0.0003,0.44166669249534607,0.5,0.021061599254608154,0.7500000596046448,4000.0,60.0,0.2,0.004054133780300617,80.0,60.0,0.7347921133041382,113.82857142857142,-1.760789942741394,-0.004586623554117963,0.0,0.22857142857142854,1.0,0.8083333333333333,13.884617805480957,6.156464099884033,0.0,0.13333334028720856,-3.9310078340418197
25000.0,810.0,0.0003,0.4583333432674408,0.5,-0.004644155502319336,0.6000000238418579,4050.0,60.0,0.2,-0.01610550843179226,81.0,60.0,0.7129198312759399,111.58333333333333,-1.7589664936065674,-0.00825854334165257,0.0,0.24427083333333333,1.0,0.6416666666666667,1.1631141304969788,0.4327019155025482,0.0,0.31666669249534607,-3.3960821500846317
26281.0,820.0,0.0003,0.5416666865348816,0.5,0.018276214599609375,0.3500000238418579,4100.0,60.0,0.2,-0.005134772974997759,82.0,60.0,0.665836751461029,111.58333333333333,-1.743697214126587,-0.002629204897443316,0.0,0.24427083333333333,1.0,0.30833333333333335,8.446556282043456,4.226776599884033,0.0,0.7333333492279053,-3.164684771767093
26930.0,830.0,0.0003,0.6333333849906921,0.5,-0.00412905216217041,0.40000003576278687,4150.0,60.0,0.2,0.0007273554801940918,83.0,60.0,0.6952459216117859,111.58333333333333,-1.7489287376403808,-0.003377484310884071,0.0,0.24427083333333333,1.0,0.26666666666666666,7.610428810119629,3.563065767288208,0.0,0.8666667342185974,-3.164684771767093
26250.0,840.0,0.0003,0.5833333730697632,0.5,0.007611632347106934,0.20000001788139343,4200.0,60.0,0.2,0.001329660415649414,84.0,60.0,0.6716939210891724,112.45945945945945,-1.7328731656074523,0.00011171269221819103,0.0,0.2376689189189189,1.0,0.11666666666666667,11.294860363006592,5.171573162078857,0.0,0.9666666984558105,-3.164684771767093
25727.0,850.0,0.0003,0.5750000476837158,0.5,-0.038609981536865234,0.18333333730697632,4250.0,60.0,0.2,0.0009206795366480947,85.0,60.0,0.7128236889839172,111.71052631578948,-1.75609233379364,-0.0006312968740473934,0.0,0.2439144736842105,1.0,0.10833333333333334,7.943386888504028,3.3020479679107666,0.0,0.9666666984558105,-3.755603170777495
27564.0,860.0,0.0003,0.6166666746139526,0.5,3.641843795776367e-05,0.28333336114883423,4300.0,60.0,0.2,0.0010671400232240558,86.0,60.0,0.6915642023086548,111.71052631578948,-1.761518955230713,-0.0018484961508074883,0.0,0.2439144736842105,1.0,0.16666666666666666,7.654610443115234,3.144101142883301,0.0,0.9500000476837158,-4.342801617066327
26352.0,870.0,0.0003,0.6000000238418579,0.5,0.016959547996520996,0.45000001788139343,4350.0,60.0,0.2,0.001029407954774797,87.0,60.0,0.6505623459815979,111.71052631578948,-1.7482003450393677,-0.00741468262625915,0.0,0.2439144736842105,1.0,0.35,5.526742839813233,2.264261245727539,0.0,0.7500000596046448,-4.342801617066327
27500.0,880.0,0.0003,0.7416667342185974,0.5,0.018980979919433594,0.6333333849906921,4400.0,60.0,0.2,-0.002869086107239127,88.0,60.0,0.6248890161514282,112.53846153846153,-1.7541450619697572,-0.01486451656557648,0.003999999910593033,0.23766025641025637,1.0,0.39166666666666666,6.826829433441162,3.2985596656799316,0.0,0.8500000238418579,-4.342801617066327
29084.0,890.0,0.0003,0.6833333969116211,0.5,0.031736016273498535,0.8000000715255737,4450.0,60.0,0.2,0.009714741259813309,89.0,60.0,0.6379735469818115,110.875,-1.7907251358032226,-0.016395819503813767,0.0279999990016222,0.24953124999999998,1.0,0.6166666666666667,4.401723957061767,2.134108066558838,0.0,0.5666667222976685,-5.010993304638526
26315.0,900.0,0.0003,0.6166666746139526,0.5,0.03847932815551758,0.8500000238418579,4500.0,60.0,0.2,0.0025945210363715887,90.0,60.0,0.6852137446403503,110.875,-1.8071093440055848,-0.0024677314395084695,0.0,0.24953124999999998,1.0,0.7333333333333333,13.413637256622314,6.316224098205566,0.0,0.38333335518836975,-4.927607162762433
28535.0,910.0,0.0003,0.675000011920929,0.5,0.09641522169113159,0.7333333492279053,4550.0,60.0,0.2,0.0048179649747908115,91.0,60.0,0.6185499429702759,110.875,-1.8068332552909852,-0.007131374643883248,0.0,0.24953124999999998,1.0,0.5583333333333333,0.7198399126529693,0.3285602629184723,0.0,0.6166666746139526,-4.927607162762433
25762.0,920.0,0.0003,0.6500000357627869,0.5,0.008583247661590576,0.7000000476837158,4600.0,60.0,0.2,0.014910652302205563,92.0,60.0,0.6728396415710449,111.6829268292683,-1.7736868500709533,-0.0158357703806832,0.003999999910593033,0.2434451219512195,1.0,0.55,4.6253643989562985,2.2214410305023193,0.0,0.6000000238418579,-4.927607162762433
29730.0,930.0,0.0003,0.675000011920929,0.5,-0.0002523660659790039,0.6333333849906921,4650.0,60.0,0.2,-0.00022239207464735955,93.0,60.0,0.6534475088119507,110.5952380952381,-1.7509861588478088,-0.009038461254909614,0.0,0.25163690476190476,1.0,0.4583333333333333,8.18464436531067,3.9650425910949707,0.0,0.7166666984558105,-4.537187390392873
28658.0,940.0,0.0003,0.5,0.5,0.041702449321746826,0.4833333492279053,4700.0,60.0,0.2,0.0031680010724812746,94.0,60.0,0.7145581245422363,106.22727272727273,-1.7198050975799561,-0.0029672580545884843,0.0,0.2815340909090909,1.0,0.48333333333333334,9.678605461120606,4.715003967285156,0.0,0.5166667103767395,-4.8039381261028
30330.0,950.0,0.0003,0.6833333969116211,0.5,-0.07590460777282715,0.40000003576278687,4750.0,60.0,0.2,-0.0006016897968947887,95.0,60.0,0.6170773506164551,106.22727272727273,-1.700944685935974,0.0001962202108273914,0.0,0.2815340909090909,1.0,0.21666666666666667,42.061737060546875,19.557790756225586,0.0,0.9666666984558105,-4.547004174271768
30000.0,960.0,0.0003,0.6083333492279053,0.5,0.012311995029449463,0.46666669845581055,4800.0,60.0,0.2,0.0002266597730340436,96.0,60.0,0.659766435623169,106.33333333333333,-1.6853147745132446,-0.0017935047723590003,0.0,0.28208333333333335,1.0,0.35833333333333334,21.327533721923828,9.771401405334473,0.0,0.7500000596046448,-4.547004174271768
30312.0,970.0,0.0003,0.8333333730697632,0.5,-0.003831028938293457,0.8000000715255737,4850.0,60.0,0.2,2.467155354679562e-05,97.0,60.0,0.5614477396011353,106.33333333333333,-1.6713647603988648,-3.3140658226393785e-05,0.0,0.28208333333333335,1.0,0.4666666666666667,21.399984741210936,9.758758544921875,0.0,0.8666667342185974,-5.693587056547403
29696.0,980.0,0.0003,0.8666667342185974,0.5,0.004206299781799316,0.8833333849906921,4900.0,60.0,0.2,0.0004806852375622839,98.0,60.0,0.5276536345481873,106.33333333333333,-1.6692131757736206,-0.0004025710691777817,0.0,0.28208333333333335,1.0,0.5166666666666667,26.397208976745606,12.192736625671387,0.0,0.8500000238418579,-5.693587056547403
28779.0,990.0,0.0003,0.9333333969116211,0.5,0.0007718801498413086,0.8666667342185974,4950.0,60.0,0.2,0.006161689758300781,99.0,60.0,0.49446648359298706,107.15217391304348,-1.6812020540237427,-0.0065729198935441605,0.0,0.2759510869565217,1.0,0.43333333333333335,9.074172019958496,4.181910514831543,0.0,1.0,-5.693587056547403
30488.0,1000.0,0.0003,0.8083333969116211,0.5,0.004300177097320557,0.9166666865348816,5000.0,60.0,0.2,-0.00995323434472084,100.0,60.0,0.5488499402999878,107.15217391304348,-1.685666799545288,-0.013877855392173188,0.0,0.2759510869565217,1.0,0.6083333333333333,1.8116623878479003,0.7377212643623352,0.0,0.7000000476837158,-6.770877285496049
31564.0,1010.0,0.0003,0.7916666865348816,0.5,0.006840884685516357,0.9166666865348816,5050.0,60.0,0.2,0.07341485470533371,101.0,60.0,0.5435182452201843,107.15217391304348,-1.6683921575546266,-0.035655529052019116,0.2779999941587448,0.2759510869565217,1.0,0.625,3.4270419597625734,1.6354193687438965,0.0,0.6666666865348816,-6.770877285496049
30613.0,1020.0,0.0003,0.5666667222976685,0.5,0.02360403537750244,0.8500000238418579,5100.0,60.0,0.2,0.0021945619955658913,102.0,60.0,0.6636463403701782,107.93617021276596,-1.6742883324623108,-0.0050065599451770025,0.0,0.2700797872340425,1.0,0.7833333333333333,11.326857471466065,4.827075004577637,0.0,0.28333336114883423,-6.770877285496049
31987.0,1030.0,0.0003,0.6250000596046448,0.5,0.039965271949768066,0.7833333611488342,5150.0,60.0,0.2,0.015016274526715279,103.0,60.0,0.6244902610778809,106.875,-1.6924415349960327,-0.010568627403583442,0.0,0.2778645833333333,1.0,0.6583333333333333,10.95496425628662,5.159293174743652,0.0,0.46666669845581055,-6.969720956809978
34211.0,1040.0,0.0003,0.7083333730697632,0.5,-0.014435410499572754,0.8000000715255737,5200.0,60.0,0.2,-0.01086780522018671,104.0,60.0,0.5675575733184814,106.875,-1.7082746863365172,-0.006444860068150149,0.0,0.2778645833333333,1.0,0.5916666666666667,15.912842750549316,7.261530876159668,0.0,0.6166666746139526,-6.851245230219017
31818.0,1050.0,0.0003,0.7250000238418579,0.5,-0.02624368667602539,0.6833333969116211,5250.0,60.0,0.2,0.010008592158555984,105.0,60.0,0.571930468082428,106.3265306122449,-1.7133467316627502,0.00010396289874914366,0.0,0.28239795918367344,1.0,0.4583333333333333,35.113570022583005,16.6556453704834,0.0,0.7666667103767395,-6.851245230219017
32367.0,1060.0,0.0003,0.7916666865348816,0.5,0.025514602661132812,0.5833333730697632,5300.0,60.0,0.2,-0.0012519502779468894,106.0,60.0,0.5583876967430115,106.3265306122449,-1.7117818355560304,-0.0015436890780691215,0.0,0.28239795918367344,1.0,0.2916666666666667,119.07733764648438,57.63240051269531,0.0,1.0,-7.131544171547403
29234.0,1070.0,0.0003,0.6250000596046448,0.5,0.04267716407775879,0.6500000357627869,5350.0,60.0,0.2,-0.001572978449985385,107.0,60.0,0.6206945776939392,106.3265306122449,-1.7117297530174256,-0.0014970688318717506,0.0,0.28239795918367344,1.0,0.525,11.161423397064208,4.989041328430176,0.0,0.6000000238418579,-7.131544171547403
31276.0,1080.0,0.0003,0.6500000357627869,0.5,0.03130084276199341,0.6333333849906921,5400.0,60.0,0.2,0.0015382455894723535,108.0,60.0,0.6815621256828308,107.08,-1.7107062101364137,-0.0024498798251733956,0.0,0.27675,1.0,0.48333333333333334,8.174785089492797,3.840580701828003,0.0,0.6666666865348816,-7.131544171547403
31871.0,1090.0,0.0003,0.8166667222976685,0.5,-0.005018115043640137,0.8666667342185974,5450.0,60.0,0.2,0.0012118482263758779,109.0,60.0,0.5302783846855164,105.94117647058823,-1.7076414346694946,0.0011167161196935283,0.0,0.2849264705882353,1.0,0.55,26.930889320373534,13.099250793457031,0.0,0.7666667103767395,-8.730243896916509
29891.0,1100.0,0.0003,0.6833333969116211,0.5,0.005494236946105957,0.8333333730697632,5500.0,60.0,0.2,-0.0010359883308410645,110.0,60.0,0.5777264833450317,105.94117647058823,-1.7069339752197266,-0.0003049790876538339,0.0,0.2849264705882353,1.0,0.65,30.648943519592287,14.710835456848145,0.0,0.5333333611488342,-8.758492206752885
35127.0,1110.0,0.0003,0.7666667103767395,0.5,0.008285582065582275,0.8333333730697632,5550.0,60.0,0.2,-0.0003072643303312361,111.0,60.0,0.5076350569725037,105.92307692307692,-1.7095064282417298,-0.002259069393272739,0.0,0.2860576923076923,1.0,0.5666666666666667,24.494675064086913,11.8980712890625,0.0,0.7000000476837158,-8.758492206752885
34759.0,1120.0,0.0003,0.6416667103767395,0.5,0.00045990943908691406,0.8333333730697632,5600.0,60.0,0.2,0.0014054441126063466,112.0,60.0,0.6052344441413879,105.92307692307692,-1.7261991858482362,-0.009167158915661134,0.0,0.2860576923076923,1.0,0.6916666666666667,15.244314384460449,7.547759056091309,0.0,0.45000001788139343,-9.35536013235553
36218.0,1130.0,0.0003,0.8583333492279053,0.5,0.005584657192230225,0.8000000715255737,5650.0,60.0,0.2,-0.00861530564725399,113.0,60.0,0.4283898174762726,105.92307692307692,-1.7637291312217713,-0.013318398352712535,0.0,0.2860576923076923,1.0,0.44166666666666665,131.25591278076172,63.78532409667969,0.0,0.9166666865348816,-9.35536013235553
35401.0,1140.0,0.0003,0.7416667342185974,0.5,0.0016488432884216309,0.7666667103767395,5700.0,60.0,0.2,-0.00236852397210896,114.0,60.0,0.5265020728111267,106.64150943396227,-1.7841563463211059,-0.0005956776025122679,0.0,0.28066037735849053,1.0,0.525,90.35880126953126,44.127891540527344,0.0,0.7166666984558105,-9.35536013235553
35061.0,1150.0,0.0003,0.5416666865348816,0.5,0.0005387663841247559,0.6833333969116211,5750.0,60.0,0.2,0.00043208120041526854,115.0,60.0,0.657700777053833,106.64150943396227,-1.7919656753540039,-0.003079601354576944,0.0,0.28066037735849053,1.0,0.6416666666666667,7.3380838394165036,3.6719577312469482,0.0,0.40000003576278687,-10.660930028150105
33913.0,1160.0,0.0003,0.8083333969116211,0.5,5.543231964111328e-06,0.9000000357627869,5800.0,60.0,0.2,0.0038848398253321648,116.0,60.0,0.5058254599571228,105.45454545454545,-1.7896474361419679,-0.004952709589153592,0.0,0.28818181818181815,1.0,0.5916666666666667,52.16605110168457,25.966323852539062,0.0,0.7166666984558105,-10.660930028150105
35454.0,1170.0,0.0003,0.7500000596046448,0.5,0.0006598830223083496,0.8000000715255737,5850.0,60.0,0.2,-0.0010841179173439741,117.0,60.0,0.5241336822509766,103.96428571428571,-1.7900626897811889,-0.0009460713637238882,0.0,0.29843749999999997,1.0,0.55,32.020494842529295,15.813617706298828,0.0,0.7000000476837158,-11.413112726062536
36651.0,1180.0,0.0003,0.8250000476837158,0.5,-0.00037276744842529297,0.7500000596046448,5900.0,60.0,0.2,-0.0023191403597593307,118.0,60.0,0.46727147698402405,103.96428571428571,-1.7850594639778137,-0.0007532138805544264,0.0,0.29843749999999997,1.0,0.425,91.2114372253418,44.70114517211914,0.0,0.9000000357627869,-11.524311911913433
36503.0,1190.0,0.0003,0.7416667342185974,0.5,0.0024425387382507324,0.8000000715255737,5950.0,60.0,0.2,-0.0017752813873812556,119.0,60.0,0.5204517841339111,103.96428571428571,-1.7826202750205993,-0.0013428691276935467,0.0,0.29843749999999997,1.0,0.5583333333333333,28.10055465698242,13.576476097106934,0.0,0.6833333969116211,-11.524311911913433
37176.0,1200.0,0.0003,0.7916666865348816,0.5,0.002158939838409424,0.7500000596046448,6000.0,60.0,0.2,0.003072473919019103,120.0,60.0,0.4708912670612335,104.66666666666667,-1.7786133527755736,-0.0006612487941456635,0.0,0.2932017543859649,1.0,0.4583333333333333,101.22700805664063,49.80458068847656,0.0,0.8333333730697632,-11.524311911913433
37812.0,1210.0,0.0003,0.8166667222976685,0.5,0.0005537271499633789,0.8000000715255737,6050.0,60.0,0.2,0.002596914768218994,121.0,60.0,0.4714856743812561,103.8103448275862,-1.7770675897598267,-0.0015513271976960396,0.0,0.2994612068965517,1.0,0.48333333333333334,80.45838317871093,39.97357177734375,0.0,0.8333333730697632,-13.06077161084926
36965.0,1220.0,0.0003,0.7833333611488342,0.5,0.00122147798538208,0.8500000238418579,6100.0,60.0,0.2,0.0038705801125615835,122.0,60.0,0.4916073679924011,103.8103448275862,-1.776070523262024,-0.002162777714664088,0.0,0.2994612068965517,1.0,0.5666666666666667,28.973583793640138,14.0745849609375,0.0,0.7166666984558105,-13.624919543941987
37500.0,1230.0,0.0003,0.7916666865348816,0.5,0.001157522201538086,0.7666667103767395,6150.0,60.0,0.2,-0.002839150372892618,123.0,60.0,0.5233466625213623,103.8103448275862,-1.777847421169281,-0.00020772635435442054,0.0,0.2994612068965517,1.0,0.475,29.680567741394043,14.411520957946777,0.0,0.8166667222976685,-13.624919543941987
35493.0,1240.0,0.0003,0.7750000357627869,0.5,-0.00012862682342529297,0.8166667222976685,6200.0,60.0,0.2,0.0010763573227450252,124.0,60.0,0.49435538053512573,104.49152542372882,-1.7779937624931335,-0.0023921737108612896,0.0,0.29438559322033897,1.0,0.5416666666666666,106.38010101318359,52.711273193359375,0.0,0.7333333492279053,-13.624919543941987
39556.0,1250.0,0.0003,0.7583333849906921,0.5,0.0003980398178100586,0.7833333611488342,6250.0,60.0,0.2,-0.0034419058356434107,125.0,60.0,0.4964672327041626,104.49152542372882,-1.7776955604553222,-0.0007489452143781605,0.0,0.29438559322033897,1.0,0.525,41.65910682678223,20.361387252807617,0.0,0.7333333492279053,-14.51577821443394
38703.0,1260.0,0.0003,0.7250000238418579,0.5,0.001212000846862793,0.7000000476837158,6300.0,60.0,0.2,0.0017948055174201727,126.0,60.0,0.5233428478240967,104.49152542372882,-1.7771282196044922,-0.0008401763181502986,0.0,0.29438559322033897,1.0,0.475,66.34769668579102,32.42852020263672,0.0,0.7500000596046448,-14.51577821443394
37353.0,1270.0,0.0003,0.7500000596046448,0.5,0.00036066770553588867,0.8166667222976685,6350.0,60.0,0.2,0.005254764575511217,127.0,60.0,0.5981132388114929,105.15,-1.7687750101089477,-0.012168822311330629,0.0,0.2894791666666666,1.0,0.5666666666666667,13.389246845245362,6.62379264831543,0.0,0.6833333969116211,-14.51577821443394
35079.0,1280.0,0.0003,0.6333333849906921,0.5,0.0001469254493713379,0.7166666984558105,6400.0,60.0,0.2,0.007827320136129856,128.0,60.0,0.6323843598365784,105.15,-1.7248694896697998,-0.009980093094520281,0.0,0.2894791666666666,1.0,0.5833333333333334,90.95342864990235,44.70893859863281,0.0,0.550000011920929,-16.122598634846508
39815.0,1290.0,0.0003,0.6666666865348816,0.5,1.8358230590820312e-05,0.8166667222976685,6450.0,60.0,0.2,-0.00011777162580983713,129.0,60.0,0.61165851354599,105.49180327868852,-1.6885139346122742,0.00035408746000022975,0.0,0.28821721311475407,1.0,0.65,58.664955139160156,29.34568214416504,0.0,0.5166667103767395,-16.122598634846508
41139.0,1300.0,0.0003,0.8000000715255737,0.5,-0.0002745389938354492,0.7000000476837158,6500.0,60.0,0.2,0.002222983865067363,130.0,60.0,0.5247491598129272,105.49180327868852,-1.6758007526397705,0.00225906258425681,0.0,0.28821721311475407,1.0,0.4,240.28721923828124,119.66243743896484,0.0,0.9000000357627869,-16.57770899139711
39697.0,1310.0,0.0003,0.8416666984558105,0.5,0.00013047456741333008,0.8000000715255737,6550.0,60.0,0.2,0.00018890618230216205,131.0,60.0,0.4510376751422882,105.49180327868852,-1.6702329158782958,-0.0001410621369878129,0.0,0.28821721311475407,1.0,0.4583333333333333,291.6361968994141,144.59976196289062,0.0,0.8833333849906921,-16.57770899139711
38823.0,1320.0,0.0003,0.7333333492279053,0.5,-0.00016939640045166016,0.7833333611488342,6600.0,60.0,0.2,-0.0009359359391964972,132.0,60.0,0.5491206049919128,106.11290322580645,-1.672330391407013,-0.0005921087175570605,0.0,0.2835685483870967,1.0,0.55,62.132882308959964,30.586891174316406,0.0,0.6833333969116211,-16.57770899139711
40060.0,1330.0,0.0003,0.6583333611488342,0.5,-0.00023949146270751953,0.6500000357627869,6650.0,60.0,0.2,-0.004532284568995237,133.0,60.0,0.6209266781806946,103.25,-1.68039470911026,-0.010397191777126835,0.0,0.303125,1.0,0.49166666666666664,38.72991180419922,19.226593017578125,0.0,0.6666666865348816,-19.17654288638263
43226.0,1340.0,0.0003,0.5833333730697632,0.5,0.0008091330528259277,0.7166666984558105,6700.0,60.0,0.2,0.004027981776744127,134.0,60.0,0.6860950589179993,103.25,-1.7049925923347473,4.5688980433578054e-05,0.0,0.303125,1.0,0.6333333333333333,10.638092422485352,5.327240467071533,0.0,0.45000001788139343,-19.12497181125218
40001.0,1350.0,0.0003,0.5416666865348816,0.5,0.00024074316024780273,0.7833333611488342,6750.0,60.0,0.2,-0.0016882180934771895,135.0,60.0,0.7627763748168945,103.25,-1.712072765827179,-0.0013286647385685412,0.0,0.303125,1.0,0.7416666666666667,58.15796966552735,28.65129280090332,0.0,0.30000001192092896,-19.12497181125218
42767.0,1360.0,0.0003,0.5416666865348816,0.5,0.00042694807052612305,0.8333333730697632,6800.0,60.0,0.2,-0.0006925583002157509,136.0,60.0,0.6878659725189209,103.87692307692308,-1.7097688436508178,-0.0005391248292578865,0.0,0.29846153846153844,1.0,0.7916666666666666,24.421990394592285,11.8904447555542,0.0,0.25,-19.12497181125218
41167.0,1370.0,0.0003,0.7583333849906921,0.5,0.0005808472633361816,0.6833333969116211,6850.0,60.0,0.2,-0.0015546345384791493,137.0,60.0,0.5278921127319336,103.87692307692308,-1.705458641052246,0.0011777481915189014,0.0,0.29846153846153844,1.0,0.425,153.77576293945313,76.90275573730469,0.0,0.8333333730697632,-18.851159498725945
42592.0,1380.0,0.0003,0.7583333849906921,0.5,0.00018608570098876953,0.7166666984558105,6900.0,60.0,0.2,0.0006677007768303156,138.0,60.0,0.517974853515625,104.48484848484848,-1.705200731754303,-0.00044676040485640555,0.0,0.29393939393939394,1.0,0.4583333333333333,158.5116760253906,78.63117980957031,0.0,0.8000000715255737,-18.851159498725945
41831.0,1390.0,0.0003,0.6500000357627869,0.5,6.181001663208008e-05,0.6500000357627869,6950.0,60.0,0.2,0.002951235743239522,139.0,60.0,0.6680598258972168,103.02985074626865,-1.7005775332450868,-0.0035542725466655156,0.0,0.30382462686567163,1.0,0.5,17.99543876647949,8.872949600219727,0.0,0.6500000357627869,-20.22370916091357
41177.0,1400.0,0.0003,0.7500000596046448,0.5,0.0002028346061706543,0.7166666984558105,7000.0,60.0,0.2,-0.0003068184887524694,140.0,60.0,0.6321150660514832,103.02985074626865,-1.690977120399475,-0.00298826755967454,0.0,0.30382462686567163,1.0,0.4666666666666667,21.737506294250487,10.566228866577148,0.0,0.7833333611488342,-19.871654497765338
40484.0,1410.0,0.0003,0.6583333611488342,0.5,0.0002377033233642578,0.6166666746139526,7050.0,60.0,0.2,-0.0014027642318978906,141.0,60.0,0.6326614022254944,103.63235294117646,-1.6877515316009521,-0.0012571990208243733,0.0,0.2993566176470588,1.0,0.4583333333333333,63.10566329956055,31.086997985839844,0.0,0.7000000476837158,-19.871654497765338
44100.0,1420.0,0.0003,0.7166666984558105,0.5,0.0001074075698852539,0.6333333849906921,7100.0,60.0,0.2,-0.0020370339043438435,142.0,60.0,0.5857231020927429,102.81159420289855,-1.687113094329834,-0.0014558119559666238,0.0,0.3052536231884058,1.0,0.4166666666666667,58.74144058227539,29.0018367767334,0.0,0.8000000715255737,-20.81706662152839
44687.0,1430.0,0.0003,0.7333333492279053,0.5,0.0005295276641845703,0.8166667222976685,7150.0,60.0,0.2,0.022543136030435562,143.0,60.0,0.5155305862426758,101.85714285714286,-1.711299180984497,-0.023064161558635554,0.13399999625980855,0.3119642857142857,1.0,0.5833333333333334,24.49001979827881,12.190207481384277,0.0,0.6500000357627869,-21.062234074309252
45860.0,1440.0,0.0003,0.6416667103767395,0.5,0.0003433823585510254,0.8166667222976685,7200.0,60.0,0.2,0.01212593074887991,144.0,60.0,0.5781070590019226,101.85714285714286,-1.7375627279281616,0.004389678882900583,0.0,0.3119642857142857,1.0,0.675,29.673989486694335,14.612868309020996,0.0,0.46666669845581055,-21.178288989088365
45983.0,1450.0,0.0003,0.675000011920929,0.5,0.00010144710540771484,0.8000000715255737,7250.0,60.0,0.2,0.009018179960548878,145.0,60.0,0.5486401915550232,101.6056338028169,-1.7387202978134155,-0.0061603274439693935,0.0,0.3142605633802817,1.0,0.625,65.83980407714844,32.904632568359375,0.0,0.550000011920929,-21.178288989088365
44512.0,1460.0,0.0003,0.7833333611488342,0.5,0.0005631446838378906,0.7833333611488342,7300.0,60.0,0.2,-0.0026956270448863506,146.0,60.0,0.4807376563549042,101.6056338028169,-1.7275375962257384,0.00512787137785935,0.0,0.3142605633802817,1.0,0.5,33.94105606079101,16.82777214050293,0.0,0.7833333611488342,-21.19691859783841
45673.0,1470.0,0.0003,0.6500000357627869,0.5,0.0006088614463806152,0.9000000357627869,7350.0,60.0,0.2,-0.0028062700293958187,147.0,60.0,0.6155189871788025,101.6056338028169,-1.7139744520187379,-0.0012221927598876192,0.0,0.3142605633802817,1.0,0.75,19.66303424835205,9.760185241699219,0.0,0.40000003576278687,-21.19691859783841
45679.0,1480.0,0.0003,0.7416667342185974,0.5,0.0004857778549194336,0.8000000715255737,7400.0,60.0,0.2,0.0008458208758383989,148.0,60.0,0.5367637872695923,102.19444444444444,-1.7208723545074462,-0.0009924744268648312,0.0,0.3098958333333333,1.0,0.5583333333333333,45.632354736328125,22.719247817993164,0.0,0.6833333969116211,-21.19691859783841
41093.0,1490.0,0.0003,0.6500000357627869,0.5,0.006622672080993652,0.7500000596046448,7450.0,60.0,0.2,0.002423081314191222,149.0,60.0,0.6208212971687317,101.52054794520548,-1.7141930341720581,-0.00015253931312693149,0.0,0.31481164383561644,1.0,0.6,17.26501598358154,8.560404777526855,0.0,0.550000011920929,-21.631436821280253
40983.0,1500.0,0.0003,0.6416667103767395,0.5,0.0009500980377197266,0.6666666865348816,7500.0,60.0,0.2,-0.0013761305017396808,150.0,60.0,0.5996769070625305,101.52054794520548,-1.717249596118927,-0.00047796129603012717,0.0,0.31481164383561644,1.0,0.525,78.96136779785157,39.33464431762695,0.0,0.6166666746139526,-21.7072901397127
47975.0,1510.0,0.0003,0.7500000596046448,0.5,-0.0001424551010131836,0.550000011920929,7550.0,60.0,0.2,0.0015783023554831743,151.0,60.0,0.5552603602409363,101.52054794520548,-1.715465235710144,-0.0007612887420108905,0.0,0.31481164383561644,1.0,0.3,231.61838989257814,114.80154418945312,0.0,0.9500000476837158,-21.7072901397127
48101.0,1520.0,0.0003,0.7500000596046448,0.5,0.00016939640045166016,0.5,7600.0,60.0,0.2,0.0005119466804899275,152.0,60.0,0.516605019569397,102.0945945945946,-1.7139357447624206,-0.0011922864639203113,0.0,0.31055743243243245,1.0,0.25,303.2216278076172,150.33132934570312,0.0,1.0,-21.7072901397127
41446.0,1530.0,0.0003,0.8333333730697632,0.5,-1.2874603271484375e-05,0.6833333969116211,7650.0,60.0,0.2,-0.00032228947384282947,153.0,60.0,0.47412529587745667,102.0945945945946,-1.7070859909057616,-0.0002192548473686884,0.0,0.31055743243243245,1.0,0.35,173.64552307128906,85.71401977539062,0.0,0.98333340883255,-22.83118643561328
47531.0,1540.0,0.0003,0.8500000238418579,0.5,0.00033348798751831055,0.8166667222976685,7700.0,60.0,0.2,0.008951480500400066,154.0,60.0,0.49138930439949036,102.65333333333334,-1.6943093895912171,-0.010813833113992555,0.0,0.30641666666666667,1.0,0.4666666666666667,53.13401374816895,26.344858169555664,0.0,0.8833333849906921,-22.83118643561328
51203.0,1550.0,0.0003,0.550000011920929,0.5,-4.4345855712890625e-05,0.8000000715255737,7750.0,60.0,0.2,-0.00671836594119668,155.0,60.0,0.700707197189331,102.65333333333334,-1.6499840855598449,-0.0028649319764226357,0.0,0.30641666666666667,1.0,0.75,107.93534469604492,54.01033020019531,0.0,0.30000001192092896,-24.71209263920784
47561.0,1560.0,0.0003,0.6250000596046448,0.5,0.0018210411071777344,0.8833333849906921,7800.0,60.0,0.2,0.0048901173286139965,156.0,60.0,0.6579949855804443,102.65333333333334,-1.6227163195610046,-0.005026976905763192,0.0,0.30641666666666667,1.0,0.7583333333333333,31.25383071899414,15.403326988220215,0.0,0.36666667461395264,-24.71209263920784
52334.0,1570.0,0.0003,0.5833333730697632,0.5,0.0008175969123840332,0.8666667342185974,7850.0,60.0,0.2,0.0033141374588012695,157.0,60.0,0.6618020534515381,102.6842105263158,-1.618059802055359,0.000825225587584999,0.0,0.3069078947368421,1.0,0.7833333333333333,35.709774780273435,17.453044891357422,0.0,0.30000001192092896,-24.71209263920784
50642.0,1580.0,0.0003,0.9000000357627869,0.5,0.005221724510192871,0.8166667222976685,7900.0,60.0,0.2,0.0027021407149732113,158.0,60.0,0.4050365388393402,102.6842105263158,-1.6267732620239257,-0.0008748100821478033,0.0,0.3069078947368421,1.0,0.4166666666666667,116.73654251098633,58.376590728759766,0.0,0.98333340883255,-23.847018726954335
50317.0,1590.0,0.0003,0.8000000715255737,0.5,0.0011028051376342773,0.7666667103767395,7950.0,60.0,0.2,-0.002326781628653407,159.0,60.0,0.4890076518058777,103.22077922077922,-1.616090428829193,-0.0016049365678336258,0.0,0.3029220779220779,1.0,0.4666666666666667,55.602766799926755,27.593650817871094,0.0,0.8333333730697632,-23.847018726954335
51119.0,1600.0,0.0003,0.7916666865348816,0.5,0.0019032955169677734,0.7000000476837158,8000.0,60.0,0.2,-0.001024966244585812,160.0,60.0,0.5095729231834412,103.22077922077922,-1.6279775261878968,0.00010427975397035994,0.0,0.3029220779220779,1.0,0.4083333333333333,83.74306182861328,41.165428161621094,0.0,0.8833333849906921,-24.48396944767469
41488.0,1610.0,0.0003,0.675000011920929,0.5,-3.4570693969726562e-06,0.6500000357627869,8050.0,60.0,0.2,0.0016819214215502143,161.0,60.0,0.5840571522712708,102.91025641025641,-1.6199220418930054,-0.0039702828974695235,0.0,0.3055288461538462,1.0,0.475,47.06454277038574,23.39616584777832,0.0,0.7000000476837158,-24.48396944767469
47597.0,1620.0,0.0003,0.7750000357627869,0.5,0.001286149024963379,0.6500000357627869,8100.0,60.0,0.2,0.007620198652148247,162.0,60.0,0.5473204851150513,102.48101265822785,-1.6160171747207641,-0.0014190715387886854,0.0,0.3088607594936709,1.0,0.375,118.3176055908203,58.819950103759766,0.0,0.9000000357627869,-24.830794669496708
48225.0,1630.0,0.0003,0.7916666865348816,0.5,-8.022785186767578e-05,0.6833333969116211,8150.0,60.0,0.2,-0.0003931903629563749,163.0,60.0,0.49492648243904114,101.675,-1.611085557937622,4.9734114261745785e-05,0.0,0.31453125000000004,1.0,0.39166666666666666,91.13275680541992,45.10090637207031,0.0,0.9000000357627869,-25.3128487968558
47626.0,1640.0,0.0003,0.675000011920929,0.5,0.0002624988555908203,0.7833333611488342,8200.0,60.0,0.2,0.0032526515424251556,164.0,60.0,0.5827444791793823,101.675,-1.5749554872512816,-0.0038472331872325682,0.0,0.31453125000000004,1.0,0.6083333333333333,9.31528902053833,4.6559576988220215,0.0,0.5666667222976685,-25.612578525673598
50613.0,1650.0,0.0003,0.7083333730697632,0.5,0.0009116530418395996,0.7333333492279053,8250.0,60.0,0.2,-0.011614055372774601,165.0,60.0,0.5169845819473267,101.675,-1.5729152321815492,-0.0003688850322077997,0.0,0.31453125000000004,1.0,0.525,20.476820945739746,10.122785568237305,0.0,0.6833333969116211,-25.612578525673598
47250.0,1660.0,0.0003,0.7000000476837158,0.5,0.0005043148994445801,0.8666667342185974,8300.0,60.0,0.2,0.00043310163891874254,166.0,60.0,0.5518121719360352,102.19753086419753,-1.569147562980652,-0.000962832776996958,0.0,0.3106481481481482,1.0,0.6666666666666666,55.88913116455078,27.87344741821289,0.0,0.5333333611488342,-25.612578525673598
51863.0,1670.0,0.0003,0.6333333849906921,0.5,0.0021942853927612305,0.7500000596046448,8350.0,60.0,0.2,-0.0019720077980309725,167.0,60.0,0.6000848412513733,102.19753086419753,-1.5415395379066468,-0.007407868302310838,0.0,0.3106481481481482,1.0,0.6166666666666667,7.005220556259156,3.4299533367156982,0.0,0.5166667103767395,-25.763399674200716
54580.0,1680.0,0.0003,0.6833333969116211,0.5,0.00122910737991333,0.9000000357627869,8400.0,60.0,0.2,0.01236317865550518,168.0,60.0,0.5343441367149353,101.95121951219512,-1.4479183316230775,-0.00810304455133153,0.0,0.3128048780487805,1.0,0.7166666666666667,45.84346580505371,22.68204116821289,0.0,0.46666669845581055,-25.763399674200716
52813.0,1690.0,0.0003,0.7500000596046448,0.5,0.0014579296112060547,0.7500000596046448,8450.0,60.0,0.2,0.0034350489731878042,169.0,60.0,0.5350513458251953,101.26506024096386,-1.3880982041358947,5.478262860556526e-05,0.0,0.31769578313253016,1.0,0.5,71.91269607543946,35.938350677490234,0.0,0.7500000596046448,-25.479676089363128
50769.0,1700.0,0.0003,0.7583333849906921,0.5,0.004151463508605957,0.8000000715255737,8500.0,60.0,0.2,-0.0013741254806518555,170.0,60.0,0.5474535822868347,101.26506024096386,-1.4199947834014892,0.0012058379424267685,0.0,0.31769578313253016,1.0,0.5416666666666666,80.51482391357422,39.71903991699219,0.0,0.7166666984558105,-25.15295807137547
53105.0,1710.0,0.0003,0.8083333969116211,0.5,0.0023627877235412598,0.6166666746139526,8550.0,60.0,0.2,0.00012916565174236894,171.0,60.0,0.473928302526474,101.77380952380952,-1.4396963119506836,-0.000416566832740628,0.0,0.3139136904761905,1.0,0.30833333333333335,180.32360382080077,89.30695343017578,0.0,1.0,-25.15295807137547
51391.0,1720.0,0.0003,0.7916666865348816,0.5,-0.00023066997528076172,0.6166666746139526,8600.0,60.0,0.2,-6.000756911817007e-05,172.0,60.0,0.5305958986282349,101.77380952380952,-1.3720007181167602,-0.0004930590249955458,0.0,0.3139136904761905,1.0,0.325,144.38206176757814,71.11331939697266,0.0,0.9666666984558105,-26.505871924261253
55095.0,1730.0,0.0003,0.7166666984558105,0.5,-0.0021251440048217773,0.7500000596046448,8650.0,60.0,0.2,0.0033378100488334894,173.0,60.0,0.5547229647636414,101.77380952380952,-1.3609972953796388,-0.006978222182718952,0.0,0.3139136904761905,1.0,0.5333333333333333,18.544997787475587,9.106466293334961,0.0,0.6833333969116211,-26.505871924261253
53674.0,1740.0,0.0003,0.7666667103767395,0.5,0.00048404932022094727,0.7000000476837158,8700.0,60.0,0.2,0.013036425225436687,174.0,60.0,0.5484447479248047,102.27058823529411,-1.32601660490036,-0.015468017780221999,0.0799999974668026,0.31022058823529414,1.0,0.43333333333333335,50.71424522399902,25.30556297302246,0.0,0.8333333730697632,-26.505871924261253
55733.0,1750.0,0.0003,0.7083333730697632,0.5,0.003345787525177002,0.7166666984558105,8750.0,60.0,0.2,0.013201138935983181,175.0,60.0,0.49433261156082153,102.27058823529411,-1.365879440307617,0.010540119980461959,0.05399999842047691,0.31022058823529414,1.0,0.5083333333333333,139.03451385498047,68.9038314819336,0.0,0.7000000476837158,-27.533551833033563
51775.0,1760.0,0.0003,0.8916667103767395,0.5,0.0020676851272583008,0.7833333611488342,8800.0,60.0,0.2,-0.00624255184084177,176.0,60.0,0.36262843012809753,102.27058823529411,-1.3946399092674255,-0.003366978801787468,0.0,0.31022058823529414,1.0,0.39166666666666666,290.727880859375,143.8555450439453,0.0,1.0,-27.533551833033563
55660.0,1770.0,0.0003,0.675000011920929,0.5,-0.0009511709213256836,0.8833333849906921,8850.0,60.0,0.2,-0.0006594419246539474,177.0,60.0,0.5550485253334045,102.75581395348837,-1.227955198287964,-0.0014879822168731849,0.0,0.3066133720930233,1.0,0.7083333333333334,106.50290069580078,53.22856521606445,0.0,0.46666669845581055,-27.533551833033563
49470.0,1780.0,0.0003,0.7083333730697632,0.5,0.009332239627838135,0.8666667342185974,8900.0,60.0,0.2,-0.0007670497871004045,178.0,60.0,0.5612964630126953,102.75581395348837,-1.217471981048584,-0.0006861684231338927,0.0,0.3066133720930233,1.0,0.6583333333333333,67.34442825317383,33.10428237915039,0.0,0.550000011920929,-28.64698654387233
57005.0,1790.0,0.0003,0.7250000238418579,0.5,0.02264559268951416,0.9166666865348816,8950.0,60.0,0.2,0.0024904608726501465,179.0,60.0,0.5202378630638123,102.75581395348837,-1.225902760028839,-0.0026678113088710377,0.0,0.3066133720930233,1.0,0.6916666666666667,17.22708053588867,7.900463104248047,0.0,0.5333333611488342,-28.64698654387233
55290.0,1800.0,0.0003,0.6416667103767395,0.5,0.017783045768737793,0.8333333730697632,9000.0,60.0,0.2,0.008102044463157654,180.0,60.0,0.6114859580993652,103.22988505747126,-1.2032480835914612,-0.004983775551430369,0.0,0.3030890804597701,1.0,0.6916666666666667,48.57657165527344,21.539690017700195,0.0,0.45000001788139343,-28.64698654387233
51714.0,1810.0,0.0003,0.7166666984558105,0.5,0.0004931092262268066,0.6666666865348816,9050.0,60.0,0.2,0.0044371746480464935,181.0,60.0,0.5364674925804138,103.22988505747126,-1.2413070559501649,0.0013713109099768416,0.0,0.3030890804597701,1.0,0.45,136.38146057128907,67.97368621826172,0.0,0.7666667103767395,-28.203928983074494
57231.0,1820.0,0.0003,0.8583333492279053,0.5,0.001744389533996582,0.7500000596046448,9100.0,60.0,0.2,-0.0005762195214629173,182.0,60.0,0.4166961908340454,103.22988505747126,-1.262251603603363,-0.0006159796626471703,0.0,0.3030890804597701,1.0,0.39166666666666666,259.1124008178711,126.66667938232422,0.0,0.9666666984558105,-28.203928983074494
51117.0,1830.0,0.0003,0.7833333611488342,0.5,0.0012607574462890625,0.6166666746139526,9150.0,60.0,0.2,0.0015737724024802446,183.0,60.0,0.4594281017780304,102.5505617977528,-1.2741584300994873,-0.00136288924812078,0.0,0.307373595505618,1.0,0.3333333333333333,170.77104949951172,82.51139068603516,0.0,0.9500000476837158,-28.203928983074494
58971.0,1840.0,0.0003,0.8916667103767395,0.5,0.0002123713493347168,0.7833333611488342,9200.0,60.0,0.2,0.0020984935108572245,184.0,60.0,0.3417690694332123,102.5505617977528,-1.2988532662391663,0.0001981286979862773,0.0,0.307373595505618,1.0,0.39166666666666666,503.7001983642578,246.6562957763672,0.0,1.0,-29.25360181835595
56060.0,1850.0,0.0003,0.7416667342185974,0.5,0.006671547889709473,0.7833333611488342,9250.0,60.0,0.2,-0.0005810069851577282,185.0,60.0,0.5177236199378967,102.5505617977528,-1.2344767689704894,-0.00048400305745701646,0.0,0.307373595505618,1.0,0.5416666666666666,51.84336395263672,25.119789123535156,0.0,0.7000000476837158,-29.25360181835595
52541.0,1860.0,0.0003,0.7916666865348816,0.5,0.0005043148994445801,0.7166666984558105,9300.0,60.0,0.2,0.0018756674835458398,186.0,60.0,0.47737830877304077,103.0111111111111,-1.22090322971344,-0.0008183669915016623,0.0,0.30395833333333333,1.0,0.425,187.41836242675782,93.3926010131836,0.0,0.8666667342185974,-29.25360181835595
55325.0,1870.0,0.0003,0.6000000238418579,0.5,0.000987231731414795,0.8166667222976685,9350.0,60.0,0.2,-0.0010050010168924928,187.0,60.0,0.5985457301139832,103.0111111111111,-1.1380696654319764,0.00036139153671683745,0.0,0.30395833333333333,1.0,0.7166666666666667,60.97312126159668,30.51130485534668,0.0,0.38333335518836975,-30.91528524897165
56626.0,1880.0,0.0003,0.5583333373069763,0.5,-0.0004221200942993164,0.8333333730697632,9400.0,60.0,0.2,-0.001006865524686873,188.0,60.0,0.6234370470046997,103.0111111111111,-1.1775195956230164,-0.0071708675449485785,0.0,0.30395833333333333,1.0,0.775,29.71359004974365,14.755062103271484,0.0,0.28333336114883423,-30.91528524897165
56251.0,1890.0,0.0003,0.9250000715255737,0.5,0.0002694129943847656,0.9166666865348816,9450.0,60.0,0.2,-0.0070719667710363865,189.0,60.0,0.34451743960380554,103.46153846153847,-1.1649480700492858,0.003702374835498645,0.0,0.30061813186813185,1.0,0.49166666666666664,67.01447906494141,33.4924430847168,0.0,0.9333333969116211,-30.91528524897165
57576.0,1900.0,0.0003,0.8250000476837158,0.5,0.0024092793464660645,0.8000000715255737,9500.0,60.0,0.2,-0.0004958343342877924,190.0,60.0,0.3946525752544403,103.46153846153847,-1.1708088994026185,-0.0003424250980678778,0.0,0.30061813186813185,1.0,0.475,102.05346298217773,50.4532585144043,0.0,0.8500000238418579,-31.029843696689866
52473.0,1910.0,0.0003,0.8583333492279053,0.5,0.00047278404235839844,0.8000000715255737,9550.0,60.0,0.2,0.0011895274510607123,191.0,60.0,0.36909133195877075,103.76086956521739,-1.17856764793396,-0.001409204812021958,0.0,0.299320652173913,1.0,0.44166666666666665,222.28183288574218,110.50677490234375,0.0,0.9166666865348816,-31.029843696689866
48810.0,1920.0,0.0003,0.6500000357627869,0.5,0.0027824044227600098,0.7666667103767395,9600.0,60.0,0.2,-0.00032528876909054816,192.0,60.0,0.5032414793968201,103.76086956521739,-1.151065719127655,-4.0761708820369334e-05,0.0,0.299320652173913,1.0,0.6166666666666667,115.48155899047852,57.29262924194336,0.0,0.5333333611488342,-32.25376717114578
58842.0,1930.0,0.0003,0.7750000357627869,0.5,0.0004474520683288574,0.7833333611488342,9650.0,60.0,0.2,6.747722363797948e-05,193.0,60.0,0.43853431940078735,103.76086956521739,-1.0822137236595153,-0.0004799789150780498,0.0,0.299320652173913,1.0,0.5083333333333333,46.91578407287598,22.945877075195312,0.0,0.7666667103767395,-32.25376717114578
51278.0,1940.0,0.0003,0.8500000238418579,0.5,0.0006358623504638672,0.7833333611488342,9700.0,60.0,0.2,-0.007400068920105696,194.0,60.0,0.45626765489578247,104.19354838709677,-1.1388622403144837,-0.0032851413250901016,0.0,0.2961021505376344,1.0,0.43333333333333335,43.07555999755859,21.36905288696289,0.0,0.9166666865348816,-32.25376717114578
57692.0,1950.0,0.0003,0.7833333611488342,0.5,0.0020651817321777344,0.8166667222976685,9750.0,60.0,0.2,-0.0010312031954526901,195.0,60.0,0.4665316641330719,104.19354838709677,-1.1956632733345032,-0.0013133682706396143,0.0,0.2961021505376344,1.0,0.5333333333333333,102.60856552124024,50.39235305786133,0.0,0.7500000596046448,-33.02816704268096
57278.0,1960.0,0.0003,0.9083333611488342,0.5,-0.0003867149353027344,0.8166667222976685,9800.0,60.0,0.2,0.00266251084394753,196.0,60.0,0.3616493344306946,104.19354838709677,-1.213661801815033,-0.0011015269564239815,0.0,0.2961021505376344,1.0,0.4083333333333333,227.95191955566406,112.65045166015625,0.0,1.0,-33.02816704268096
48048.0,1970.0,0.0003,0.7916666865348816,0.5,0.00021314620971679688,0.7833333611488342,9850.0,60.0,0.2,0.0004658555844798684,197.0,60.0,0.4127389192581177,104.61702127659575,-1.2904654145240784,-0.0011790125142141505,0.0,0.29295212765957446,1.0,0.49166666666666664,54.65178184509277,27.190553665161133,0.0,0.8000000715255737,-33.02816704268096
58589.0,1980.0,0.0003,0.9333333969116211,0.5,2.09808349609375e-05,0.9000000357627869,9900.0,60.0,0.2,0.002482933923602104,198.0,60.0,0.29930856823921204,103.94736842105263,-1.3439298033714295,-0.0020059716391843453,0.0,0.2976973684210526,1.0,0.4666666666666667,122.73007888793946,60.70234298706055,0.0,0.9666666984558105,-34.28074297808269
61801.0,1990.0,0.0003,0.5833333730697632,0.5,0.0026050209999084473,0.7500000596046448,9950.0,60.0,0.2,0.0006692695314995944,199.0,60.0,0.6229634881019592,103.94736842105263,-1.1901754975318908,-0.00789142526453368,0.005999999865889549,0.2976973684210526,1.0,0.6666666666666666,37.81134452819824,18.84836196899414,0.0,0.4166666865348816,-34.59719609029983
57909.0,2000.0,0.0003,0.7750000357627869,0.5,0.0031581521034240723,0.9166666865348816,10000.0,60.0,0.2,-0.009478893131017685,200.0,60.0,0.45837080478668213,103.94736842105263,-1.1584290266036987,0.003948920853436277,0.0,0.2976973684210526,1.0,0.6416666666666667,89.90104446411132,44.295814514160156,0.0,0.6333333849906921,-34.59719609029983
