mean\neg_gen\train/approx_kl,mean\disc\disc_proportion_expert_pred,mean\neg_gen\train/learning_rate,mean\neg_gen\train/value_loss,mean\neg_gen\train/entropy_loss,mean\disc\disc_proportion_expert_true,mean\neg_gen\time/time_elapsed,mean\gen\train/approx_kl,mean\neg_gen\time/fps,mean\neg_gen\train/n_updates,mean\gen\train/loss,mean\neg_gen\train/policy_gradient_loss,mean\gen\rollout/ep_rew_mean,mean\neg_gen\train/loss,mean\neg_gen\train/explained_variance,mean\disc\disc_acc_gen,mean\gen\rollout/ep_len_mean,mean\neg_gen\time/iterations,mean\gen\time/fps,mean\disc\n_generated,mean\gen\train/n_updates,mean\neg_gen\rollout/ep_rew_mean,mean\gen\time/total_timesteps,mean\neg_gen\rollout/ep_len_mean,mean\gen\time/time_elapsed,mean\neg_gen\train/clip_fraction,mean\neg_gen\train/clip_range,mean\disc\disc_loss,mean\gen\train/explained_variance,mean\gen\train/value_loss,mean\gen\train/learning_rate,mean\disc\global_step,mean\disc\disc_acc,mean\gen\train/entropy_loss,mean\gen\train/policy_gradient_loss,mean\disc\n_expert,mean\disc\disc_acc_expert,mean\neg_gen\time/total_timesteps,mean\gen\time/iterations,mean\gen\train/clip_fraction,mean\gen\train/clip_range,mean\neg_gen\rollout/ep_rew_wrapped_mean,mean\gen\rollout/ep_rew_wrapped_mean
0.007453035097569227,0.8671875,0.0003,1.2733557653427123,-0.6851668719450633,0.5,2.0,0.01133823860436678,354.0,10.0,0.5541853904724121,-0.014506031501417358,20.695652173913043,0.07487645000219345,-0.054833054542541504,0.21875,20.695652173913043,1.0,299.0,32.0,10.0,20.804347826086957,960.0,20.804347826086957,3.0,0.1171875,0.2,0.6862924098968506,0.0046509504318237305,0.9723612361152967,0.0003,2.0,0.5859375,-0.6852860462665558,-0.01687772955124577,32.0,0.953125,960.0,1.0,0.13635416666666667,0.2,,
0.013015327043831348,0.7890625,0.0003,0.21520712782939275,-0.6350143917401632,0.5,2.0,0.01251421868801117,720.0,20.0,0.061869166791439056,-0.03292787126575907,24.189873417721518,0.06828946620225906,0.3446204662322998,0.328125,24.189873417721518,1.0,641.0,32.0,20.0,18.04,1920.0,18.04,2.0,0.35614583333333333,0.2,0.6869593262672424,0.25357723236083984,0.3304877281188965,0.0003,4.0,0.6171875,-0.6565987781683604,-0.02719423937300841,32.0,0.90625,1920.0,1.0,0.1290625,0.2,-15.271870530169943,15.05653649698133
0.06574568152427673,0.75,0.0003,0.10920927459994952,-0.5212585286299387,0.5,2.0,0.01598225347697735,1061.0,30.0,0.12706777453422546,-0.05298043186465899,27.52,0.03407442569732666,0.7528510242700577,0.28125,27.52,1.0,1114.0,32.0,30.0,15.48,2880.0,15.48,2.0,0.405625,0.2,0.6955076456069946,0.4426719546318054,0.3474996664126714,0.0003,6.0,0.53125,-0.6194784979025523,-0.027926632054150104,32.0,0.78125,2880.0,1.0,0.15135416666666668,0.2,-13.101225122213364,17.587555441675306
0.03874170035123825,0.640625,0.0003,0.0578010027607282,-0.35846202631791435,0.5,2.0,0.01897994615137577,1283.0,40.0,0.082224540412426,-0.04461651102329294,32.8,-0.008797552436590195,0.8139921724796295,0.515625,32.8,1.0,1163.0,32.0,40.0,12.22,3840.0,12.22,3.0,0.19270833333333334,0.2,0.6797689199447632,0.5813908576965332,0.2916054728627205,0.0003,8.0,0.65625,-0.5881371319293975,-0.026285946797579528,32.0,0.796875,3840.0,1.0,0.17375,0.2,-10.683752294778824,19.902114380002022
0.010163557715713978,0.671875,0.0003,0.018355095125734806,-0.28232305983702344,0.5,2.0,0.01388496533036232,1857.0,50.0,0.08051420748233795,-0.03237642787396908,39.79,-0.043570052832365036,0.8850976452231407,0.5,39.79,1.0,1896.0,32.0,50.0,9.96,4800.0,9.96,2.0,0.07989583333333333,0.2,0.6730551719665527,0.7423531115055084,0.17642791961630186,0.0003,10.0,0.671875,-0.5636894309520721,-0.01918187242622177,32.0,0.84375,4800.0,1.0,0.14552083333333332,0.2,-8.59855631828308,24.00790751159191
0.005989123601466417,0.6484375,0.0003,0.01369128688549002,-0.2076443201303482,0.5,1.0,0.010937831364572048,2948.0,60.0,0.017037421464920044,-0.016875081062316895,47.52,-0.01909761130809784,0.9269974827766418,0.390625,47.52,1.0,2581.0,32.0,60.0,9.2,5760.0,9.2,2.0,0.052083333333333336,0.2,0.6880053877830505,0.8708389848470688,0.07304121142874162,0.0003,12.0,0.5390625,-0.5684094337622324,-0.013647298589348792,32.0,0.6875,5760.0,1.0,0.08916666666666667,0.2,-6.663644674420357,28.886050750017166
0.003830504138022661,0.609375,0.0003,0.010323402443900705,-0.18500649720430373,0.5,2.0,0.00591669138520956,3109.0,70.0,0.023437311872839928,-0.01371998166044553,55.34,-0.009500636719167233,0.9476586952805519,0.671875,55.34,1.0,3125.0,32.0,70.0,9.03,6720.0,9.03,2.0,0.0496875,0.2,0.6560633182525635,0.923047810792923,0.05625625116129716,0.0003,14.0,0.78125,-0.5584450511137644,-0.009852763215700786,32.0,0.890625,6720.0,1.0,0.075625,0.2,-6.213537797927857,34.4160722643137
0.004861095920205116,0.640625,0.0003,0.010588405802845955,-0.1353820987045765,0.5,1.0,0.015381918288767338,3898.0,80.0,-0.016090482473373413,-0.01309814790263772,63.63,-0.0040553854778409,0.9451234899461269,0.625,63.63,1.0,4004.0,32.0,80.0,9.02,7680.0,9.02,1.0,0.05625,0.2,0.6572568118572235,0.9461859539151192,0.042499864002068836,0.0003,16.0,0.765625,-0.5273401749134063,-0.017827616110444068,32.0,0.90625,7680.0,1.0,0.1596875,0.2,-6.055193780064583,39.9920231962204
0.009768779389560223,0.6875,0.0003,0.00993749733393391,-0.11651034985979399,0.5,2.0,0.00945284590125084,4040.0,90.0,0.00924588367342949,-0.014095230375727017,70.95,-0.037850890308618546,0.9199456498026848,0.578125,70.95,1.0,3649.0,32.0,90.0,9.05,8640.0,9.05,2.0,0.027395833333333335,0.2,0.6599037647247314,0.8663904070854187,0.05822376720607281,0.0003,18.0,0.765625,-0.5431324195861816,-0.00585259043922027,32.0,0.953125,8640.0,1.0,0.0584375,0.2,-5.9288414239883425,45.513723500967025
0.0006257994100451469,0.7734375,0.0003,0.008353943477074304,-0.08560965426266193,0.5,2.0,0.008230332285165787,4693.0,100.0,-0.019438529387116432,-0.005485380912820498,78.08,-0.02279764972627163,0.9601480960845947,0.15625,78.08,1.0,4711.0,32.0,100.0,8.9,9600.0,8.9,2.0,0.025729166666666668,0.2,0.7018517851829529,0.8072986006736755,0.051183256233731905,0.0003,20.0,0.4296875,-0.5473349531491597,-0.008321694433689117,32.0,0.703125,9600.0,1.0,0.03229166666666667,0.2,-5.875616422891617,50.59523755818606
0.004191169515252113,0.6875,0.0003,0.0064804837914804615,-0.059815699147681395,0.5,2.0,0.0021498710848391056,4901.0,110.0,-0.0027242228388786316,-0.009880290639897187,84.92,0.008896499872207642,0.9695793222635984,0.203125,84.92,1.0,5254.0,32.0,110.0,9.02,10560.0,9.02,2.0,0.022291666666666668,0.2,0.7018485963344574,0.869030088186264,0.047461585017542045,0.0003,22.0,0.390625,-0.5281315249204636,-0.00404704046746095,32.0,0.578125,10560.0,1.0,0.03333333333333333,0.2,-5.657092373371125,56.32852138727903
0.0063776071183383465,0.5703125,0.0003,0.0058715503724912806,-0.03837175420174996,0.5,2.0,0.008396478369832039,5735.0,120.0,0.011597998440265656,-0.009379546176642179,92.69,-0.012478766962885857,0.9732759315520525,0.25,92.69,1.0,5908.0,32.0,120.0,8.89,11520.0,8.89,1.0,0.0178125,0.2,0.701373815536499,0.959481593221426,0.018760188641026618,0.0003,24.0,0.3203125,-0.5299337653319041,-0.003846794683486223,32.0,0.390625,11520.0,1.0,0.07020833333333333,0.2,-5.68365636408329,61.899299019277095
0.007082110736519098,0.5390625,0.0003,0.004507969813421369,-0.03808593469361464,0.5,2.0,0.008259011432528496,6121.0,130.0,0.03747622296214104,-0.006096800869951646,99.29,0.0007000473560765386,0.9806296303868294,0.328125,99.29,1.0,6410.0,32.0,130.0,8.83,12480.0,8.83,1.0,0.016458333333333332,0.2,0.7003967761993408,0.9784705806523561,0.008315886218721667,0.0003,26.0,0.3671875,-0.5163873273134232,-0.0050813716215391954,32.0,0.40625,12480.0,1.0,0.0603125,0.2,-5.56655382335186,68.12915954679251
0.0023473212495446205,0.3671875,0.0003,0.016233861482081315,-0.04283372209096948,0.5,1.0,0.007326213642954826,6754.0,140.0,-0.007433438673615456,-0.0035770392045378686,105.84,0.024046020582318306,0.9278313741087914,0.515625,105.84,1.0,6045.0,32.0,140.0,9.08,13440.0,9.08,2.0,0.013229166666666667,0.2,0.6984729468822479,0.9855697751045227,0.010679289841403565,0.0003,28.0,0.3828125,-0.5114120515187581,-0.008402989249055585,32.0,0.25,13440.0,1.0,0.09739583333333333,0.2,-5.504592106044292,72.89938550621271
0.0014370885910466313,0.390625,0.0003,0.006622384451329708,-0.03905035735418399,0.5,2.0,0.009123655967414379,7133.0,150.0,-0.0265245009213686,-0.006673514445622762,111.98,-0.006171729881316423,0.9616336934268475,0.578125,111.98,1.0,7579.0,32.0,150.0,9.01,14400.0,9.01,1.0,0.017916666666666668,0.2,0.6924152374267578,0.9896407788619399,0.007713794729982813,0.0003,30.0,0.46875,-0.5002978714307149,-0.01195337086295088,32.0,0.359375,14400.0,1.0,0.12895833333333334,0.2,-5.560402313768864,78.30905853003263
0.002318556187674403,0.3828125,0.0003,0.005034408660915991,-0.029576568172002833,0.5,2.0,0.003145684953778982,7651.0,160.0,-0.025585977360606194,-0.00608196172863245,119.19,-0.015128640457987785,0.980431767180562,0.640625,119.19,1.0,7669.0,32.0,160.0,8.94,15360.0,8.94,2.0,0.011979166666666667,0.2,0.6876242458820343,0.9870649380609393,0.011784608031933506,0.0003,32.0,0.5234375,-0.48361650784810384,-0.008738975195835033,32.0,0.40625,15360.0,1.0,0.11083333333333334,0.2,-5.544725392460823,83.11356656283141
0.0012445547617971897,0.390625,0.0003,0.005541516244411468,-0.02495752145225803,0.5,2.0,0.013393932022154331,7675.0,170.0,0.06339709460735321,-0.0015250631080319483,126.74,-0.0044438522309064865,0.9800361208617687,0.6875,126.74,1.0,8426.0,32.0,170.0,8.93,16320.0,8.93,1.0,0.005625,0.2,0.6844937801361084,0.9866950931027532,0.012220048882688085,0.0003,34.0,0.578125,-0.470927032828331,-0.00819046334673961,32.0,0.46875,16320.0,1.0,0.09833333333333333,0.2,-5.505229369103908,88.94251588493586
0.004126674495637417,0.4375,0.0003,0.005675855261894564,-0.028328247528212766,0.5,2.0,0.0030153982806950808,8345.0,180.0,-0.006315968465059996,-0.0061931270795563854,133.19,0.00698621291667223,0.9799692314118147,0.6875,133.19,1.0,8543.0,32.0,180.0,8.94,17280.0,8.94,2.0,0.0069791666666666665,0.2,0.6797829270362854,0.9809541422873735,0.008573503405787051,0.0003,36.0,0.625,-0.46877708435058596,-0.005690508522093296,32.0,0.5625,17280.0,1.0,0.058541666666666665,0.2,-5.490510539412498,94.6588259395957
0.002857599640265107,0.515625,0.0003,0.005538186873309314,-0.025357204518901805,0.5,1.0,0.010699823498725891,9383.0,190.0,-0.016079116612672806,-0.005456446874886751,140.35,-0.005344625562429428,0.9814683087170124,0.6875,140.35,1.0,9264.0,32.0,190.0,8.89,18240.0,8.89,1.0,0.0071875,0.2,0.6778416335582733,0.9942163983359933,0.004046481418578575,0.0003,38.0,0.703125,-0.4572084238131841,-0.013046606853604316,32.0,0.71875,18240.0,1.0,0.16177083333333334,0.2,-5.613948219418526,98.82640746921301
0.00047770453966222703,0.5390625,0.0003,0.004506560556280116,-0.02797487992482881,0.5,2.0,0.006516675464808941,8703.0,200.0,-0.02636094205081463,-0.002652523207167784,146.77,0.003954190295189619,0.9859568001702428,0.625,146.77,1.0,9816.0,32.0,200.0,8.88,19200.0,8.88,1.0,0.006875,0.2,0.6766793131828308,0.9953810074366629,0.003349915994331241,0.0003,40.0,0.6640625,-0.44949445645014446,-0.01147790415212512,32.0,0.703125,19200.0,1.0,0.14895833333333333,0.2,-5.613115748167038,104.17003062933684
0.0027393391355872154,0.65625,0.0003,0.00803100791449348,-0.027983709337810674,0.5,1.0,0.009437399916350842,10132.0,210.0,-0.009273925796151161,-0.0020601812625924746,153.8,0.006860031746327877,0.976622961461544,0.515625,153.8,1.0,10627.0,32.0,210.0,8.96,20160.0,8.96,1.0,0.007604166666666667,0.2,0.6707464158535004,0.986182140186429,0.011176077240767579,0.0003,42.0,0.671875,-0.4488782636324565,-0.009556780476123095,32.0,0.828125,20160.0,1.0,0.0890625,0.2,-5.638403352200985,108.94450856357813
0.012072897516191006,0.7890625,0.0003,0.009920827875224253,-0.024103909911743056,0.5,1.0,0.009531362913548946,10614.0,220.0,-0.019964808598160744,-0.00924930935104688,158.65,0.040410082787275314,0.9719247035682201,0.40625,158.65,1.0,11312.0,32.0,220.0,8.88,21120.0,8.88,1.0,0.0209375,0.2,0.6712584495544434,0.9825659766793251,0.013565570492452632,0.0003,44.0,0.6953125,-0.4477251136302948,-0.010345533117651939,32.0,0.984375,21120.0,1.0,0.13739583333333333,0.2,-5.707394269704818,114.95210800558328
0.002645440399646759,0.796875,0.0003,0.009835541976305345,-0.02727288699087997,0.5,2.0,0.005839480087161064,10517.0,230.0,0.04173637181520462,-0.0039606404428680735,162.55,-0.014326116070151329,0.9704618845134974,0.34375,162.55,1.0,10031.0,32.0,230.0,8.77,22080.0,8.77,2.0,0.009791666666666667,0.2,0.6818295121192932,0.908840648829937,0.028965785171215733,0.0003,46.0,0.640625,-0.4345718449354172,-0.007453354795773824,32.0,0.9375,22080.0,1.0,0.12052083333333333,0.2,-5.682825344800949,118.58706753224135
0.0006657455232925713,0.75,0.0003,0.0048491651083653175,-0.02315781624832501,0.5,2.0,0.01665733940899372,10734.0,240.0,-0.03607942909002304,-0.003798049474135041,166.25,0.0038515988271683455,0.9775711968541145,0.484375,166.25,1.0,11402.0,32.0,240.0,8.77,23040.0,8.77,2.0,0.009375,0.2,0.6656852662563324,0.9879668764770031,0.007508674073421086,0.0003,48.0,0.734375,-0.4500165788332621,-0.017335692929724852,32.0,0.984375,23040.0,1.0,0.17302083333333335,0.2,-5.639479929804802,123.25624029070138
0.00920442771166563,0.796875,0.0003,0.004562827325426042,-0.022391108352070054,0.5,2.0,0.0060803694650530815,11913.0,250.0,0.0346020944416523,-0.00596042479077975,172.12,-0.006559787783771753,0.9872696464881301,0.359375,172.12,1.0,12098.0,32.0,250.0,8.81,24000.0,8.81,1.0,0.01875,0.2,0.6695443689823151,0.1259371042251587,0.15223687467475733,0.0003,50.0,0.65625,-0.4671686118841171,-0.004553136774338782,32.0,0.953125,24000.0,1.0,0.03895833333333333,0.2,-5.642962491512298,128.8201178947091
0.0016170686576515436,0.765625,0.0003,0.006323428923885027,-0.01785718854671965,0.5,1.0,0.004089064430445433,12551.0,260.0,0.014946674928069115,-0.003978669966260592,178.83,0.0020308448001742363,0.9819564539939165,0.40625,178.83,1.0,12267.0,32.0,260.0,8.78,24960.0,8.78,2.0,0.006666666666666667,0.2,0.6729326844215393,0.39892858266830444,0.11340149555355311,0.0003,52.0,0.671875,-0.5081265503168106,-0.0016020694623390833,32.0,0.9375,24960.0,1.0,0.016354166666666666,0.2,-5.641263710856438,136.03464626163245
0.020039301365613937,0.7578125,0.0003,0.007614581870536009,-0.02255275299306959,0.5,2.0,0.00441643176600337,11012.0,270.0,-0.004460806958377361,-0.01015722621853153,183.56,-0.008715820498764515,0.9563594050705433,0.484375,183.56,1.0,12878.0,32.0,270.0,8.81,25920.0,8.81,2.0,0.0184375,0.2,0.6661023199558258,0.7374448180198669,0.06569482645019889,0.0003,54.0,0.7421875,-0.5193538586298625,-0.004957400957743327,32.0,1.0,25920.0,1.0,0.05479166666666667,0.2,-5.593661894202232,142.13444580703973
-0.00038426523678936064,0.7265625,0.0003,0.010605403554315369,-0.01830159123831739,0.5,2.0,0.0038352415431290865,11894.0,280.0,0.025715220719575882,-0.000860049497957031,189.47,-0.00011881208047270775,0.9637001790106297,0.515625,189.47,1.0,13701.0,32.0,280.0,8.75,26880.0,8.75,1.0,0.0017708333333333332,0.2,0.6690614521503448,0.8487954884767532,0.048572762282565234,0.0003,56.0,0.7421875,-0.5034450401862463,-0.0035336795697609585,32.0,0.96875,26880.0,1.0,0.033229166666666664,0.2,-5.579563544988632,146.58859927266838
0.012552733533084393,0.6953125,0.0003,0.004104410959407687,-0.014235577244932452,0.5,2.0,0.008439766243100166,13223.0,290.0,-0.0014537656679749489,-0.0060233053689201675,194.97,0.0012686450500041246,0.9894686220213771,0.46875,194.97,1.0,12983.0,32.0,290.0,8.74,27840.0,8.74,2.0,0.011979166666666667,0.2,0.6689851880073547,0.9217364862561226,0.02211193224725624,0.0003,58.0,0.6640625,-0.5394011294841766,-0.007656332217156887,32.0,0.859375,27840.0,1.0,0.0503125,0.2,-5.461172931194305,153.07257331937552
0.0006908332579769194,0.65625,0.0003,0.0061288222996518016,-0.016042817242948027,0.5,2.0,0.0018129827221855521,14162.0,300.0,0.09750612080097198,-0.0008341289249559243,198.19,-0.0010777213610708714,0.9802515879273415,0.625,198.19,1.0,14785.0,32.0,300.0,8.83,28800.0,8.83,1.0,0.0009375,0.2,0.6578978300094604,0.8848425447940826,0.044074073086182275,0.0003,60.0,0.78125,-0.5048090563217799,-0.005486492495983839,32.0,0.9375,28800.0,1.0,0.037395833333333336,0.2,-5.421417546868324,157.94221056967973
0.0008592066005803645,0.6171875,0.0003,0.0031209856760688126,-0.01616194190486567,0.5,2.0,0.01664053089916706,14706.0,310.0,0.0031951256096363068,-0.0007613951091965039,201.76,0.0016407095827162266,0.9909741198644042,0.65625,201.76,1.0,14927.0,32.0,310.0,8.76,29760.0,8.76,1.0,0.004479166666666667,0.2,0.6601377129554749,0.9754009395837784,0.009829540016750495,0.0003,62.0,0.7734375,-0.5365538797775904,-0.00948561506345868,32.0,0.890625,29760.0,1.0,0.09822916666666667,0.2,-5.35852622538805,160.75040662914515
0.001262732082977891,0.5390625,0.0003,0.006783809985499829,-0.014380468383315019,0.5,2.0,0.004412481561303139,15173.0,320.0,0.056027982383966446,-0.0009876815478006998,204.59,0.0013422038173303008,0.9825387746095657,0.703125,204.59,1.0,12963.0,32.0,320.0,8.77,30720.0,8.77,2.0,0.003958333333333334,0.2,0.6563215851783752,0.94584159553051,0.029538756717617312,0.0003,64.0,0.7421875,-0.5484558053811391,-0.0032985310008128484,32.0,0.78125,30720.0,1.0,0.03833333333333333,0.2,-5.271857236921787,164.0526392093301
0.001335756154730916,0.484375,0.0003,0.003949692362609009,-0.013558373779960674,0.5,1.0,0.005734852980822325,15874.0,330.0,-0.002877965569496155,-0.0016137255852421125,210.01,0.005016781855374575,0.9874467151239514,0.8125,210.01,1.0,15882.0,32.0,330.0,8.82,31680.0,8.82,1.0,0.001979166666666667,0.2,0.6453164517879486,0.9721086844801903,0.01763430405097703,0.0003,66.0,0.796875,-0.5232836822668712,-0.008919937356064717,32.0,0.78125,31680.0,1.0,0.049375,0.2,-5.204284970760345,166.98149480432272
0.0010013650171458721,0.4296875,0.0003,0.004969244859336565,-0.014892536311381264,0.5,2.0,0.005694713909178972,16090.0,340.0,-0.0009113568812608719,-0.0007166453388830026,211.35,0.0023530027829110622,0.9862583754584193,0.8125,211.35,1.0,14656.0,32.0,340.0,8.75,32640.0,8.75,2.0,0.0016666666666666668,0.2,0.6406607627868652,0.9779498819261789,0.018464147249857586,0.0003,68.0,0.7421875,-0.4913087256749471,-0.006863351923724016,32.0,0.671875,32640.0,1.0,0.07166666666666667,0.2,-5.15796218663454,170.96901478916408
0.005913396831601858,0.4609375,0.0003,0.00777735305018723,-0.013218002174980939,0.5,2.0,0.010464517399668694,16058.0,350.0,-0.005775991827249527,-0.0025614927398661773,210.87,0.03704112395644188,0.9754755944013596,0.8125,210.87,1.0,16728.0,32.0,350.0,8.75,33600.0,8.75,2.0,0.0096875,0.2,0.6407438516616821,0.9693081974983215,0.021109521173251173,0.0003,70.0,0.7734375,-0.4904790868361791,-0.012371830108265081,32.0,0.734375,33600.0,1.0,0.11302083333333333,0.2,-5.03736406981945,173.04334144562483
0.010811617597937584,0.453125,0.0003,0.006769067548836271,-0.015883979333933287,0.5,2.0,0.004396861884742975,16651.0,360.0,-0.01153041422367096,-0.007063019623359044,214.14,-0.001372832921333611,0.9802628792822361,0.90625,214.14,1.0,15258.0,32.0,360.0,8.81,34560.0,8.81,2.0,0.016458333333333332,0.2,0.6260282099246979,0.806652843952179,0.053304357215141256,0.0003,72.0,0.859375,-0.49563611964384713,-0.0037325107182065646,32.0,0.8125,34560.0,1.0,0.07770833333333334,0.2,-5.018993218541145,172.91974702507258
0.011587797664105892,0.3984375,0.0003,0.003638346050089846,-0.01768403765852175,0.5,1.0,0.011545944027602673,18051.0,370.0,-0.002413686364889145,-0.005859799596170584,219.06,-0.014081754721701145,0.989252352155745,0.859375,219.06,1.0,17969.0,32.0,370.0,8.9,35520.0,8.9,1.0,0.018958333333333334,0.2,0.6411316990852356,0.36449098587036133,0.10110411457406977,0.0003,74.0,0.7578125,-0.47705125927925107,-0.00843295115356644,32.0,0.65625,35520.0,1.0,0.15927083333333333,0.2,-4.922592159509659,176.99718743890523
0.015752507373690605,0.421875,0.0003,0.005896120987987767,-0.01630019986264718,0.5,2.0,0.003348707687109709,18143.0,380.0,0.004401013255119324,-0.0063117400060097376,220.77,0.009362494572997093,0.9728466346859932,0.921875,220.77,1.0,18873.0,32.0,380.0,8.82,36480.0,8.82,1.0,0.016458333333333332,0.2,0.6464167833328247,0.12847900390625,0.08929667704428236,0.0003,76.0,0.84375,-0.454911833802859,-0.0005417885941763719,32.0,0.765625,36480.0,1.0,0.0284375,0.2,-4.813664204776287,182.39325765758753
0.009090275503695011,0.46875,0.0003,0.005241095394206544,-0.021362020842110117,0.5,1.0,0.00900664646178484,18979.0,390.0,0.0005421210080385208,-0.00629955355077982,222.09,0.02186361327767372,0.9843255467712879,0.796875,222.09,1.0,17196.0,32.0,390.0,8.87,37440.0,8.87,2.0,0.025520833333333333,0.2,0.656366378068924,0.4080336093902588,0.064917290546,0.0003,78.0,0.765625,-0.44756985942522687,-0.004912219885736704,32.0,0.734375,37440.0,1.0,0.06510416666666667,0.2,-4.698731253147125,186.07344929486513
0.0070495312102139,0.3203125,0.0003,0.002393817601259798,-0.016180223137295495,0.5,2.0,0.0014939837856218219,19089.0,400.0,0.029259093105793,-0.010449804017941157,225.61,-0.007516777608543634,0.9897567639127374,0.9375,225.61,1.0,18076.0,32.0,400.0,9.06,38400.0,9.06,2.0,0.02020833333333333,0.2,0.6350249350070953,0.7798538506031036,0.04746143595625957,0.0003,80.0,0.7578125,-0.47091462433338166,-0.00455086326226592,32.0,0.578125,38400.0,1.0,0.05875,0.2,-4.600801525712013,189.71705619603395
-0.0010414602002128959,0.3828125,0.0003,0.002552828296320513,-0.015881686681920353,0.5,2.0,0.0006555033032782376,18964.0,410.0,-0.001956581138074398,-0.001413844091196855,226.84,0.0068143499083817005,0.9911303156986833,0.90625,226.84,1.0,16568.0,32.0,410.0,9.23,39360.0,9.23,2.0,0.008125,0.2,0.5952797532081604,0.8968008011579514,0.0405442530180638,0.0003,82.0,0.7890625,-0.5042330817381541,-0.0062195414335777365,32.0,0.671875,39360.0,1.0,0.07354166666666667,0.2,-4.523489758074284,194.78657507836817
0.010812247171998024,0.3515625,0.0003,0.0023618945114624998,-0.011296500983492781,0.5,1.0,0.00900243315845728,20637.0,420.0,0.0042226891964674,-0.01213234088694056,230.18,-0.0007618724484927952,0.9918128717690706,0.953125,230.18,1.0,17786.0,32.0,420.0,9.05,40320.0,9.05,2.0,0.017083333333333332,0.2,0.5947648882865906,0.8776362761855125,0.049651692428936564,0.0003,84.0,0.8046875,-0.49789123396078744,-0.004838169906288385,32.0,0.65625,40320.0,1.0,0.0775,0.2,-4.403694776594639,197.02913550913334
0.013586994260549545,0.40625,0.0003,0.0019083034984456995,-0.0069371426242772335,0.5,2.0,0.006090233568102121,19823.0,430.0,0.01919219084084034,-0.010930488668382168,233.76,-0.0052862572483718395,0.9935591737739742,0.90625,233.76,1.0,18960.0,32.0,430.0,9.2,41280.0,9.2,2.0,0.015416666666666667,0.2,0.5854825675487518,0.9291313886642456,0.030841517130223414,0.0003,86.0,0.8125,-0.5037926491101583,-0.0014494231715798378,32.0,0.71875,41280.0,1.0,0.025104166666666667,0.2,-4.326575765162707,201.15793689846993
0.0007990304147824645,0.5,0.0003,0.0015681485740545516,-0.005598501919885166,0.5,1.0,0.005211730021983385,21498.0,440.0,0.006827535107731819,-0.002636932941774527,239.42,0.005903085693717003,0.9947827532887459,0.859375,239.42,1.0,20560.0,32.0,440.0,9.32,42240.0,9.32,2.0,0.0032291666666666666,0.2,0.5827036798000336,0.8737564533948898,0.03315105539746582,0.0003,88.0,0.859375,-0.4948215526342392,-0.00862005521543324,32.0,0.859375,42240.0,1.0,0.04625,0.2,-4.250234471112489,205.2004860126972
0.0013903580838814378,0.4609375,0.0003,0.0015904791674499089,-0.008933243765301692,0.5,2.0,0.00038688050699420273,21057.0,450.0,-0.006574183702468872,-0.005224409755319357,244.95,0.0002766286488622427,0.9942579451017082,0.859375,244.95,1.0,22666.0,32.0,450.0,9.46,43200.0,9.46,1.0,0.006458333333333333,0.2,0.5500415563583374,0.9599636867642403,0.02792969622028371,0.0003,90.0,0.8203125,-0.4933104908466339,-0.0023395784633855024,32.0,0.78125,43200.0,1.0,0.01,0.2,-4.14009491160512,209.52626442804933
0.003671996993944049,0.3359375,0.0003,0.002096970023897787,-0.005988778912142152,0.5,1.0,-0.00020103069255128503,22106.0,460.0,0.02185126580297947,-0.004983078086127838,248.54,4.277820698916912e-05,0.991546449251473,0.96875,248.54,1.0,22811.0,32.0,460.0,9.2,44160.0,9.2,1.0,0.006875,0.2,0.5453692078590393,0.9203048795461655,0.027450833576731382,0.0003,92.0,0.8046875,-0.4995570127169291,-0.0023294854288299876,32.0,0.640625,44160.0,1.0,0.029583333333333333,0.2,-4.105245247930288,211.95294926464558
0.002437822287902236,0.5,0.0003,0.0013057043628456693,-0.003224067095967863,0.5,2.0,0.014473938383162022,20187.0,470.0,-0.022773273289203644,-0.0036987803441782792,250.12,-0.0007881427300162613,0.9950228556990623,0.828125,250.12,1.0,19982.0,32.0,470.0,9.33,45120.0,9.33,2.0,0.0026041666666666665,0.2,0.5620462894439697,0.9654193706810474,0.022205599481239915,0.0003,94.0,0.828125,-0.4635593702395757,-0.010516367020706336,32.0,0.828125,45120.0,1.0,0.0940625,0.2,-3.9592091493308543,213.54002422332763
-0.00010025886149378493,0.4375,0.0003,0.000728504321402094,-0.002506691240875322,0.5,1.0,0.015485113486647606,23706.0,480.0,-0.0030158585868775845,-3.23782612880071e-05,253.14,0.0001850730477599427,0.9965738507453352,0.90625,253.14,1.0,24164.0,32.0,480.0,9.33,46080.0,9.33,1.0,0.0,0.2,0.5459662675857544,0.9281697198748589,0.03745329363116374,0.0003,96.0,0.84375,-0.46807733178138733,-0.005573315372069677,32.0,0.78125,46080.0,1.0,0.08166666666666667,0.2,-3.8825887393951417,215.33762589007617
0.004734321963042021,0.5078125,0.0003,0.002467167723613481,-0.0023895479836452673,0.5,1.0,0.002074755495414138,23689.0,490.0,0.005865028593689203,-0.003300941102206707,255.06,0.00031124113593250513,0.9905329532921314,0.890625,255.06,1.0,24514.0,32.0,490.0,9.33,47040.0,9.33,1.0,0.002395833333333333,0.2,0.5672997236251831,0.8701654225587845,0.03975582003903886,0.0003,98.0,0.8984375,-0.4344015606244405,-0.00021993824591239294,32.0,0.90625,47040.0,1.0,0.009583333333333333,0.2,-3.802431219518185,217.75577122822403
0.0015266105765476823,0.5390625,0.0003,0.0006239249327336438,-0.001526436748439058,0.5,1.0,0.0035777990706264973,24028.0,500.0,0.01951012760400772,-0.0005832583084702491,258.48,0.0001176524383481592,0.9975117752328515,0.84375,258.48,1.0,22918.0,32.0,500.0,9.31,48000.0,9.31,2.0,0.0004166666666666667,0.2,0.5799257755279541,0.8378012329339981,0.044046984009134274,0.0003,100.0,0.8828125,-0.4284742174545924,-0.0015428044895331066,32.0,0.921875,48000.0,1.0,0.03333333333333333,0.2,-3.819870686903596,220.07823596224188
0.015683488920331,0.5859375,0.0003,0.0038914813320540514,-0.004522561492776731,0.5,1.0,0.0044589354656636715,25239.0,510.0,0.044695448130369186,-0.007350234240293503,263.39,-0.024250920861959457,0.9733761139214039,0.75,263.39,1.0,25356.0,32.0,510.0,14.23,48960.0,14.23,1.0,0.005729166666666666,0.2,0.5731691122055054,0.8980916291475296,0.034618343794718384,0.0003,102.0,0.8359375,-0.4205024866263072,-0.0017259757251789172,32.0,0.921875,48960.0,1.0,0.011354166666666667,0.2,-3.7335323072969913,223.9490516717732
0.0026331483386456966,0.53125,0.0003,0.001287069341148405,-0.006604825370013714,0.5,2.0,0.007835866883397102,22495.0,520.0,0.01735658571124077,-0.0014482202505071958,266.64,-0.006716739386320114,0.96109564229846,0.828125,266.64,1.0,25668.0,32.0,520.0,9.27,49920.0,9.27,1.0,0.0017708333333333332,0.2,0.5354787409305573,0.9428242594003677,0.02218630861180524,0.0003,104.0,0.859375,-0.4138139230012894,-0.005002710398597022,32.0,0.890625,49920.0,1.0,0.03989583333333333,0.2,-3.7721513701975344,227.88864910826086
0.0007103009265847504,0.5234375,0.0003,0.0016093840011550734,-0.01041996289762513,0.5,2.0,0.002447751583531499,20438.0,530.0,0.021122466772794724,-0.001220583589747548,269.91,0.00042064671288244426,0.9924716977402568,0.9375,269.91,1.0,22815.0,32.0,530.0,9.31,50880.0,9.31,2.0,0.0007291666666666667,0.2,0.513212263584137,0.909113921225071,0.029852100390320022,0.0003,106.0,0.9609375,-0.4078890913724899,-0.004478431946287552,32.0,0.984375,50880.0,1.0,0.0284375,0.2,-3.636428347826004,231.02345315769315
0.04301942512392998,0.5390625,0.0003,0.005752026783302427,-0.008016679466236383,0.5,2.0,0.012303072959184647,23624.0,540.0,0.021169431507587433,-0.017819694895297288,273.2,-0.0024821143597364426,0.9798297137022018,0.859375,273.2,1.0,21872.0,32.0,540.0,9.34,51840.0,9.34,2.0,0.021979166666666668,0.2,0.5386509895324707,0.9234675839543343,0.026808011095660427,0.0003,108.0,0.8984375,-0.3541907689968745,-0.004483462354789178,32.0,0.9375,51840.0,1.0,0.055625,0.2,-3.6224124817550183,234.21538454040885
-0.0002865710703190416,0.5390625,0.0003,0.0007508816950333615,-0.001059611851912147,0.5,2.0,0.00478118984028697,25026.0,550.0,0.012496649287641048,-0.00038192054567237697,274.68,4.304117464926094e-05,0.9952731630764902,0.796875,274.68,1.0,25300.0,32.0,550.0,9.36,52800.0,9.36,2.0,0.0,0.2,0.5239186584949493,0.9304461106657982,0.028037352940688532,0.0003,110.0,0.8359375,-0.3750497567653656,-0.0025211037198702496,32.0,0.875,52800.0,1.0,0.02875,0.2,-3.6648146047443153,237.33681910201906
-2.8865038984804414e-05,0.5078125,0.0003,0.00031047057913383467,-0.0006428065298435589,0.5,2.0,0.002181815216317773,25873.0,560.0,0.0013917600736021996,-4.202039291461309e-05,276.44,8.980065467767417e-05,0.9981491174548864,0.921875,276.44,1.0,26406.0,32.0,560.0,9.49,53760.0,9.49,2.0,0.0,0.2,0.4758412539958954,0.973699240013957,0.012464466988264273,0.0003,112.0,0.9296875,-0.39150662779808043,-0.0019439961047222217,32.0,0.9375,53760.0,1.0,0.043645833333333335,0.2,-3.4550615435093643,238.93582953959702
-1.3525784197554458e-05,0.625,0.0003,0.0004058639679957802,-0.0005452377243394343,0.5,2.0,-0.002483333693817258,26548.0,570.0,-0.008141547441482544,-2.824836721022924e-05,279.69,6.492016837000847e-05,0.9972668329719454,0.71875,279.69,1.0,27704.0,32.0,570.0,9.32,54720.0,9.32,1.0,0.0,0.2,0.5132382214069366,0.9653678461909294,0.016095552868985882,0.0003,114.0,0.84375,-0.40385872761408487,-0.0004275570126871268,32.0,0.96875,54720.0,1.0,0.03145833333333333,0.2,-3.4063901947438717,239.74146576166152
-2.1999080672685523e-06,0.59375,0.0003,0.0014865201845532282,-0.0006638431892497465,0.5,2.0,0.007562938611954451,24775.0,580.0,-0.007795820478349924,-3.120048592487971e-06,283.09,6.553485582116991e-05,0.9935047132894397,0.75,283.09,1.0,27539.0,32.0,580.0,9.41,55680.0,9.41,2.0,0.0,0.2,0.48782792687416077,0.9831903092563152,0.012738055441295727,0.0003,116.0,0.84375,-0.4190112354358037,-0.007052128811677297,32.0,0.9375,55680.0,1.0,0.07135416666666666,0.2,-3.330287808403373,241.92065950863062
8.979936865216587e-06,0.578125,0.0003,0.0009097305825950268,-0.0006745634350227192,0.5,1.0,0.012569602578878403,28375.0,590.0,0.0013243579305708408,-2.2101464370886484e-06,286.32,9.977291483664885e-05,0.9952900777570903,0.796875,286.32,1.0,28420.0,32.0,590.0,9.35,56640.0,9.35,1.0,0.0,0.2,0.46559514105319977,0.9817782547324896,0.012559397110405067,0.0003,118.0,0.875,-0.3961579610904058,-0.0046264022278289,32.0,0.953125,56640.0,1.0,0.06635416666666667,0.2,-3.2526186097413303,244.15263989187778
0.0004388506931718439,0.7109375,0.0003,0.0012734057226043661,-0.001494218587758951,0.5,2.0,0.025508981198072433,27657.0,600.0,-0.004108414053916931,-5.31702550748984e-05,288.43,6.462278543040156e-05,0.9943902734667063,0.5625,288.43,1.0,28191.0,32.0,600.0,9.29,57600.0,9.29,2.0,0.0007291666666666667,0.2,0.529840499162674,0.9951205574907362,0.002565368133364245,0.0003,120.0,0.7734375,-0.4014433310429255,-0.006692515953133504,32.0,0.984375,57600.0,1.0,0.13697916666666668,0.2,-3.176988551057875,245.9597929905355
-4.43009048467502e-05,0.625,0.0003,0.00016953225880570244,-0.00043627540357798957,0.5,2.0,0.007874219678342342,28233.0,610.0,-0.020677581429481506,-3.867176050941149e-05,290.1,3.582013232517056e-05,0.9979789115022868,0.75,290.1,1.0,29779.0,32.0,610.0,9.46,58560.0,9.46,1.0,0.0,0.2,0.47754132747650146,0.9947848040610552,0.004094580093127054,0.0003,122.0,0.875,-0.39234120388825733,-0.006938536241650581,32.0,1.0,58560.0,1.0,0.05229166666666667,0.2,-3.11496631629765,245.60172757789493
-2.3402274109685095e-06,0.6171875,0.0003,0.0001741610371633821,-0.0006862401183267744,0.5,2.0,0.016024839133024216,29293.0,620.0,-0.003074504202231765,-1.8688477575778962e-06,293.29,4.3743246351368725e-05,0.9980475510237738,0.734375,293.29,1.0,28474.0,32.0,620.0,9.31,59520.0,9.31,2.0,0.0,0.2,0.48914892971515656,0.9852053886279464,0.0046835371188353745,0.0003,124.0,0.8515625,-0.35911256849765777,-0.008194394546250502,32.0,0.96875,59520.0,1.0,0.100625,0.2,-3.0205230750516057,246.1097997108102
-9.456276529817842e-06,0.6171875,0.0003,0.00024114635979155234,-0.0006039888413700585,0.5,2.0,0.009309141896665096,29394.0,630.0,-0.018031645566225052,-2.0393244922161104e-05,294.46,3.2117150112753734e-05,0.9961458132602274,0.703125,294.46,1.0,30422.0,32.0,630.0,9.34,60480.0,9.34,1.0,0.0,0.2,0.5218170285224915,0.9831285905092955,0.006435723117707918,0.0003,126.0,0.8203125,-0.35441137115160626,-0.00701976320395867,32.0,0.9375,60480.0,1.0,0.07802083333333333,0.2,-2.902096863500774,247.4527131813392
-1.1623650607361924e-05,0.6484375,0.0003,0.00027073604013518586,-0.0007535067424032604,0.5,2.0,0.0008375871111638844,30029.0,640.0,-0.019693002104759216,-1.8808750125269094e-05,295.99,-4.245344825903885e-06,0.9962028788868338,0.671875,295.99,1.0,29353.0,32.0,640.0,9.4,61440.0,9.4,2.0,0.0,0.2,0.5224458277225494,0.9807140752673149,0.009181366031989456,0.0003,128.0,0.8203125,-0.33418983379999795,-0.0055239330107967055,32.0,0.96875,61440.0,1.0,0.07166666666666667,0.2,-2.7651058674976228,248.34998620133848
-9.086479622055776e-06,0.6796875,0.0003,0.0003101633014011895,-0.0005638197751007587,0.5,2.0,0.014146056957542896,30358.0,650.0,-0.017422497272491455,-2.06478467832009e-05,298.13,-2.4697827029740438e-05,0.9954846240580082,0.609375,298.13,1.0,31060.0,32.0,650.0,9.26,62400.0,9.26,2.0,0.0,0.2,0.5656964778900146,0.9599696025252342,0.017750858183329304,0.0003,130.0,0.7890625,-0.3230447483062744,-0.01008787313476205,32.0,0.96875,62400.0,1.0,0.12166666666666667,0.2,-2.638538766298443,249.64394672494382
-1.389533281326294e-06,0.7421875,0.0003,0.00018540701178911453,-0.0005701638897395848,0.5,2.0,0.009250480681657791,30601.0,660.0,0.011410865932703018,-2.900984138250351e-05,301.11,-8.82083986653015e-06,0.9943936062045395,0.46875,301.11,1.0,30966.0,32.0,660.0,9.36,63360.0,9.36,2.0,0.0,0.2,0.6162468791007996,0.9167502745985985,0.02866626201507946,0.0003,132.0,0.7109375,-0.29651527881622314,-0.005462638090054194,32.0,0.953125,63360.0,1.0,0.10302083333333334,0.2,-2.5121762792021034,251.47838258024305
6.113077233749209e-06,0.6796875,0.0003,0.00022612958446795043,-0.0006559730792650953,0.5,1.0,0.0139034204185009,32421.0,670.0,0.06598597764968872,-1.327815776069959e-05,302.16,5.431675162981264e-06,0.992557147052139,0.515625,302.16,1.0,31567.0,32.0,670.0,9.33,64320.0,9.33,2.0,0.0,0.2,0.6399931311607361,0.885485365986824,0.04095815680455416,0.0003,134.0,0.6953125,-0.2892819665869077,-0.00722819193576773,32.0,0.875,64320.0,1.0,0.09625,0.2,-2.378303091507405,254.58348392333835
-5.080799382994883e-06,0.75,0.0003,0.00010654329333192436,-0.00021236555417999625,0.5,1.0,0.0048077842220664024,32830.0,680.0,0.05165109783411026,-4.438528170188268e-06,305.08,9.38564699026756e-06,0.9935915824025869,0.421875,305.08,1.0,32872.0,32.0,680.0,9.21,65280.0,9.21,1.0,0.0,0.2,0.6278632283210754,0.8240692317485809,0.04081414705918481,0.0003,136.0,0.671875,-0.29275632043679556,-0.0022919714450836183,32.0,0.921875,65280.0,1.0,0.06239583333333333,0.2,-2.2226834107749163,256.74929756771775
-1.5640507626812905e-05,0.8359375,0.0003,0.0003564981700886468,-0.00031965820972497264,0.5,1.0,0.004471436142921448,33492.0,690.0,0.02643268182873726,-1.2012496590614319e-05,305.48,-3.879727955791168e-06,0.9904562085866928,0.1875,305.48,1.0,33585.0,32.0,690.0,9.47,66240.0,9.47,1.0,0.0,0.2,0.6664058864116669,0.5322697162628174,0.06536610590604444,0.0003,138.0,0.5234375,-0.3099727538228035,-0.0039764941980441415,32.0,0.859375,66240.0,1.0,0.09125,0.2,-2.081987985800952,259.193499676846
-8.666514986543916e-06,0.890625,0.0003,0.0004566205015908054,-0.00022740420756842166,0.5,2.0,0.008190740831196308,33548.0,700.0,-0.005691305734217167,-8.139638230204583e-06,308.27,-1.2742611033900175e-05,0.9890889711678028,0.03125,308.27,1.0,33551.0,32.0,700.0,9.36,67200.0,9.36,2.0,0.0,0.2,0.7300832271575928,0.38341790437698364,0.09438798331655562,0.0003,140.0,0.421875,-0.30550386826197307,-0.0031117612620194753,32.0,0.8125,67200.0,1.0,0.0459375,0.2,-1.9463777392730117,260.8887848889455
-4.543612249108264e-06,0.8046875,0.0003,0.0007801630187896081,-0.00017735364752297756,0.5,2.0,0.004604002460837364,33780.0,710.0,0.012167319655418396,-4.048241923252741e-06,308.44,5.1172835810575634e-05,0.9834138210862875,0.25,308.44,1.0,33789.0,32.0,710.0,9.26,68160.0,9.26,2.0,0.0,0.2,0.7014128863811493,0.24915283918380737,0.12996148246340453,0.0003,142.0,0.5546875,-0.3319017313917478,-0.001339217343678077,32.0,0.859375,68160.0,1.0,0.034166666666666665,0.2,-1.8151765215955675,264.27789315428583
-3.0835469715384534e-06,0.828125,0.0003,0.0007510619309080843,-0.00015981037790576617,0.5,2.0,0.0017899335362017155,31945.0,720.0,0.055137455463409424,-2.599544823169708e-06,310.81,3.593069050111808e-05,0.9871734399348497,0.078125,310.81,1.0,32497.0,32.0,720.0,9.29,69120.0,9.29,2.0,0.0,0.2,0.7278799414634705,0.24521547555923462,0.0926005730467538,0.0003,144.0,0.40625,-0.32950335383415225,-0.004560776669532061,32.0,0.734375,69120.0,1.0,0.09458333333333334,0.2,-1.6831982529722154,266.0455655157194
-4.3096642912132666e-06,0.71875,0.0003,0.00017550722005883776,-0.0001837968735344475,0.5,2.0,0.0077774422243237495,30672.0,730.0,0.17889347672462463,-2.855360507965088e-06,315.72,-1.2324017006903887e-07,0.994884149171412,0.171875,315.72,1.0,35238.0,32.0,730.0,9.39,70080.0,9.39,1.0,0.0,0.2,0.7607168555259705,0.45459580421447754,0.12996853307820858,0.0003,146.0,0.390625,-0.36331284999847413,-0.004148182980716228,32.0,0.609375,70080.0,1.0,0.07364583333333333,0.2,-1.5825988152064383,269.1896173099801
-3.0815601803624304e-06,0.6953125,0.0003,0.000286449200266361,-0.00015674862292750427,0.5,2.0,0.019901609048247337,32461.0,740.0,-0.03343422710895538,-2.5754297773043316e-06,317.78,6.9350426201708615e-06,0.9919928694143891,0.109375,317.78,1.0,34922.0,32.0,740.0,9.32,71040.0,9.32,2.0,0.0,0.2,0.7943902909755707,0.29707854986190796,0.12730895272145668,0.0003,148.0,0.3046875,-0.4026453747351964,-0.005801621203621228,32.0,0.5,71040.0,1.0,0.11145833333333334,0.2,-1.507034125942737,273.59922398936004
-3.382811883057002e-06,0.5703125,0.0003,0.0011382815077377018,-0.00018136286492032619,0.5,2.0,0.007179449778050184,34163.0,750.0,0.0854291021823883,-1.5595632915695509e-06,319.71,4.455640009837225e-05,0.9677139297127724,0.15625,319.71,1.0,32850.0,32.0,750.0,9.23,72000.0,9.23,2.0,0.0,0.2,0.8272333741188049,0.3240004777908325,0.15441791655495762,0.0003,150.0,0.2265625,-0.4438301014900208,-0.008612419590353965,32.0,0.296875,72000.0,1.0,0.15395833333333334,0.2,-1.4259970909543336,276.97007475387306
4.086146873305552e-06,0.484375,0.0003,0.0029577578446575597,-0.00017773740207000326,0.5,2.0,0.01008586585521698,35908.0,760.0,0.019810622557997704,-4.637998839219411e-06,321.86,6.416917312890291e-05,0.9496273249387741,0.265625,321.86,1.0,35333.0,32.0,760.0,9.37,72960.0,9.37,2.0,0.0,0.2,0.8070756793022156,0.41044968366622925,0.181118307740738,0.0003,152.0,0.25,-0.43570892691612245,-0.007578952390079697,32.0,0.234375,72960.0,1.0,0.10822916666666667,0.2,-1.3783344121556729,280.8140551991388
0.010285657830536366,0.6015625,0.0003,0.006458652666090832,-0.0023323163099606367,0.5,2.0,0.013915379531681538,36567.0,770.0,0.07098362594842911,-0.005543800101925929,323.38,0.00012158749450463802,0.8986339643597603,0.09375,323.38,1.0,37091.0,32.0,770.0,9.4,73920.0,9.4,1.0,0.004479166666666667,0.2,0.8507663607597351,0.3168078660964966,0.1713053445580105,0.0003,154.0,0.1953125,-0.4790619929631551,-0.007055414511511723,32.0,0.296875,73920.0,1.0,0.16625,0.2,-1.3729901687428354,284.8376775951311
0.10305621474981308,0.453125,0.0003,0.01415068487971439,-0.009786425382674982,0.5,2.0,0.005764680448919535,37216.0,780.0,0.05969518423080444,-0.005053436538825433,325.11,-0.013151782564818859,0.8329859375953674,0.296875,325.11,1.0,36670.0,32.0,780.0,9.49,74880.0,9.49,2.0,0.010104166666666666,0.2,0.7889388799667358,0.5418282449245453,0.14039353774239618,0.0003,156.0,0.25,-0.48489680806795754,-0.003052495022614797,32.0,0.203125,74880.0,1.0,0.05260416666666667,0.2,-1.396237684516236,289.9012663495168
1.5849698781967163,0.4375,0.0003,0.01931183591019362,-0.13628226895506182,0.5,1.0,0.01550437044352293,38133.0,790.0,0.009398767724633217,-0.07284704033285379,330.03,-0.025084633380174637,0.6366226077079773,0.359375,330.03,1.0,38010.0,32.0,790.0,8.8,75840.0,8.8,1.0,0.3494791666666667,0.2,0.7860613167285919,0.4918341636657715,0.09059297536189358,0.0003,158.0,0.296875,-0.4492085744937261,-0.011418531021724144,32.0,0.234375,75840.0,1.0,0.13395833333333335,0.2,-1.4303686698991804,295.0747743504867
1.2251286506652832,0.5078125,0.0003,0.014486177649911648,-0.0782892258647674,0.5,2.0,0.006055313162505627,37450.0,800.0,0.032991982996463776,-0.015374218188226223,325.16,-0.04282127320766449,0.7592994272708893,0.25,325.16,1.0,36744.0,32.0,800.0,11.35,76800.0,11.35,2.0,0.1546875,0.2,0.7937616109848022,0.645145982503891,0.1152090652535359,0.0003,160.0,0.2578125,-0.5073580431938172,-0.009984807098905245,32.0,0.265625,76800.0,1.0,0.08385416666666666,0.2,-2.1575234246999027,300.2005557033047
0.005840790458023548,0.375,0.0003,0.44883197168509165,-0.32754543334245684,0.5,2.0,0.006684120278805494,38482.0,810.0,0.044261425733566284,-0.0175080198670427,324.26,0.1653638780117035,0.10607194900512695,0.484375,324.26,1.0,38312.0,32.0,810.0,13.96,77760.0,13.96,2.0,0.14677083333333332,0.2,0.7445278763771057,0.6460318565368652,0.12507038317620756,0.0003,162.0,0.359375,-0.49134177327156064,-0.004016701250026624,32.0,0.234375,77760.0,1.0,0.021666666666666667,0.2,-1.683500372171402,294.92421191390605
0.02087320014834404,0.515625,0.0003,0.4419972284634908,-0.3112907998760541,0.5,1.0,0.0037410298828035593,39678.0,820.0,0.018722819164395332,-0.02711884679272771,325.72,0.17768512666225433,0.41090506315231323,0.34375,325.72,1.0,37196.0,32.0,820.0,18.08,78720.0,18.08,2.0,0.213125,0.2,0.7295874953269958,0.8173913657665253,0.03985853768264254,0.0003,164.0,0.359375,-0.4934538871049881,-0.005241798969606559,32.0,0.375,78720.0,1.0,0.0159375,0.2,-3.575111290104687,294.75103945162147
0.035549286752939224,0.359375,0.0003,0.3311219847202301,-0.2907889891664187,0.5,2.0,0.0032063957769423723,39479.0,830.0,0.11908368766307831,-0.03139796566218138,328.45,0.15370815992355347,0.49668723344802856,0.65625,328.45,1.0,39313.0,32.0,830.0,16.44,79680.0,16.44,2.0,0.20822916666666666,0.2,0.6742097735404968,0.8029992431402206,0.06593110253413519,0.0003,166.0,0.515625,-0.5048066240549087,-0.005845188591629267,32.0,0.375,79680.0,1.0,0.09552083333333333,0.2,-4.153184786140919,296.60096939917656
0.02223246730864048,0.3359375,0.0003,0.05500912285099427,-0.25333595832188927,0.5,2.0,0.0063543180003762245,40280.0,840.0,-0.024545468389987946,-0.026887290986875693,329.31,-0.016221437603235245,0.7150684893131256,0.734375,329.31,1.0,40912.0,32.0,840.0,15.11,80640.0,15.11,1.0,0.19583333333333333,0.2,0.693132609128952,0.6268424689769745,0.09303523336226742,0.0003,168.0,0.5703125,-0.4877420379718145,-0.005650077691922585,32.0,0.40625,80640.0,1.0,0.06479166666666666,0.2,-3.532121851220727,301.16089745070786
0.03295031934976578,0.453125,0.0003,0.039369451155265175,-0.2340124969681104,0.5,2.0,0.005568935070186853,40597.0,850.0,0.028528012335300446,-0.036294365723927816,334.22,-0.021686486899852753,0.8189752846956253,0.625,334.22,1.0,43039.0,32.0,850.0,14.51,81600.0,14.51,1.0,0.2654166666666667,0.2,0.6681751310825348,0.8105507642030716,0.04126930706202984,0.0003,170.0,0.578125,-0.43358992755413056,-0.006307092731197675,32.0,0.53125,81600.0,1.0,0.02875,0.2,-2.9794706470519303,305.52045488473027
0.04142395034432411,0.40625,0.0003,0.021851141086469093,-0.18891979416211446,0.5,1.0,0.007629412226378918,41923.0,860.0,0.0009277896024286747,-0.03416087259228031,331.34,-0.02865147963166237,0.8986182659864426,0.734375,331.34,1.0,41010.0,32.0,860.0,14.4,82560.0,14.4,2.0,0.2665625,0.2,0.6517055034637451,0.8480600863695145,0.04602912735814849,0.0003,172.0,0.640625,-0.4568185230096181,-0.005650674995655815,32.0,0.546875,82560.0,1.0,0.0553125,0.2,-2.92690955568105,310.22938106711956
0.012113478034734726,0.328125,0.0003,0.006877763729232053,-0.14365419795115789,0.5,2.0,0.005144651513546705,37071.0,870.0,0.019908849149942398,-0.01881678613523642,331.94,-0.016373232007026672,0.9612712785601616,0.8125,331.94,1.0,39580.0,32.0,870.0,9.49,83520.0,9.49,2.0,0.1709375,0.2,0.6036087274551392,0.9443479515612125,0.027792977802455425,0.0003,174.0,0.640625,-0.4441204160451889,-0.005362320095300675,32.0,0.46875,83520.0,1.0,0.03916666666666667,0.2,-2.9028991746529935,311.4189436116442
0.03621048480272293,0.3828125,0.0003,0.007258472819812596,-0.07900432515889406,0.5,2.0,0.020554784685373306,37266.0,880.0,-0.036760542541742325,-0.0205466940253973,337.31,-0.021926719695329666,0.9665720760822296,0.75,337.31,1.0,42080.0,32.0,880.0,9.39,84480.0,9.39,2.0,0.16385416666666666,0.2,0.5893897414207458,0.9704280886799097,0.017907237522304057,0.0003,176.0,0.6328125,-0.4781691666444143,-0.013547093607485294,32.0,0.515625,84480.0,1.0,0.144375,0.2,-2.8577637208253144,313.2206965744123
0.030504358932375908,0.359375,0.0003,0.00634726305026561,-0.03154107997193933,0.5,2.0,0.013079430907964706,41790.0,890.0,-0.023679111152887344,-0.008055739514529705,339.58,0.0010536708869040012,0.9636634178459644,0.90625,339.58,1.0,37036.0,32.0,890.0,9.4,85440.0,9.4,2.0,0.08270833333333333,0.2,0.5767268538475037,0.9707530029118061,0.018204215625301005,0.0003,178.0,0.765625,-0.47506115992863973,-0.011132931342969337,32.0,0.625,85440.0,1.0,0.1290625,0.2,-3.0048241908475757,315.71995411958545
0.0067620594054460526,0.421875,0.0003,0.0056595915540431935,-0.009393628092172245,0.5,1.0,0.00016374482947867364,43686.0,900.0,0.011231578886508942,-0.0016688772353033224,339.21,-0.0008379549835808575,0.9779665265232325,0.875,339.21,1.0,45049.0,32.0,900.0,9.3,86400.0,9.3,1.0,0.0067708333333333336,0.2,0.5822540521621704,0.8246652036905289,0.06370272741963466,0.0003,180.0,0.796875,-0.4383181514342626,-0.0011348941239217917,32.0,0.71875,86400.0,1.0,0.0178125,0.2,-3.1478747707232833,317.67876735147087
-0.0008395288023166358,0.421875,0.0003,0.001681672478443943,-0.003547401692485437,0.5,1.0,0.015218335203826427,44850.0,910.0,-0.016956059262156487,-0.0003020807914435864,341.56,-0.00026980991242453456,0.9885883145034313,0.9375,341.56,1.0,45174.0,32.0,910.0,9.32,87360.0,9.32,1.0,0.0,0.2,0.5541639924049377,0.9268736764788628,0.03618440432629238,0.0003,182.0,0.859375,-0.4597281765937805,-0.004463154166005552,32.0,0.78125,87360.0,1.0,0.09166666666666666,0.2,-3.336121421083808,318.5292152398452
-9.286900603910908e-05,0.453125,0.0003,0.0032519796836034706,-0.0019355661910958589,0.5,1.0,0.008237115107476711,44411.0,920.0,0.007808002643287182,-1.430541897813479e-05,344.13,0.0002473935892339796,0.9894260540604591,0.890625,344.13,1.0,45273.0,32.0,920.0,9.32,88320.0,9.32,1.0,0.0,0.2,0.5704344809055328,0.878364622592926,0.0427694032775859,0.0003,184.0,0.84375,-0.4305368731419245,-0.006637681399782499,32.0,0.796875,88320.0,1.0,0.06770833333333333,0.2,-3.571377276033163,322.41226254697887
-8.442054240731522e-05,0.5,0.0003,0.0010979329117496188,-0.0011838813791594778,0.5,1.0,0.01885616034269333,46072.0,930.0,-0.006151802837848663,-4.125547284881274e-05,346.27,0.0003145423252135515,0.9922492103651166,0.90625,346.27,1.0,43391.0,32.0,930.0,9.28,89280.0,9.28,2.0,0.0,0.2,0.5440420210361481,0.8452600538730621,0.06118866374095281,0.0003,186.0,0.90625,-0.40289168735345204,-0.008643860761076212,32.0,0.90625,89280.0,1.0,0.13229166666666667,0.2,-3.787027550563216,325.3308409544453
-2.411504647170659e-05,0.46875,0.0003,0.0024699731128445517,-0.000978924793113644,0.5,1.0,0.002069626236334443,45652.0,940.0,0.005384298972785473,-1.3890061527490616e-05,345.38,0.00037254751077853143,0.9932471285574138,0.90625,345.38,1.0,47076.0,32.0,940.0,9.28,90240.0,9.28,1.0,0.0,0.2,0.5789344012737274,0.7339082062244415,0.07642699633414547,0.0003,188.0,0.875,-0.39804444630940755,-0.0018246980383992196,32.0,0.84375,90240.0,1.0,0.021770833333333333,0.2,-4.037252339497209,329.1198991563544
3.26385111293348e-06,0.46875,0.0003,0.004251720568087573,-0.0008856150523448984,0.5,2.0,0.01702425442636013,44455.0,950.0,0.00152561254799366,-1.657666638493538e-05,343.15,0.00032818951876834035,0.9920621821656823,0.890625,343.15,1.0,41660.0,32.0,950.0,9.28,91200.0,9.28,2.0,0.0,0.2,0.557939887046814,0.8131467401981354,0.06281211944296956,0.0003,190.0,0.859375,-0.42373903453350065,-0.0016590253263711928,32.0,0.828125,91200.0,1.0,0.024895833333333332,0.2,-4.234317050129175,330.84380170729014
0.00027166170184500515,0.453125,0.0003,0.0037379735781966398,-0.0013669964104580383,0.5,1.0,0.003951423801481724,46669.0,960.0,0.003898756578564644,-0.00014324373876055082,348.06,0.020934149622917175,0.9921415513381362,0.984375,348.06,1.0,41419.0,32.0,960.0,9.41,92160.0,9.41,2.0,0.0,0.2,0.532536119222641,0.7454391717910767,0.07230256865732372,0.0003,192.0,0.9375,-0.4094320680697759,-0.003382253684103489,32.0,0.890625,92160.0,1.0,0.03864583333333333,0.2,-4.447552298679948,331.2681283175573
-0.00038797067827545106,0.515625,0.0003,0.0037239374755881727,-0.01192188311717473,0.5,1.0,0.009771998971700668,47955.0,970.0,0.09504081308841705,-0.00022144742310047148,350.08,-0.01987067237496376,0.9892986202612519,0.84375,350.08,1.0,47979.0,32.0,970.0,9.4,93120.0,9.4,1.0,0.008645833333333333,0.2,0.5649767220020294,0.8094694167375565,0.06888678102754056,0.0003,194.0,0.859375,-0.38244063357512154,-0.0026848632593949634,32.0,0.875,93120.0,1.0,0.035104166666666665,0.2,-4.674881820380688,335.2947685268149
0.03997988626360893,0.3984375,0.0003,0.0043403152748942376,-0.04559043816756457,0.5,1.0,0.005758505780249834,47497.0,980.0,-0.011743498034775257,-0.011155861057341098,351.96,-0.01716041751205921,0.9902842380106449,0.984375,351.96,1.0,44963.0,32.0,980.0,9.32,94080.0,9.32,2.0,0.0528125,0.2,0.5310012102127075,0.919073224067688,0.03998976139196505,0.0003,196.0,0.8828125,-0.4209815843900045,-0.0014554826728999616,32.0,0.78125,94080.0,1.0,0.03302083333333333,0.2,-4.857298105061054,339.34332678403706
0.02734452299773693,0.4921875,0.0003,0.01655569446273148,-0.06248404700309038,0.5,2.0,0.0072307162918150425,43493.0,990.0,-6.35804608464241e-05,-0.021429508415361245,354.19,-0.02051263302564621,0.9217618554830551,0.875,354.19,1.0,49018.0,32.0,990.0,9.12,95040.0,9.12,1.0,0.09614583333333333,0.2,0.5134415328502655,0.9598316065967083,0.02776929351811608,0.0003,198.0,0.8671875,-0.447511558731397,-0.002489527724683285,32.0,0.859375,95040.0,1.0,0.029270833333333333,0.2,-5.005293460637331,342.949201813899
0.018485181033611298,0.578125,0.0003,0.0222291263534377,-0.054430508073419336,0.5,1.0,0.00409411545842886,48152.0,1000.0,0.023755058646202087,-0.026925537151594958,359.11,-0.019819363951683044,0.9473695084452629,0.71875,359.11,1.0,45424.0,32.0,1000.0,9.11,96000.0,9.11,2.0,0.08822916666666666,0.2,0.5645127892494202,0.9615706019103527,0.026911708916692683,0.0003,200.0,0.796875,-0.4087024895350138,-0.003603804217030605,32.0,0.875,96000.0,1.0,0.06614583333333333,0.2,-4.762650514543057,346.1761542641744
0.07138849794864655,0.5078125,0.0003,0.027224065829068424,-0.016352245674158137,0.5,2.0,0.011173502542078495,46338.0,1010.0,0.028464950621128082,-0.02634902554874619,360.61,0.0094086192548275,0.8375057578086853,0.859375,360.61,1.0,49299.0,32.0,1010.0,9.08,96960.0,9.08,1.0,0.060833333333333336,0.2,0.5099702775478363,0.9419239573180676,0.0440647139120847,0.0003,202.0,0.8671875,-0.42096797744433084,-0.005132188508287072,32.0,0.875,96960.0,1.0,0.055625,0.2,-4.618306849449873,350.95556012760846
0.004240963142365217,0.53125,0.0003,0.005571127181562285,-0.0032581775429813813,0.5,2.0,0.008148354478180408,45750.0,1020.0,0.0338144451379776,-0.0056813929323107,357.78,-0.009919743984937668,0.9756607096642256,0.8125,357.78,1.0,48701.0,32.0,1020.0,9.24,97920.0,9.24,2.0,0.0032291666666666666,0.2,0.5157490372657776,0.9244062155485153,0.043224148022321364,0.0003,204.0,0.84375,-0.4182903711001078,-0.002448450035105149,32.0,0.875,97920.0,1.0,0.06739583333333334,0.2,-4.2829614834487435,354.44263508927077
1.8866359823732637e-05,0.515625,0.0003,0.0013855622355670979,-0.0021623047526615363,0.5,2.0,0.0052355024963617325,45250.0,1030.0,0.01047062873840332,-1.0542518769701321e-05,357.77,0.0005165872280485928,0.9963199193589389,0.921875,357.77,1.0,51052.0,32.0,1030.0,9.42,98880.0,9.42,1.0,0.0,0.2,0.49345701932907104,0.9358936324715614,0.037647987852493923,0.0003,206.0,0.9375,-0.4237167634566625,-0.0017366884710888068,32.0,0.953125,98880.0,1.0,0.04,0.2,-3.9338479739427568,352.454209115766
0.012127469293773174,0.53125,0.0003,0.002086718313706418,-0.009445468637083346,0.5,1.0,0.006577221676707268,51708.0,1040.0,0.005884693004190922,-0.000993212405592203,357.77,-0.00286126253195107,0.9949756604619324,0.859375,357.77,1.0,49804.0,32.0,1040.0,9.28,99840.0,9.28,2.0,0.002395833333333333,0.2,0.4904562532901764,0.9562443494796753,0.024665494638805588,0.0003,208.0,0.890625,-0.3857112679878871,-0.004160034426798423,32.0,0.921875,99840.0,1.0,0.0509375,0.2,-3.8947599671036004,348.90090530943127
