mean\disc\n_expert,mean\disc\global_step,mean\disc\disc_loss,mean\disc\disc_acc_gen,mean\disc\disc_proportion_expert_true,mean\disc\disc_proportion_expert_pred,mean\disc\disc_acc,mean\disc\disc_acc_expert,mean\disc\n_generated
60.0,1.0,0.6899151802062988,0.0,0.5,1.0,0.5,1.0,60.0
60.0,2.0,0.6926056146621704,0.0,0.5,0.9916666666666667,0.49166665971279144,0.9833333194255829,60.0
60.0,3.0,0.6706054508686066,0.008333333767950535,0.5,0.9833333333333333,0.49166665971279144,0.9749999940395355,60.0
60.0,4.0,0.6594594717025757,0.1583333406597376,0.5,0.9125,0.5708333253860474,0.9833333194255829,60.0
60.0,5.0,0.6615811586380005,0.30000000447034836,0.5,0.8083333333333333,0.6083333194255829,0.9166666865348816,60.0
60.0,6.0,0.6468403041362762,0.34166666865348816,0.5,0.7916666666666666,0.6333333551883698,0.925000011920929,60.0
60.0,7.0,0.6455824375152588,0.4000000059604645,0.5,0.7333333333333334,0.6333333253860474,0.8666666746139526,60.0
60.0,8.0,0.6602399051189423,0.5833333432674408,0.5,0.5458333333333334,0.6291666626930237,0.6749999821186066,60.0
60.0,9.0,0.5911716520786285,1.0,0.5,0.27083333333333337,0.7708333134651184,0.5416666567325592,60.0
60.0,10.0,0.5332342386245728,0.9749999940395355,0.5,0.325,0.800000011920929,0.625,60.0
60.0,11.0,0.5652205348014832,0.625,0.5,0.575,0.7000000178813934,0.7750000059604645,60.0
60.0,12.0,0.5277734696865082,0.7333333194255829,0.5,0.5541666666666667,0.7874999940395355,0.8416666686534882,60.0
60.0,13.0,0.49979330599308014,0.6749999821186066,0.5,0.575,0.75,0.8250000178813934,60.0
60.0,14.0,0.5825278460979462,0.5083333253860474,0.5,0.6625,0.6708333492279053,0.8333333432674408,60.0
60.0,15.0,0.4845765233039856,0.8916666805744171,0.5,0.4041666666666667,0.7958333492279053,0.699999988079071,60.0
60.0,16.0,0.5047111809253693,0.7833333313465118,0.5,0.4458333333333333,0.7291666865348816,0.6749999821186066,60.0
60.0,17.0,0.43720799684524536,0.9416666626930237,0.5,0.375,0.8166666626930237,0.6916666626930237,60.0
60.0,18.0,0.40742042660713196,1.0,0.5,0.32499999999999996,0.8250000178813934,0.6500000059604645,60.0
60.0,19.0,0.4783250689506531,0.6583333313465118,0.5,0.5875,0.7458333373069763,0.8333333432674408,60.0
60.0,20.0,1.2757695317268372,0.09166666865348816,0.5,0.8875,0.4791666716337204,0.8666666746139526,60.0
60.0,21.0,0.6530186235904694,0.46666666865348816,0.5,0.6375,0.6041666567325592,0.7416666746139526,60.0
60.0,22.0,0.4331497997045517,0.9749999940395355,0.5,0.32916666666666666,0.8041666746139526,0.6333333551883698,60.0
60.0,23.0,0.44888247549533844,1.0,0.5,0.2833333333333333,0.7833333313465118,0.5666666924953461,60.0
60.0,24.0,0.4635099321603775,1.0,0.5,0.2583333333333333,0.7583333551883698,0.5166666656732559,60.0
60.0,25.0,0.6847588121891022,0.6416666507720947,0.5,0.5458333333333334,0.6875,0.7333333492279053,60.0
60.0,26.0,0.4322388768196106,0.8583333194255829,0.5,0.48333333333333334,0.8416666686534882,0.8250000178813934,60.0
60.0,27.0,0.3907766491174698,0.8083333373069763,0.5,0.5333333333333333,0.8416666686534882,0.875,60.0
60.0,28.0,0.8896705210208893,0.32500000298023224,0.5,0.7791666666666666,0.6041666865348816,0.8833333253860474,60.0
60.0,29.0,0.5900632739067078,0.6166666746139526,0.5,0.6166666666666667,0.7333333194255829,0.8500000238418579,60.0
60.0,30.0,0.5663835406303406,0.625,0.5,0.5916666666666667,0.7166666686534882,0.8083333373069763,60.0
60.0,31.0,0.49657438695430756,0.8250000178813934,0.5,0.4666666666666667,0.7916666865348816,0.7583333551883698,60.0
60.0,32.0,0.38038991391658783,0.9416666626930237,0.5,0.4083333333333333,0.8499999940395355,0.7583333253860474,60.0
60.0,33.0,0.48444393277168274,0.8250000178813934,0.5,0.4666666666666667,0.7916666865348816,0.7583333253860474,60.0
60.0,34.0,0.532406359910965,0.7666666507720947,0.5,0.4791666666666667,0.7458333373069763,0.7249999940395355,60.0
60.0,35.0,0.5008123815059662,0.9000000059604645,0.5,0.4,0.7999999821186066,0.699999988079071,60.0
60.0,36.0,0.490163192152977,0.8083333373069763,0.5,0.4666666666666667,0.7750000059604645,0.7416666746139526,60.0
60.0,37.0,0.4755999445915222,0.9166666567325592,0.5,0.4,0.8166666626930237,0.7166666388511658,60.0
60.0,38.0,0.452906534075737,0.9333333373069763,0.5,0.4166666666666667,0.8499999940395355,0.7666666805744171,60.0
60.0,39.0,0.5131432563066483,0.6333333253860474,0.5,0.6,0.7333333194255829,0.8333333432674408,60.0
60.0,40.0,0.3870295137166977,0.9000000059604645,0.5,0.45416666666666666,0.8541666567325592,0.8083333373069763,60.0
60.0,41.0,0.42874743044376373,0.7666666507720947,0.5,0.5249999999999999,0.7916666567325592,0.8166666924953461,60.0
60.0,42.0,0.41347065567970276,0.8500000238418579,0.5,0.44999999999999996,0.800000011920929,0.75,60.0
60.0,43.0,0.4399235099554062,0.7833333313465118,0.5,0.5,0.7833333313465118,0.7833333313465118,60.0
60.0,44.0,0.46288231015205383,0.7166666388511658,0.5,0.525,0.7416666746139526,0.7666666805744171,60.0
60.0,45.0,0.37247467041015625,0.9166666567325592,0.5,0.4291666666666667,0.8458333313465118,0.7750000059604645,60.0
60.0,46.0,0.3537296652793884,0.8833333551883698,0.5,0.45416666666666666,0.8375000059604645,0.7916666567325592,60.0
60.0,47.0,0.5786485970020294,0.4749999940395355,0.5,0.6833333333333333,0.6583333313465118,0.8416666686534882,60.0
60.0,48.0,0.7859633266925812,0.4416666626930237,0.5,0.6875,0.6291666626930237,0.8166666626930237,60.0
60.0,49.0,0.5895382165908813,0.7166666686534882,0.5,0.48333333333333334,0.699999988079071,0.6833333373069763,60.0
60.0,50.0,0.7042378187179565,0.7083333432674408,0.5,0.44999999999999996,0.6583333313465118,0.6083333492279053,60.0
60.0,51.0,0.6771350502967834,0.9083333313465118,0.5,0.2625,0.6708333194255829,0.4333333224058151,60.0
60.0,52.0,0.7136244773864746,0.5833333432674408,0.5,0.4458333333333333,0.5291666686534882,0.4749999940395355,60.0
60.0,53.0,0.5432793498039246,0.8500000238418579,0.5,0.4041666666666667,0.7541666626930237,0.6583333313465118,60.0
60.0,54.0,0.6064829528331757,0.6083333194255829,0.5,0.5291666666666667,0.6375000178813934,0.6666666567325592,60.0
60.0,55.0,0.6027064025402069,0.6416666507720947,0.5,0.5458333333333334,0.6875,0.7333333492279053,60.0
60.0,56.0,0.6470182836055756,0.4583333283662796,0.5,0.675,0.6333333253860474,0.8083333373069763,60.0
60.0,57.0,0.4442611336708069,0.7833333611488342,0.5,0.5208333333333334,0.8041666746139526,0.824999988079071,60.0
60.0,58.0,0.4090145081281662,0.9000000059604645,0.5,0.4583333333333333,0.8583333194255829,0.8166666626930237,60.0
60.0,59.0,0.6178866922855377,0.5833333432674408,0.5,0.6166666666666667,0.699999988079071,0.8166666626930237,60.0
60.0,60.0,0.4072047024965286,0.9416666626930237,0.5,0.4166666666666667,0.8583333492279053,0.7750000059604645,60.0
60.0,61.0,0.524179682135582,0.6666666567325592,0.5,0.5791666666666666,0.7458333373069763,0.824999988079071,60.0
60.0,62.0,0.4603387862443924,0.9583333134651184,0.5,0.37083333333333335,0.8291666507720947,0.699999988079071,60.0
60.0,63.0,0.48894552886486053,0.8499999940395355,0.5,0.42500000000000004,0.7750000059604645,0.699999988079071,60.0
60.0,64.0,0.4642001539468765,0.8583333194255829,0.5,0.48333333333333334,0.8416666686534882,0.8250000178813934,60.0
60.0,65.0,0.5046847760677338,0.675000011920929,0.5,0.5541666666666667,0.7291666567325592,0.7833333313465118,60.0
60.0,66.0,0.39374756813049316,0.9583333134651184,0.5,0.3833333333333333,0.8416666388511658,0.7249999940395355,60.0
60.0,67.0,0.4717704653739929,0.8333333432674408,0.5,0.4625,0.7958333194255829,0.7583333253860474,60.0
60.0,68.0,0.3150123208761215,1.0,0.5,0.37916666666666665,0.8791666626930237,0.7583333253860474,60.0
60.0,69.0,0.3074910342693329,0.9666666686534882,0.5,0.4375,0.9041666686534882,0.8416666686534882,60.0
60.0,70.0,0.31308887898921967,0.9916666746139526,0.5,0.4458333333333333,0.9375,0.8833333253860474,60.0
60.0,71.0,0.31490203738212585,0.9083333313465118,0.5,0.4916666666666667,0.8999999761581421,0.8916666507720947,60.0
60.0,72.0,0.6994805335998535,0.3916666656732559,0.5,0.7416666666666667,0.6333333253860474,0.875,60.0
60.0,73.0,0.4938983917236328,0.7249999940395355,0.5,0.5208333333333334,0.7458333373069763,0.7666666805744171,60.0
60.0,74.0,0.3961040824651718,1.0,0.5,0.3375,0.8375000059604645,0.6749999821186066,60.0
60.0,75.0,0.3964168131351471,0.8333333432674408,0.5,0.4666666666666667,0.800000011920929,0.7666666805744171,60.0
60.0,76.0,0.41481421887874603,0.9000000059604645,0.5,0.4291666666666667,0.8291666805744171,0.7583333253860474,60.0
60.0,77.0,0.659325361251831,0.6583333313465118,0.5,0.5375,0.6958333551883698,0.7333333194255829,60.0
60.0,78.0,0.7004065811634064,0.5166666805744171,0.5,0.6375,0.6541666686534882,0.7916666865348816,60.0
60.0,79.0,0.6597137749195099,0.6583333313465118,0.5,0.5291666666666667,0.6875,0.7166666686534882,60.0
60.0,80.0,0.41362498700618744,0.9833333194255829,0.5,0.3625,0.8458333313465118,0.7083333134651184,60.0
60.0,81.0,0.3752378821372986,0.9666666686534882,0.5,0.3875,0.8541666865348816,0.7416666746139526,60.0
60.0,82.0,0.5067037045955658,0.6583333313465118,0.5,0.6125,0.7708333432674408,0.8833333551883698,60.0
60.0,83.0,0.5267282426357269,0.7583333253860474,0.5,0.5208333333333334,0.7791666686534882,0.800000011920929,60.0
60.0,84.0,0.5847106277942657,0.5416666865348816,0.5,0.6375,0.6791666746139526,0.8166666626930237,60.0
60.0,85.0,0.3924419581890106,0.8166666626930237,0.5,0.4916666666666667,0.8083333373069763,0.800000011920929,60.0
60.0,86.0,0.48964835703372955,0.7249999940395355,0.5,0.5125,0.7374999821186066,0.75,60.0
60.0,87.0,0.5088988691568375,0.8499999940395355,0.5,0.4375,0.7874999940395355,0.7249999940395355,60.0
60.0,88.0,0.4137400835752487,0.9083333313465118,0.5,0.4458333333333333,0.8541666567325592,0.7999999821186066,60.0
60.0,89.0,0.35644595324993134,1.0,0.5,0.3833333333333333,0.8833333253860474,0.7666666805744171,60.0
60.0,90.0,0.41431598365306854,0.9000000059604645,0.5,0.4,0.7999999821186066,0.7000000178813934,60.0
60.0,91.0,0.41509363055229187,0.7416666746139526,0.5,0.5666666666666667,0.8083333373069763,0.875,60.0
60.0,92.0,0.4454464614391327,0.7249999940395355,0.5,0.5916666666666667,0.8166666924953461,0.9083333313465118,60.0
60.0,93.0,0.6048328876495361,0.4749999940395355,0.5,0.7083333333333333,0.6833333373069763,0.8916666805744171,60.0
60.0,94.0,0.3553493022918701,0.9333333075046539,0.5,0.4125,0.8458333313465118,0.7583333253860474,60.0
60.0,95.0,0.5669015049934387,0.7333333492279053,0.5,0.48333333333333334,0.7166666686534882,0.7000000178813934,60.0
60.0,96.0,0.48478609323501587,0.8583333194255829,0.5,0.43333333333333335,0.7916666865348816,0.7249999940395355,60.0
60.0,97.0,0.5043783932924271,0.7583333551883698,0.5,0.5083333333333333,0.7666666805744171,0.7750000059604645,60.0
60.0,98.0,0.5195219814777374,0.7666666507720947,0.5,0.5041666666666667,0.7708333432674408,0.7750000059604645,60.0
60.0,99.0,0.563215896487236,0.6416666507720947,0.5,0.5583333333333333,0.7000000178813934,0.7583333253860474,60.0
60.0,100.0,0.6242192089557648,0.6166666746139526,0.5,0.5458333333333334,0.6625000238418579,0.7083333432674408,60.0
60.0,101.0,0.6359810829162598,0.6166666746139526,0.5,0.5375,0.6541666686534882,0.6916666626930237,60.0
60.0,102.0,0.4272197037935257,0.9083333313465118,0.5,0.4125,0.8208333253860474,0.7333333492279053,60.0
60.0,103.0,0.3917530030012131,0.9083333313465118,0.5,0.42083333333333334,0.8291666507720947,0.75,60.0
60.0,104.0,0.35338377952575684,0.9416666626930237,0.5,0.425,0.8666666746139526,0.7916666567325592,60.0
60.0,105.0,0.4110267609357834,0.6833333075046539,0.5,0.6083333333333334,0.7916666567325592,0.8999999761581421,60.0
60.0,106.0,0.3745960593223572,0.8083333373069763,0.5,0.5583333333333333,0.8666666746139526,0.9249999821186066,60.0
60.0,107.0,0.6074995994567871,0.3916666656732559,0.5,0.7416666666666667,0.6333333253860474,0.875,60.0
60.0,108.0,0.5063483119010925,0.7416666746139526,0.5,0.5625,0.8041666746139526,0.8666666448116302,60.0
60.0,109.0,0.4852757453918457,0.8333333432674408,0.5,0.4125,0.7458333075046539,0.6583333313465118,60.0
60.0,110.0,0.4574190080165863,0.9416666626930237,0.5,0.3583333333333333,0.7999999821186066,0.6583333313465118,60.0
60.0,111.0,0.5725150406360626,0.6666666567325592,0.5,0.5541666666666667,0.7208333313465118,0.7750000059604645,60.0
60.0,112.0,0.5571551620960236,0.7000000178813934,0.5,0.5166666666666666,0.7166666686534882,0.7333333194255829,60.0
60.0,113.0,0.30860449373722076,0.9500000178813934,0.5,0.4375,0.887499988079071,0.8250000178813934,60.0
60.0,114.0,0.7241382300853729,0.42499999701976776,0.5,0.7208333333333333,0.6458333134651184,0.8666666448116302,60.0
60.0,115.0,0.5454233586788177,0.6166666448116302,0.5,0.6041666666666666,0.7208333313465118,0.8250000178813934,60.0
60.0,116.0,0.4944916069507599,0.7250000238418579,0.5,0.5083333333333333,0.7333333492279053,0.7416666746139526,60.0
60.0,117.0,0.7473134398460388,0.574999988079071,0.5,0.5416666666666666,0.6166666746139526,0.6583333313465118,60.0
60.0,118.0,0.5647329986095428,0.7666666507720947,0.5,0.4583333333333333,0.7249999940395355,0.6833333373069763,60.0
60.0,119.0,0.5903531610965729,0.7249999940395355,0.5,0.49583333333333335,0.7208333313465118,0.7166666686534882,60.0
60.0,120.0,0.4734017550945282,0.7749999761581421,0.5,0.5,0.7750000059604645,0.7750000059604645,60.0
60.0,121.0,0.49982427060604095,0.6916666626930237,0.5,0.5291666666666667,0.7208333313465118,0.75,60.0
60.0,122.0,0.4731370061635971,0.7750000059604645,0.5,0.48750000000000004,0.762499988079071,0.75,60.0
60.0,123.0,0.4706747829914093,0.8166666924953461,0.5,0.4625,0.7791666686534882,0.7416666746139526,60.0
60.0,124.0,0.5030636191368103,0.7916666567325592,0.5,0.475,0.7666666805744171,0.7416666448116302,60.0
60.0,125.0,0.4816915988922119,0.7833333313465118,0.5,0.48333333333333334,0.7666666805744171,0.75,60.0
60.0,126.0,0.3227998614311218,0.9416666626930237,0.5,0.4375,0.8791666626930237,0.8166666626930237,60.0
60.0,127.0,0.4185800701379776,0.8499999940395355,0.5,0.4875,0.8375000059604645,0.824999988079071,60.0
60.0,128.0,0.3121913820505142,0.9166666865348816,0.5,0.48333333333333334,0.9000000059604645,0.8833333551883698,60.0
60.0,129.0,0.41633518040180206,0.75,0.5,0.5458333333333334,0.7958333194255829,0.8416666686534882,60.0
60.0,130.0,0.3248193711042404,0.8666666746139526,0.5,0.525,0.8916666507720947,0.9166666865348816,60.0
60.0,131.0,0.44886548817157745,0.6666666865348816,0.5,0.5916666666666666,0.7583333253860474,0.8499999940395355,60.0
60.0,132.0,0.5030816048383713,0.6749999821186066,0.5,0.5458333333333334,0.7208333313465118,0.7666666805744171,60.0
60.0,133.0,0.48968714475631714,0.8583333194255829,0.5,0.4041666666666667,0.762499988079071,0.6666666865348816,60.0
60.0,134.0,0.5229692310094833,0.8499999940395355,0.5,0.39166666666666666,0.7416666448116302,0.6333333253860474,60.0
60.0,135.0,0.4823397248983383,0.8166666626930237,0.5,0.4625,0.7791666686534882,0.7416666448116302,60.0
60.0,136.0,0.32692012190818787,0.8416666686534882,0.5,0.5083333333333333,0.8499999940395355,0.8583333194255829,60.0
60.0,137.0,0.3417583107948303,0.7916666567325592,0.5,0.5583333333333333,0.8499999940395355,0.9083333313465118,60.0
60.0,138.0,0.4496699869632721,0.6916666626930237,0.5,0.6166666666666667,0.8083333373069763,0.9249999821186066,60.0
60.0,139.0,0.34819771349430084,0.875,0.5,0.4791666666666667,0.8541666865348816,0.8333333432674408,60.0
60.0,140.0,0.3884988874197006,0.8916666507720947,0.5,0.4375,0.8291666805744171,0.7666666805744171,60.0
60.0,141.0,0.36790040135383606,0.875,0.5,0.48333333333333334,0.8583333492279053,0.8416666686534882,60.0
60.0,142.0,0.3833649009466171,0.9083333313465118,0.5,0.4375,0.8458333313465118,0.7833333611488342,60.0
60.0,143.0,0.26248282939195633,0.9000000059604645,0.5,0.4875,0.887499988079071,0.875,60.0
60.0,144.0,0.3612409234046936,0.7166666686534882,0.5,0.6083333333333334,0.824999988079071,0.9333333075046539,60.0
60.0,145.0,0.41823650896549225,0.6916666626930237,0.5,0.6166666666666667,0.8083333373069763,0.9249999821186066,60.0
60.0,146.0,0.44944414496421814,0.7249999940395355,0.5,0.5625,0.7875000238418579,0.8499999940395355,60.0
60.0,147.0,0.48753194510936737,0.8166666626930237,0.5,0.45833333333333337,0.7750000059604645,0.7333333492279053,60.0
60.0,148.0,0.5804758071899414,0.8083333373069763,0.5,0.3958333333333333,0.7041666507720947,0.5999999791383743,60.0
60.0,149.0,0.5175593495368958,0.8083333373069763,0.5,0.4625,0.7708333134651184,0.7333333492279053,60.0
60.0,150.0,0.35166405141353607,0.9000000059604645,0.5,0.45416666666666666,0.8541666567325592,0.8083333373069763,60.0
60.0,151.0,0.2590223476290703,0.9583333432674408,0.5,0.44166666666666665,0.9000000059604645,0.8416666686534882,60.0
60.0,152.0,0.3181428909301758,0.75,0.5,0.5958333333333333,0.8458333313465118,0.9416666626930237,60.0
60.0,153.0,0.31848905980587006,0.8166666924953461,0.5,0.575,0.8916666805744171,0.9666666388511658,60.0
60.0,154.0,0.244498573243618,0.8583333492279053,0.5,0.5333333333333333,0.8916666805744171,0.925000011920929,60.0
60.0,155.0,0.3163604736328125,0.8916666507720947,0.5,0.475,0.8666666746139526,0.8416666686534882,60.0
60.0,156.0,0.6808004081249237,0.6166666746139526,0.5,0.5916666666666667,0.7083333134651184,0.800000011920929,60.0
60.0,157.0,0.32581809163093567,0.9000000059604645,0.5,0.4583333333333333,0.8583333492279053,0.8166666626930237,60.0
60.0,158.0,0.45247694849967957,0.8833333253860474,0.5,0.4166666666666667,0.800000011920929,0.7166666686534882,60.0
60.0,159.0,0.3794226050376892,0.9333333075046539,0.5,0.39583333333333337,0.8291666507720947,0.7249999940395355,60.0
60.0,160.0,0.2988821864128113,0.9083333313465118,0.5,0.44166666666666665,0.8499999940395355,0.7916666865348816,60.0
60.0,161.0,0.4402196556329727,0.7416666746139526,0.5,0.5875,0.8291666805744171,0.9166666865348816,60.0
60.0,162.0,0.5248056948184967,0.5833333432674408,0.5,0.6708333333333334,0.7541666626930237,0.9249999821186066,60.0
60.0,163.0,0.6220287978649139,0.45000000298023224,0.5,0.6916666666666667,0.6416666507720947,0.8333333134651184,60.0
60.0,164.0,0.5281162261962891,0.7083333134651184,0.5,0.5083333333333333,0.7166666686534882,0.7249999940395355,60.0
60.0,165.0,0.413526251912117,1.0,0.5,0.3,0.7999999821186066,0.6000000238418579,60.0
60.0,166.0,0.3441888689994812,1.0,0.5,0.35833333333333334,0.8583333492279053,0.7166666686534882,60.0
60.0,167.0,0.27686598896980286,0.9000000059604645,0.5,0.49583333333333335,0.8958333134651184,0.8916666805744171,60.0
60.0,168.0,0.4100286364555359,0.6666666567325592,0.5,0.6333333333333333,0.800000011920929,0.9333333075046539,60.0
60.0,169.0,0.5796261131763458,0.5333333313465118,0.5,0.7124999999999999,0.7458333373069763,0.9583333134651184,60.0
60.0,170.0,0.42273975908756256,0.7249999940395355,0.5,0.6041666666666666,0.8291666805744171,0.9333333373069763,60.0
60.0,171.0,0.35713014006614685,0.824999988079071,0.5,0.5166666666666667,0.8416666686534882,0.8583333492279053,60.0
60.0,172.0,0.4227808117866516,0.7916666567325592,0.5,0.4708333333333333,0.762499988079071,0.7333333492279053,60.0
60.0,173.0,0.4238434135913849,0.9416666626930237,0.5,0.37083333333333335,0.8125,0.6833333373069763,60.0
60.0,174.0,0.4220617860555649,0.8583333492279053,0.5,0.4125,0.7708333432674408,0.6833333075046539,60.0
60.0,175.0,0.28717851638793945,0.9166666567325592,0.5,0.4708333333333333,0.8875000178813934,0.8583333492279053,60.0
60.0,176.0,0.26586639881134033,0.8916666507720947,0.5,0.525,0.9166666865348816,0.9416666626930237,60.0
60.0,177.0,0.3541698604822159,0.6666666567325592,0.5,0.6541666666666667,0.8208333253860474,0.9749999940395355,60.0
60.0,178.0,0.2821808084845543,0.824999988079071,0.5,0.5666666666666667,0.8916666805744171,0.9583333134651184,60.0
60.0,179.0,0.3057754188776016,0.7999999821186066,0.5,0.5583333333333333,0.8583333492279053,0.9166666567325592,60.0
60.0,180.0,0.34500840306282043,0.8416666686534882,0.5,0.5041666666666667,0.8458333313465118,0.8499999940395355,60.0
60.0,181.0,0.3481350690126419,0.8916666805744171,0.5,0.4458333333333333,0.8375000059604645,0.7833333313465118,60.0
60.0,182.0,0.5018905848264694,0.7250000238418579,0.5,0.5291666666666667,0.7541666626930237,0.7833333313465118,60.0
60.0,183.0,0.38976967334747314,0.8666666746139526,0.5,0.45,0.8166666626930237,0.7666666805744171,60.0
60.0,184.0,0.3413357585668564,0.9916666746139526,0.5,0.37083333333333335,0.862500011920929,0.7333333492279053,60.0
60.0,185.0,0.39667320251464844,0.7999999821186066,0.5,0.5375,0.8375000059604645,0.875,60.0
60.0,186.0,0.30441831052303314,0.8416666686534882,0.5,0.5208333333333333,0.8624999821186066,0.8833333253860474,60.0
60.0,187.0,0.2159666121006012,0.9666666388511658,0.5,0.48333333333333334,0.949999988079071,0.9333333373069763,60.0
60.0,188.0,0.2918750196695328,0.7083333432674408,0.5,0.6041666666666667,0.8125,0.9166666567325592,60.0
60.0,189.0,0.3619583249092102,0.7666666805744171,0.5,0.5583333333333333,0.8250000178813934,0.8833333253860474,60.0
60.0,190.0,0.4011729508638382,0.824999988079071,0.5,0.5083333333333333,0.8333333432674408,0.8416666686534882,60.0
60.0,191.0,0.41548313200473785,0.8499999940395355,0.5,0.45833333333333337,0.8083333373069763,0.7666666507720947,60.0
60.0,192.0,0.4720745235681534,0.7583333253860474,0.5,0.5083333333333333,0.7666666805744171,0.7750000059604645,60.0
60.0,193.0,0.37012456357479095,0.9333333373069763,0.5,0.4,0.8333333432674408,0.7333333194255829,60.0
60.0,194.0,0.24903855472803116,0.9749999940395355,0.5,0.4291666666666667,0.9041666686534882,0.8333333432674408,60.0
60.0,195.0,0.2431817129254341,0.8666666746139526,0.5,0.5166666666666666,0.8833333253860474,0.8999999761581421,60.0
60.0,196.0,0.336670458316803,0.6916666626930237,0.5,0.6000000000000001,0.7916666567325592,0.8916666507720947,60.0
60.0,197.0,0.4698233902454376,0.6666666567325592,0.5,0.625,0.7916666567325592,0.9166666567325592,60.0
60.0,198.0,0.3897247016429901,0.7166666686534882,0.5,0.5958333333333333,0.8125,0.9083333313465118,60.0
60.0,199.0,0.3548303544521332,0.824999988079071,0.5,0.5041666666666667,0.8291666805744171,0.8333333134651184,60.0
60.0,200.0,0.45962172746658325,0.7916666865348816,0.5,0.475,0.7666666507720947,0.7416666746139526,60.0
60.0,201.0,0.5327572226524353,0.8416666686534882,0.5,0.4125,0.7541666626930237,0.6666666567325592,60.0
60.0,202.0,0.27764126658439636,0.9333333373069763,0.5,0.45833333333333337,0.8916666507720947,0.8499999940395355,60.0
60.0,203.0,0.4454457461833954,0.7916666865348816,0.5,0.55,0.8416666686534882,0.8916666805744171,60.0
60.0,204.0,0.5167233794927597,0.5833333432674408,0.5,0.6375,0.7208333313465118,0.8583333492279053,60.0
60.0,205.0,0.266188882291317,0.8833333253860474,0.5,0.5125,0.8958333134651184,0.9083333313465118,60.0
60.0,206.0,0.23090113699436188,0.9333333075046539,0.5,0.49583333333333335,0.9291666746139526,0.925000011920929,60.0
60.0,207.0,0.4326058477163315,0.7249999940395355,0.5,0.5916666666666667,0.8166666626930237,0.9083333313465118,60.0
60.0,208.0,0.41370469331741333,0.6916666626930237,0.5,0.5833333333333333,0.7749999761581421,0.8583333194255829,60.0
60.0,209.0,0.41351455450057983,0.8166666626930237,0.5,0.48750000000000004,0.8041666746139526,0.7916666567325592,60.0
60.0,210.0,0.5149450451135635,0.8333333134651184,0.5,0.42500000000000004,0.7583333551883698,0.6833333373069763,60.0
60.0,211.0,0.38238927721977234,0.8916666805744171,0.5,0.43333333333333335,0.824999988079071,0.7583333253860474,60.0
60.0,212.0,0.3709627091884613,0.7916666567325592,0.5,0.5,0.7916666567325592,0.7916666865348816,60.0
60.0,213.0,0.4276200383901596,0.6166666746139526,0.5,0.6583333333333333,0.7750000059604645,0.9333333373069763,60.0
60.0,214.0,0.3693915158510208,0.6916666626930237,0.5,0.6041666666666667,0.7958333492279053,0.9000000059604645,60.0
60.0,215.0,0.4453442692756653,0.6833333373069763,0.5,0.6208333333333333,0.8041666746139526,0.9249999821186066,60.0
60.0,216.0,0.32223281264305115,0.875,0.5,0.47916666666666663,0.8541666567325592,0.8333333432674408,60.0
60.0,217.0,0.3898973762989044,0.875,0.5,0.44166666666666665,0.8166666626930237,0.7583333253860474,60.0
60.0,218.0,0.3796238303184509,0.9000000059604645,0.5,0.4458333333333333,0.8458333313465118,0.7916666567325592,60.0
60.0,219.0,0.31262341141700745,0.9000000059604645,0.5,0.45833333333333337,0.8583333194255829,0.8166666626930237,60.0
60.0,220.0,0.34475767612457275,0.7666666805744171,0.5,0.5541666666666667,0.8208333253860474,0.875,60.0
60.0,221.0,0.2683936655521393,0.8916666805744171,0.5,0.5125,0.9041666686534882,0.9166666567325592,60.0
60.0,222.0,0.48395246267318726,0.6583333313465118,0.5,0.5958333333333333,0.7541666924953461,0.8499999940395355,60.0
60.0,223.0,0.29928943514823914,0.824999988079071,0.5,0.5333333333333333,0.8583333492279053,0.8916666805744171,60.0
60.0,224.0,0.33258354663848877,0.8250000178813934,0.5,0.5166666666666666,0.8416666686534882,0.8583333492279053,60.0
60.0,225.0,0.3522994816303253,0.8916666507720947,0.5,0.4708333333333333,0.862500011920929,0.8333333432674408,60.0
60.0,226.0,0.28323742747306824,0.8833333551883698,0.5,0.4833333333333333,0.8666666448116302,0.8499999940395355,60.0
60.0,227.0,0.2516596391797066,0.875,0.5,0.5125,0.887499988079071,0.9000000059604645,60.0
60.0,228.0,0.28116971254348755,0.8333333432674408,0.5,0.5208333333333333,0.8541666567325592,0.875,60.0
60.0,229.0,0.26718563586473465,0.8416666686534882,0.5,0.5375000000000001,0.8791666626930237,0.9166666865348816,60.0
60.0,230.0,0.338235080242157,0.7583333253860474,0.5,0.5666666666666667,0.8250000178813934,0.8916666507720947,60.0
60.0,231.0,0.46698980033397675,0.7083333432674408,0.5,0.5375,0.7458333373069763,0.7833333611488342,60.0
60.0,232.0,0.3648785948753357,0.8500000238418579,0.5,0.4833333333333333,0.8333333432674408,0.8166666626930237,60.0
60.0,233.0,0.29569318890571594,0.9583333134651184,0.5,0.3833333333333333,0.8416666686534882,0.7249999940395355,60.0
60.0,234.0,0.41438841819763184,0.6416666507720947,0.5,0.6125,0.7541666626930237,0.8666666746139526,60.0
60.0,235.0,0.2781464755535126,0.7916666865348816,0.5,0.5708333333333333,0.862500011920929,0.9333333373069763,60.0
60.0,236.0,0.2666034400463104,0.7750000059604645,0.5,0.5833333333333333,0.8583333194255829,0.9416666626930237,60.0
60.0,237.0,0.21984520554542542,0.9000000059604645,0.5,0.5291666666666667,0.9291666746139526,0.9583333134651184,60.0
60.0,238.0,0.23425209522247314,0.8499999940395355,0.5,0.5375,0.887499988079071,0.9249999821186066,60.0
60.0,239.0,0.41727009415626526,0.7416666746139526,0.5,0.5625,0.8041666746139526,0.8666666448116302,60.0
60.0,240.0,0.310354620218277,0.8583333194255829,0.5,0.5041666666666667,0.862500011920929,0.8666666448116302,60.0
60.0,241.0,0.5071801841259003,0.8083333373069763,0.5,0.5166666666666666,0.8250000178813934,0.8416666686534882,60.0
60.0,242.0,0.3829216808080673,0.8833333551883698,0.5,0.4708333333333333,0.8541666567325592,0.824999988079071,60.0
60.0,243.0,0.3228653222322464,0.9083333313465118,0.5,0.45833333333333337,0.8666666746139526,0.824999988079071,60.0
60.0,244.0,0.2732628881931305,0.8333333432674408,0.5,0.5291666666666667,0.862500011920929,0.8916666507720947,60.0
60.0,245.0,0.24755732715129852,0.9249999821186066,0.5,0.4916666666666667,0.9166666567325592,0.9083333313465118,60.0
60.0,246.0,0.5360265374183655,0.7083333432674408,0.5,0.5708333333333333,0.7791666686534882,0.8499999940395355,60.0
60.0,247.0,0.30649329721927643,0.925000011920929,0.5,0.47916666666666663,0.9041666686534882,0.8833333253860474,60.0
60.0,248.0,0.33171920478343964,0.8499999940395355,0.5,0.5083333333333333,0.8583333194255829,0.8666666746139526,60.0
60.0,249.0,0.5362809598445892,0.7083333134651184,0.5,0.5249999999999999,0.7333333194255829,0.7583333253860474,60.0
60.0,250.0,0.5696029365062714,0.6583333313465118,0.5,0.5833333333333334,0.7416666746139526,0.824999988079071,60.0
60.0,251.0,0.4825700670480728,0.8083333075046539,0.5,0.47916666666666663,0.7875000238418579,0.7666666805744171,60.0
60.0,252.0,0.3076837807893753,0.9416666626930237,0.5,0.39583333333333337,0.8375000059604645,0.7333333194255829,60.0
60.0,253.0,0.3163064271211624,0.8499999940395355,0.5,0.5208333333333334,0.8708333373069763,0.8916666805744171,60.0
60.0,254.0,0.27680137753486633,0.75,0.5,0.6041666666666667,0.8541666567325592,0.9583333134651184,60.0
60.0,255.0,0.3792276233434677,0.7249999940395355,0.5,0.6208333333333333,0.8458333313465118,0.9666666686534882,60.0
60.0,256.0,0.40365372598171234,0.7166666686534882,0.5,0.6125,0.8291666805744171,0.9416666626930237,60.0
60.0,257.0,0.42991305887699127,0.625,0.5,0.6416666666666666,0.7666666805744171,0.9083333313465118,60.0
60.0,258.0,0.42599348723888397,0.7666666805744171,0.5,0.5125,0.7791666686534882,0.7916666567325592,60.0
60.0,259.0,0.3094841092824936,0.9916666746139526,0.5,0.375,0.8666666746139526,0.7416666746139526,60.0
60.0,260.0,0.40777039527893066,0.7416666746139526,0.5,0.5333333333333333,0.7749999761581421,0.8083333373069763,60.0
60.0,261.0,0.4135950207710266,0.7333333194255829,0.5,0.55,0.7833333313465118,0.8333333432674408,60.0
60.0,262.0,0.28497137129306793,0.8666666746139526,0.5,0.5166666666666666,0.8833333253860474,0.9000000059604645,60.0
60.0,263.0,0.28415966033935547,0.8333333432674408,0.5,0.5416666666666667,0.875,0.9166666567325592,60.0
60.0,264.0,0.41585589945316315,0.6083333194255829,0.5,0.6666666666666666,0.7750000059604645,0.9416666626930237,60.0
60.0,265.0,0.3515073210000992,0.6916666626930237,0.5,0.5958333333333333,0.7874999940395355,0.8833333253860474,60.0
60.0,266.0,0.5058428645133972,0.6916666626930237,0.5,0.5625,0.7541666626930237,0.8166666626930237,60.0
60.0,267.0,0.4147200584411621,0.9166666865348816,0.5,0.39583333333333337,0.8125,0.7083333134651184,60.0
60.0,268.0,0.28975246846675873,0.8916666805744171,0.5,0.4708333333333333,0.8624999821186066,0.8333333432674408,60.0
60.0,269.0,0.4214090555906296,0.800000011920929,0.5,0.5,0.800000011920929,0.800000011920929,60.0
60.0,270.0,0.42598772048950195,0.7166666686534882,0.5,0.6,0.8166666626930237,0.9166666567325592,60.0
60.0,271.0,0.3484214097261429,0.7583333551883698,0.5,0.5708333333333333,0.8291666805744171,0.9000000059604645,60.0
60.0,272.0,0.32987113296985626,0.75,0.5,0.5916666666666666,0.8416666686534882,0.9333333075046539,60.0
60.0,273.0,0.28817564249038696,0.8500000238418579,0.5,0.5041666666666667,0.8541666567325592,0.8583333194255829,60.0
60.0,274.0,0.32803888618946075,0.8833333253860474,0.5,0.475,0.8583333194255829,0.8333333432674408,60.0
60.0,275.0,0.39585064351558685,0.7750000059604645,0.5,0.5291666666666667,0.8041666746139526,0.8333333432674408,60.0
60.0,276.0,0.39289766550064087,0.8499999940395355,0.5,0.475,0.824999988079071,0.800000011920929,60.0
60.0,277.0,0.4216129034757614,0.7916666865348816,0.5,0.5375000000000001,0.8291666507720947,0.8666666746139526,60.0
60.0,278.0,0.29545071721076965,0.8166666626930237,0.5,0.5333333333333333,0.8499999940395355,0.8833333253860474,60.0
60.0,279.0,0.29955409467220306,0.8416666686534882,0.5,0.5125,0.8541666865348816,0.8666666746139526,60.0
60.0,280.0,0.3575499951839447,0.7416666746139526,0.5,0.5958333333333333,0.8375000059604645,0.9333333075046539,60.0
60.0,281.0,0.308834046125412,0.8833333253860474,0.5,0.49583333333333335,0.8791666626930237,0.875,60.0
60.0,282.0,0.3563475161790848,0.8416666686534882,0.5,0.4666666666666667,0.8083333373069763,0.7750000059604645,60.0
60.0,283.0,0.42309506237506866,0.6749999821186066,0.5,0.5791666666666666,0.7541666626930237,0.8333333134651184,60.0
60.0,284.0,0.31499920785427094,0.8916666507720947,0.5,0.4625,0.8541666567325592,0.8166666924953461,60.0
60.0,285.0,0.2816561907529831,0.9583333134651184,0.5,0.45416666666666666,0.9124999940395355,0.8666666746139526,60.0
60.0,286.0,0.4067721515893936,0.7583333551883698,0.5,0.5625,0.8208333253860474,0.8833333253860474,60.0
60.0,287.0,0.36813531816005707,0.699999988079071,0.5,0.6083333333333334,0.8083333373069763,0.9166666865348816,60.0
60.0,288.0,0.46100886166095734,0.5583333373069763,0.5,0.6666666666666667,0.7249999940395355,0.8916666805744171,60.0
60.0,289.0,0.452921599149704,0.7166666686534882,0.5,0.5791666666666666,0.7958333492279053,0.875,60.0
60.0,290.0,0.44107623398303986,0.8666666746139526,0.5,0.4166666666666667,0.7833333313465118,0.699999988079071,60.0
60.0,291.0,0.3940797597169876,0.8499999940395355,0.5,0.43333333333333335,0.7833333611488342,0.7166666686534882,60.0
60.0,292.0,0.27692925930023193,0.9666666686534882,0.5,0.4375,0.9041666686534882,0.8416666686534882,60.0
60.0,293.0,0.24225033819675446,0.8916666507720947,0.5,0.5166666666666667,0.9083333313465118,0.925000011920929,60.0
60.0,294.0,0.22152678668498993,0.7583333551883698,0.5,0.6125,0.8708333373069763,0.9833333492279053,60.0
60.0,295.0,0.3677038252353668,0.5999999940395355,0.5,0.6958333333333333,0.7958333194255829,0.9916666746139526,60.0
60.0,296.0,0.408511146903038,0.5916666686534882,0.5,0.6833333333333333,0.7750000059604645,0.9583333134651184,60.0
60.0,297.0,0.5623335689306259,0.5166666656732559,0.5,0.7166666666666667,0.7333333492279053,0.949999988079071,60.0
60.0,298.0,0.3491319417953491,0.8250000178813934,0.5,0.5416666666666667,0.8666666746139526,0.9083333313465118,60.0
60.0,299.0,0.3257117122411728,0.9916666746139526,0.5,0.37916666666666665,0.8708333373069763,0.75,60.0
60.0,300.0,0.406156525015831,0.9249999821186066,0.5,0.4166666666666667,0.8416666686534882,0.7583333253860474,60.0
60.0,301.0,0.35398609936237335,0.875,0.5,0.4666666666666667,0.8416666686534882,0.8083333373069763,60.0
60.0,302.0,0.3863787204027176,0.7166666686534882,0.5,0.5708333333333333,0.7874999940395355,0.8583333194255829,60.0
60.0,303.0,0.28558897972106934,0.7916666865348816,0.5,0.5666666666666667,0.8583333194255829,0.925000011920929,60.0
60.0,304.0,0.35671333968639374,0.7249999940395355,0.5,0.6083333333333334,0.8333333432674408,0.9416666626930237,60.0
60.0,305.0,0.37695489823818207,0.7750000059604645,0.5,0.5666666666666667,0.8416666686534882,0.9083333313465118,60.0
60.0,306.0,0.33818139135837555,0.7583333551883698,0.5,0.5583333333333333,0.8166666626930237,0.875,60.0
60.0,307.0,0.40859879553318024,0.7333333492279053,0.5,0.5375000000000001,0.7708333432674408,0.8083333373069763,60.0
60.0,308.0,0.2387777641415596,1.0,0.5,0.4041666666666667,0.9041666686534882,0.8083333373069763,60.0
60.0,309.0,0.3000149130821228,0.9583333134651184,0.5,0.41666666666666663,0.875,0.7916666567325592,60.0
60.0,310.0,0.24579376727342606,0.9166666567325592,0.5,0.4833333333333333,0.9000000059604645,0.8833333253860474,60.0
60.0,311.0,0.3240254372358322,0.7833333313465118,0.5,0.5541666666666667,0.8375000059604645,0.8916666805744171,60.0
60.0,312.0,0.3107050955295563,0.7916666865348816,0.5,0.55,0.8416666686534882,0.8916666805744171,60.0
60.0,313.0,0.21347704529762268,0.875,0.5,0.5291666666666667,0.9041666686534882,0.9333333373069763,60.0
60.0,314.0,0.38168129324913025,0.6749999821186066,0.5,0.6083333333333334,0.7833333313465118,0.8916666507720947,60.0
60.0,315.0,0.35160887241363525,0.8333333432674408,0.5,0.49583333333333335,0.8291666805744171,0.8250000178813934,60.0
60.0,316.0,0.2690505012869835,0.8583333194255829,0.5,0.5083333333333333,0.8666666746139526,0.875,60.0
60.0,317.0,0.3813469260931015,0.800000011920929,0.5,0.5208333333333333,0.8208333253860474,0.8416666686534882,60.0
60.0,318.0,0.2764926850795746,0.8333333432674408,0.5,0.5291666666666667,0.862500011920929,0.8916666507720947,60.0
60.0,319.0,0.3438185453414917,0.7166666686534882,0.5,0.5833333333333333,0.7999999821186066,0.8833333253860474,60.0
60.0,320.0,0.40615183115005493,0.7166666686534882,0.5,0.5583333333333333,0.7750000059604645,0.8333333134651184,60.0
60.0,321.0,0.3354106843471527,0.7249999940395355,0.5,0.5791666666666666,0.8041666746139526,0.8833333551883698,60.0
60.0,322.0,0.31191976368427277,0.7916666865348816,0.5,0.5375,0.8291666805744171,0.8666666746139526,60.0
60.0,323.0,0.40245579183101654,0.6583333313465118,0.5,0.5874999999999999,0.7458333373069763,0.8333333432674408,60.0
60.0,324.0,0.2877802103757858,0.7999999821186066,0.5,0.5541666666666667,0.8541666567325592,0.9083333313465118,60.0
60.0,325.0,0.32422782480716705,0.8499999940395355,0.5,0.49583333333333335,0.8458333313465118,0.8416666686534882,60.0
60.0,326.0,0.27348117530345917,0.8916666805744171,0.5,0.475,0.8666666746139526,0.8416666686534882,60.0
60.0,327.0,0.30415332317352295,0.800000011920929,0.5,0.5708333333333333,0.8708333373069763,0.9416666626930237,60.0
60.0,328.0,0.3341519981622696,0.8166666626930237,0.5,0.5166666666666666,0.8333333134651184,0.8500000238418579,60.0
60.0,329.0,0.27372997999191284,0.8416666686534882,0.5,0.5083333333333333,0.8500000238418579,0.8583333492279053,60.0
60.0,330.0,0.45223429799079895,0.6583333611488342,0.5,0.5916666666666667,0.75,0.8416666686534882,60.0
60.0,331.0,0.4071488231420517,0.8166666626930237,0.5,0.4708333333333333,0.7875000238418579,0.7583333253860474,60.0
60.0,332.0,0.27604489028453827,0.9833333194255829,0.5,0.3875,0.8708333373069763,0.7583333253860474,60.0
60.0,333.0,0.2698852941393852,0.9000000059604645,0.5,0.45833333333333337,0.8583333194255829,0.8166666626930237,60.0
60.0,334.0,0.20778268575668335,0.9249999821186066,0.5,0.5041666666666667,0.9291666746139526,0.9333333373069763,60.0
60.0,335.0,0.23909155279397964,0.9333333373069763,0.5,0.4708333333333333,0.9041666686534882,0.875,60.0
60.0,336.0,0.3031623512506485,0.7666666507720947,0.5,0.55,0.8166666626930237,0.8666666746139526,60.0
60.0,337.0,0.3969492167234421,0.6749999821186066,0.5,0.6333333333333333,0.8083333373069763,0.9416666626930237,60.0
60.0,338.0,0.23707979917526245,0.8166666626930237,0.5,0.575,0.8916666507720947,0.9666666388511658,60.0
60.0,339.0,0.22092439979314804,0.9333333373069763,0.5,0.48333333333333334,0.9166666567325592,0.9000000059604645,60.0
60.0,340.0,0.2847614884376526,0.875,0.5,0.4666666666666667,0.8416666686534882,0.8083333373069763,60.0
60.0,341.0,0.24399925768375397,0.9000000059604645,0.5,0.49166666666666664,0.8916666805744171,0.8833333253860474,60.0
60.0,342.0,0.24209453910589218,0.9166666567325592,0.5,0.4916666666666667,0.9083333313465118,0.9000000059604645,60.0
60.0,343.0,0.16709626466035843,0.9583333134651184,0.5,0.4708333333333333,0.9291666746139526,0.8999999761581421,60.0
60.0,344.0,0.22270219773054123,0.8583333194255829,0.5,0.5333333333333333,0.8916666805744171,0.9249999821186066,60.0
60.0,345.0,0.3706672191619873,0.6416666805744171,0.5,0.6291666666666667,0.7708333432674408,0.8999999761581421,60.0
60.0,346.0,0.4987500309944153,0.5750000029802322,0.5,0.6625,0.737500011920929,0.9000000059604645,60.0
60.0,347.0,0.20996124297380447,0.9916666746139526,0.5,0.41666666666666663,0.9083333313465118,0.8250000178813934,60.0
60.0,348.0,0.353268638253212,0.949999988079071,0.5,0.37083333333333335,0.8208333253860474,0.6916666626930237,60.0
60.0,349.0,0.3248147517442703,0.925000011920929,0.5,0.4458333333333333,0.8708333075046539,0.8166666626930237,60.0
60.0,350.0,0.3448791950941086,0.7249999940395355,0.5,0.5833333333333334,0.8083333373069763,0.8916666805744171,60.0
60.0,351.0,0.3334094285964966,0.7583333253860474,0.5,0.5583333333333333,0.8166666626930237,0.875,60.0
60.0,352.0,0.3752492517232895,0.7916666865348816,0.5,0.5083333333333333,0.800000011920929,0.8083333075046539,60.0
60.0,353.0,0.3676620274782181,0.8416666686534882,0.5,0.475,0.8166666626930237,0.7916666567325592,60.0
60.0,354.0,0.32716140151023865,0.8916666507720947,0.5,0.4791666666666667,0.8708333373069763,0.8499999940395355,60.0
60.0,355.0,0.32919763028621674,0.800000011920929,0.5,0.5166666666666666,0.8166666626930237,0.8333333134651184,60.0
60.0,356.0,0.23391175270080566,0.875,0.5,0.5208333333333333,0.8958333432674408,0.9166666567325592,60.0
60.0,357.0,0.30733588337898254,0.800000011920929,0.5,0.575,0.875,0.949999988079071,60.0
60.0,358.0,0.36220400035381317,0.8166666626930237,0.5,0.5333333333333333,0.8499999940395355,0.8833333253860474,60.0
60.0,359.0,0.3028905689716339,0.7666666805744171,0.5,0.5499999999999999,0.8166666626930237,0.8666666746139526,60.0
60.0,360.0,0.30067072808742523,0.8833333253860474,0.5,0.475,0.8583333492279053,0.8333333432674408,60.0
60.0,361.0,0.30335623025894165,0.8666666746139526,0.5,0.475,0.8416666686534882,0.8166666924953461,60.0
60.0,362.0,0.4174892455339432,0.7916666567325592,0.5,0.5083333333333333,0.800000011920929,0.8083333373069763,60.0
60.0,363.0,0.34964990615844727,0.8416666686534882,0.5,0.4875,0.8291666507720947,0.8166666626930237,60.0
60.0,364.0,0.28935468196868896,0.9000000059604645,0.5,0.475,0.875,0.8499999940395355,60.0
60.0,365.0,0.2013877108693123,0.9749999940395355,0.5,0.4625,0.9375,0.9000000059604645,60.0
60.0,366.0,0.26490160822868347,0.7916666865348816,0.5,0.5541666666666667,0.8458333313465118,0.8999999761581421,60.0
60.0,367.0,0.5836995840072632,0.5583333373069763,0.5,0.6666666666666667,0.7249999940395355,0.8916666507720947,60.0
60.0,368.0,0.2380376234650612,0.9249999821186066,0.5,0.4583333333333333,0.8833333253860474,0.8416666686534882,60.0
60.0,369.0,0.398125022649765,0.7166666686534882,0.5,0.5666666666666667,0.7833333313465118,0.8499999940395355,60.0
60.0,370.0,0.23636411875486374,0.9416666626930237,0.5,0.44166666666666665,0.8833333253860474,0.824999988079071,60.0
60.0,371.0,0.27947859466075897,0.925000011920929,0.5,0.4625,0.887499988079071,0.8499999940395355,60.0
60.0,372.0,0.21836695820093155,0.9333333373069763,0.5,0.47916666666666663,0.9124999940395355,0.8916666805744171,60.0
60.0,373.0,0.2573343515396118,0.8250000178813934,0.5,0.5708333333333333,0.8958333432674408,0.9666666686534882,60.0
60.0,374.0,0.20921187102794647,0.9333333373069763,0.5,0.5083333333333333,0.9416666626930237,0.949999988079071,60.0
60.0,375.0,0.4590422958135605,0.6083333194255829,0.5,0.6583333333333333,0.7666666805744171,0.9249999821186066,60.0
60.0,376.0,0.23224131017923355,0.8916666507720947,0.5,0.49583333333333335,0.887499988079071,0.8833333551883698,60.0
60.0,377.0,0.28848256170749664,0.9916666746139526,0.5,0.37916666666666665,0.8708333373069763,0.75,60.0
60.0,378.0,0.20762471854686737,0.9833333492279053,0.5,0.4125,0.8958333134651184,0.8083333373069763,60.0
60.0,379.0,0.2239132598042488,0.9083333313465118,0.5,0.47916666666666663,0.887499988079071,0.8666666448116302,60.0
60.0,380.0,0.21837294101715088,0.9083333313465118,0.5,0.4708333333333333,0.8791666626930237,0.8500000238418579,60.0
60.0,381.0,0.2819327712059021,0.8666666746139526,0.5,0.5083333333333333,0.875,0.8833333551883698,60.0
60.0,382.0,0.27497459948062897,0.9000000059604645,0.5,0.45833333333333337,0.8583333194255829,0.8166666626930237,60.0
60.0,383.0,0.17395330220460892,0.925000011920929,0.5,0.47916666666666663,0.9041666686534882,0.8833333253860474,60.0
60.0,384.0,0.2167120724916458,0.8833333253860474,0.5,0.49166666666666664,0.875,0.8666666746139526,60.0
60.0,385.0,0.17328786104917526,0.9916666746139526,0.5,0.4625,0.9541666507720947,0.9166666567325592,60.0
60.0,386.0,0.594202846288681,0.6416666507720947,0.5,0.625,0.7666666507720947,0.8916666805744171,60.0
60.0,387.0,0.3847843259572983,0.7083333432674408,0.5,0.5916666666666666,0.7999999821186066,0.8916666507720947,60.0
60.0,388.0,0.44777342677116394,0.7583333253860474,0.5,0.5,0.7583333551883698,0.7583333253860474,60.0
60.0,389.0,0.31976258754730225,1.0,0.5,0.375,0.875,0.75,60.0
60.0,390.0,0.4000844210386276,0.7083333432674408,0.5,0.5708333333333333,0.7791666686534882,0.8500000238418579,60.0
60.0,391.0,0.3256150484085083,0.7666666805744171,0.5,0.5708333333333333,0.8374999761581421,0.9083333313465118,60.0
60.0,392.0,0.2840578258037567,0.8333333432674408,0.5,0.5333333333333333,0.8666666746139526,0.9000000059604645,60.0
60.0,393.0,0.26146063208580017,0.8166666626930237,0.5,0.55,0.8666666746139526,0.9166666567325592,60.0
60.0,394.0,0.20679112523794174,0.9000000059604645,0.5,0.5166666666666666,0.9166666567325592,0.9333333373069763,60.0
60.0,395.0,0.33572418987751007,0.7083333134651184,0.5,0.6,0.8083333373069763,0.9083333313465118,60.0
60.0,396.0,0.17709266394376755,1.0,0.5,0.4458333333333333,0.9458333253860474,0.8916666507720947,60.0
60.0,397.0,0.22159839421510696,1.0,0.5,0.43333333333333335,0.9333333373069763,0.8666666448116302,60.0
60.0,398.0,0.17848414182662964,0.9666666686534882,0.5,0.4708333333333333,0.9375,0.9083333313465118,60.0
60.0,399.0,0.19057554006576538,0.949999988079071,0.5,0.4708333333333333,0.9208333492279053,0.8916666805744171,60.0
60.0,400.0,0.15686830878257751,0.925000011920929,0.5,0.5083333333333333,0.9333333373069763,0.9416666626930237,60.0
60.0,401.0,0.359965980052948,0.7833333313465118,0.5,0.5333333333333334,0.8166666626930237,0.8499999940395355,60.0
60.0,402.0,0.3602715879678726,0.7333333492279053,0.5,0.5666666666666667,0.800000011920929,0.8666666746139526,60.0
60.0,403.0,0.33965010941028595,0.7750000059604645,0.5,0.5708333333333333,0.8458333313465118,0.9166666567325592,60.0
60.0,404.0,0.28290319442749023,0.8916666805744171,0.5,0.45416666666666666,0.8458333313465118,0.800000011920929,60.0
60.0,405.0,0.2569248080253601,0.9916666746139526,0.5,0.42083333333333334,0.9125000238418579,0.8333333432674408,60.0
60.0,406.0,0.40352723002433777,0.8916666507720947,0.5,0.45416666666666666,0.8458333313465118,0.800000011920929,60.0
60.0,407.0,0.2694586366415024,0.8916666507720947,0.5,0.48333333333333334,0.875,0.8583333492279053,60.0
60.0,408.0,0.3503904491662979,0.7666666507720947,0.5,0.5791666666666666,0.8458333313465118,0.9249999821186066,60.0
60.0,409.0,0.24927884340286255,0.8833333253860474,0.5,0.5208333333333334,0.9041666686534882,0.925000011920929,60.0
60.0,410.0,0.18064549565315247,0.9666666686534882,0.5,0.48333333333333334,0.949999988079071,0.9333333373069763,60.0
60.0,411.0,0.21963854134082794,0.9416666626930237,0.5,0.4791666666666667,0.9208333492279053,0.9000000059604645,60.0
60.0,412.0,0.20371868461370468,0.9833333194255829,0.5,0.43333333333333335,0.9166666865348816,0.8500000238418579,60.0
60.0,413.0,0.18794424086809158,0.9749999940395355,0.5,0.45416666666666666,0.9291666746139526,0.8833333253860474,60.0
60.0,414.0,0.2933730334043503,0.75,0.5,0.5666666666666667,0.8166666626930237,0.8833333253860474,60.0
60.0,415.0,0.19764035940170288,0.9833333492279053,0.5,0.45416666666666666,0.9375,0.8916666805744171,60.0
60.0,416.0,0.1411740854382515,1.0,0.5,0.45416666666666666,0.9541666507720947,0.9083333313465118,60.0
60.0,417.0,0.16701044887304306,1.0,0.5,0.4291666666666667,0.9291666746139526,0.8583333492279053,60.0
60.0,418.0,0.2063044235110283,0.8916666805744171,0.5,0.5041666666666667,0.8958333134651184,0.9000000059604645,60.0
60.0,419.0,0.2621160298585892,0.8583333492279053,0.5,0.5083333333333333,0.8666666746139526,0.875,60.0
60.0,420.0,0.36003972589969635,0.7416666746139526,0.5,0.5541666666666667,0.7958333194255829,0.8500000238418579,60.0
60.0,421.0,0.43506579101085663,0.7333333492279053,0.5,0.5666666666666667,0.800000011920929,0.8666666448116302,60.0
60.0,422.0,0.2696298062801361,0.8666666746139526,0.5,0.49583333333333335,0.862500011920929,0.8583333194255829,60.0
60.0,423.0,0.3608914092183113,0.8833333253860474,0.5,0.475,0.8583333194255829,0.8333333432674408,60.0
60.0,424.0,0.32318276166915894,0.9416666626930237,0.5,0.4041666666666667,0.8458333313465118,0.75,60.0
60.0,425.0,0.3006542772054672,0.9333333373069763,0.5,0.4291666666666667,0.862500011920929,0.7916666567325592,60.0
60.0,426.0,0.24660801887512207,0.9000000059604645,0.5,0.5041666666666667,0.9041666686534882,0.9083333313465118,60.0
60.0,427.0,0.27137476950883865,0.824999988079071,0.5,0.5708333333333333,0.8958333134651184,0.9666666388511658,60.0
60.0,428.0,0.24344612658023834,0.8166666924953461,0.5,0.5458333333333334,0.8624999821186066,0.9083333313465118,60.0
60.0,429.0,0.21323978155851364,0.9333333373069763,0.5,0.5041666666666667,0.9375,0.9416666626930237,60.0
60.0,430.0,0.2930953651666641,0.7916666567325592,0.5,0.5458333333333334,0.8375000059604645,0.8833333253860474,60.0
60.0,431.0,0.1774057149887085,0.9916666746139526,0.5,0.44166666666666665,0.9333333373069763,0.875,60.0
60.0,432.0,0.28590284287929535,0.8499999940395355,0.5,0.4916666666666667,0.8416666686534882,0.8333333432674408,60.0
60.0,433.0,0.21935708075761795,0.9166666567325592,0.5,0.47916666666666663,0.8958333432674408,0.875,60.0
60.0,434.0,0.39142610132694244,0.7666666805744171,0.5,0.55,0.8166666626930237,0.8666666746139526,60.0
60.0,435.0,0.29276278614997864,0.8916666805744171,0.5,0.48333333333333334,0.875,0.8583333492279053,60.0
60.0,436.0,0.2367735430598259,0.9000000059604645,0.5,0.4833333333333333,0.8833333551883698,0.8666666448116302,60.0
60.0,437.0,0.2661917731165886,0.8166666924953461,0.5,0.55,0.8666666746139526,0.9166666567325592,60.0
60.0,438.0,0.29699280858039856,0.7249999940395355,0.5,0.5916666666666667,0.8166666626930237,0.9083333313465118,60.0
60.0,439.0,0.3787574917078018,0.8250000178813934,0.5,0.5208333333333333,0.8458333313465118,0.8666666746139526,60.0
60.0,440.0,0.3722599744796753,0.8416666686534882,0.5,0.5041666666666667,0.8458333313465118,0.8499999940395355,60.0
60.0,441.0,0.3581462949514389,0.7666666507720947,0.5,0.5541666666666667,0.8208333253860474,0.875,60.0
60.0,442.0,0.20156742632389069,1.0,0.5,0.4583333333333333,0.9583333134651184,0.9166666865348816,60.0
60.0,443.0,0.2381804883480072,0.9666666686534882,0.5,0.4375,0.9041666686534882,0.8416666686534882,60.0
60.0,444.0,0.2676743417978287,0.9249999821186066,0.5,0.49166666666666664,0.9166666567325592,0.9083333313465118,60.0
60.0,445.0,0.19137350469827652,0.9749999940395355,0.5,0.4458333333333333,0.9208333492279053,0.8666666746139526,60.0
60.0,446.0,0.22196897864341736,0.875,0.5,0.5083333333333333,0.8833333253860474,0.8916666507720947,60.0
60.0,447.0,0.25903283804655075,0.7833333313465118,0.5,0.5458333333333334,0.8291666805744171,0.875,60.0
60.0,448.0,0.22066324204206467,0.8833333253860474,0.5,0.5375,0.9208333492279053,0.9583333134651184,60.0
60.0,449.0,0.2857252210378647,0.7666666805744171,0.5,0.5541666666666667,0.8208333253860474,0.875,60.0
60.0,450.0,0.26269349455833435,0.800000011920929,0.5,0.5541666666666667,0.8541666865348816,0.9083333313465118,60.0
60.0,451.0,0.23500284552574158,0.9333333373069763,0.5,0.4625,0.8958333432674408,0.8583333194255829,60.0
60.0,452.0,0.3010692894458771,0.9000000059604645,0.5,0.4833333333333333,0.8833333253860474,0.8666666746139526,60.0
60.0,453.0,0.29370374232530594,0.9083333313465118,0.5,0.4666666666666667,0.875,0.8416666686534882,60.0
60.0,454.0,0.23245956748723984,0.8333333432674408,0.5,0.525,0.8583333194255829,0.8833333253860474,60.0
60.0,455.0,0.2782972455024719,0.7833333313465118,0.5,0.55,0.8333333432674408,0.8833333253860474,60.0
60.0,456.0,0.3648882210254669,0.8500000238418579,0.5,0.47916666666666663,0.8291666507720947,0.8083333373069763,60.0
60.0,457.0,0.4459635466337204,0.7166666686534882,0.5,0.5916666666666667,0.8083333373069763,0.9000000059604645,60.0
60.0,458.0,0.38007956743240356,0.8250000178813934,0.5,0.48750000000000004,0.8125,0.800000011920929,60.0
60.0,459.0,0.431169256567955,0.7666666805744171,0.5,0.5,0.7666666805744171,0.7666666805744171,60.0
60.0,460.0,0.4114297032356262,0.800000011920929,0.5,0.5083333333333333,0.8083333373069763,0.8166666924953461,60.0
60.0,461.0,0.3741177022457123,0.8583333492279053,0.5,0.4791666666666667,0.8375000059604645,0.8166666626930237,60.0
60.0,462.0,0.3838929831981659,0.7666666805744171,0.5,0.5333333333333334,0.800000011920929,0.8333333432674408,60.0
60.0,463.0,0.3801437318325043,0.7333333194255829,0.5,0.5666666666666667,0.7999999821186066,0.8666666746139526,60.0
60.0,464.0,0.19428516179323196,0.9749999940395355,0.5,0.44166666666666665,0.9166666865348816,0.8583333492279053,60.0
60.0,465.0,0.2242128774523735,0.9666666686534882,0.5,0.4375,0.9041666686534882,0.8416666686534882,60.0
60.0,466.0,0.24345840513706207,0.8916666507720947,0.5,0.4875,0.8791666626930237,0.8666666448116302,60.0
60.0,467.0,0.2550493851304054,0.8916666805744171,0.5,0.5083333333333333,0.9000000059604645,0.9083333313465118,60.0
60.0,468.0,0.33022241294384,0.7999999821186066,0.5,0.5125,0.8125,0.824999988079071,60.0
60.0,469.0,0.30133722722530365,0.875,0.5,0.4833333333333333,0.8583333492279053,0.8416666686534882,60.0
60.0,470.0,0.36728186905384064,0.7833333313465118,0.5,0.5458333333333334,0.8291666507720947,0.875,60.0
60.0,471.0,0.2553769424557686,0.9000000059604645,0.5,0.49166666666666664,0.8916666805744171,0.8833333253860474,60.0
60.0,472.0,0.2909197509288788,0.8333333432674408,0.5,0.5,0.8333333432674408,0.8333333432674408,60.0
60.0,473.0,0.2219986394047737,0.9833333194255829,0.5,0.4166666666666667,0.9000000059604645,0.8166666626930237,60.0
60.0,474.0,0.22245538234710693,0.9166666865348816,0.5,0.5041666666666667,0.9208333492279053,0.925000011920929,60.0
60.0,475.0,0.21198248863220215,0.9000000059604645,0.5,0.5166666666666667,0.9166666865348816,0.9333333075046539,60.0
60.0,476.0,0.4003898948431015,0.5249999910593033,0.5,0.6958333333333333,0.7208333313465118,0.9166666567325592,60.0
60.0,477.0,0.2262079194188118,0.875,0.5,0.5208333333333333,0.8958333432674408,0.9166666567325592,60.0
60.0,478.0,0.27760252356529236,0.7833333313465118,0.5,0.55,0.8333333432674408,0.8833333551883698,60.0
60.0,479.0,0.22150788456201553,0.9583333432674408,0.5,0.43333333333333335,0.8916666507720947,0.824999988079071,60.0
60.0,480.0,0.23758459836244583,0.8666666448116302,0.5,0.5041666666666667,0.8708333075046539,0.875,60.0
60.0,481.0,0.19792965799570084,0.9749999940395355,0.5,0.44166666666666665,0.9166666865348816,0.8583333194255829,60.0
60.0,482.0,0.2706000432372093,0.8416666686534882,0.5,0.5375,0.8791666924953461,0.9166666567325592,60.0
60.0,483.0,0.19595597684383392,0.949999988079071,0.5,0.475,0.925000011920929,0.9000000059604645,60.0
60.0,484.0,0.22820338606834412,0.8666666746139526,0.5,0.49583333333333335,0.862500011920929,0.8583333492279053,60.0
60.0,485.0,0.30816441774368286,0.8083333373069763,0.5,0.5249999999999999,0.8333333432674408,0.8583333492279053,60.0
60.0,486.0,0.2833214998245239,0.8583333194255829,0.5,0.5083333333333333,0.8666666746139526,0.875,60.0
60.0,487.0,0.19072771072387695,0.9333333075046539,0.5,0.475,0.9083333313465118,0.8833333253860474,60.0
60.0,488.0,0.1890154331922531,0.9666666686534882,0.5,0.4708333333333333,0.9375,0.9083333313465118,60.0
60.0,489.0,0.2072499394416809,0.9083333313465118,0.5,0.5041666666666667,0.9124999940395355,0.9166666567325592,60.0
60.0,490.0,0.548955649137497,0.6166666746139526,0.5,0.6458333333333333,0.7625000178813934,0.9083333313465118,60.0
60.0,491.0,0.3769434839487076,0.7166666686534882,0.5,0.5916666666666666,0.8083333075046539,0.9000000059604645,60.0
60.0,492.0,0.3438805639743805,0.9000000059604645,0.5,0.4125,0.8125,0.7249999940395355,60.0
60.0,493.0,0.25482168048620224,1.0,0.5,0.4291666666666667,0.9291666448116302,0.8583333492279053,60.0
60.0,494.0,0.21863486617803574,0.9249999821186066,0.5,0.5166666666666666,0.9416666626930237,0.9583333134651184,60.0
60.0,495.0,0.23999547213315964,0.9083333313465118,0.5,0.5291666666666667,0.9375,0.9666666686534882,60.0
60.0,496.0,0.24613188207149506,0.7333333194255829,0.5,0.6166666666666667,0.8499999940395355,0.9666666686534882,60.0
60.0,497.0,0.3037600964307785,0.75,0.5,0.6041666666666666,0.8541666567325592,0.9583333432674408,60.0
60.0,498.0,0.3294050395488739,0.7833333313465118,0.5,0.5791666666666666,0.8624999821186066,0.9416666626930237,60.0
60.0,499.0,0.21596438437700272,0.9166666567325592,0.5,0.4708333333333333,0.8875000178813934,0.8583333194255829,60.0
60.0,500.0,0.1435348205268383,1.0,0.5,0.4666666666666667,0.9666666686534882,0.9333333075046539,60.0
60.0,501.0,0.1974169984459877,1.0,0.5,0.4291666666666667,0.9291666746139526,0.8583333194255829,60.0
60.0,502.0,0.17756285518407822,1.0,0.5,0.4291666666666667,0.9291666746139526,0.8583333194255829,60.0
60.0,503.0,0.2300281599164009,0.9166666567325592,0.5,0.49583333333333335,0.9124999940395355,0.9083333313465118,60.0
60.0,504.0,0.23229487985372543,0.9000000059604645,0.5,0.5083333333333333,0.9083333611488342,0.9166666567325592,60.0
60.0,505.0,0.28606484830379486,0.7666666507720947,0.5,0.5791666666666666,0.8458333313465118,0.925000011920929,60.0
60.0,506.0,0.4390917420387268,0.7166666686534882,0.5,0.6125,0.8291666507720947,0.9416666626930237,60.0
60.0,507.0,0.3928080350160599,0.7916666865348816,0.5,0.5416666666666666,0.8333333134651184,0.875,60.0
60.0,508.0,0.21640709787607193,0.9833333492279053,0.5,0.45416666666666666,0.9375,0.8916666805744171,60.0
60.0,509.0,0.17601095885038376,0.9833333492279053,0.5,0.43333333333333335,0.9166666865348816,0.8500000238418579,60.0
60.0,510.0,0.301653727889061,0.8916666507720947,0.5,0.4625,0.8541666865348816,0.8166666626930237,60.0
60.0,511.0,0.19365831464529037,0.9333333373069763,0.5,0.5,0.9333333373069763,0.9333333373069763,60.0
60.0,512.0,0.1697046235203743,0.8916666805744171,0.5,0.5125,0.9041666686534882,0.9166666865348816,60.0
60.0,513.0,0.3037024214863777,0.7249999940395355,0.5,0.6041666666666667,0.8291666507720947,0.9333333373069763,60.0
60.0,514.0,0.19614028930664062,0.9083333313465118,0.5,0.5208333333333333,0.9291666746139526,0.949999988079071,60.0
60.0,515.0,0.2607576996088028,0.8333333432674408,0.5,0.5375000000000001,0.8708333373069763,0.9083333313465118,60.0
60.0,516.0,0.31537064909935,0.8083333373069763,0.5,0.5249999999999999,0.8333333134651184,0.8583333194255829,60.0
60.0,517.0,0.24807973951101303,0.8666666746139526,0.5,0.5,0.8666666448116302,0.8666666746139526,60.0
60.0,518.0,0.24203218519687653,0.9749999940395355,0.5,0.42083333333333334,0.8958333432674408,0.8166666626930237,60.0
60.0,519.0,0.21658433973789215,0.9666666686534882,0.5,0.45,0.9166666567325592,0.8666666746139526,60.0
60.0,520.0,0.1773889735341072,0.9333333373069763,0.5,0.4916666666666667,0.925000011920929,0.9166666567325592,60.0
60.0,521.0,0.23652566224336624,0.8416666686534882,0.5,0.5583333333333333,0.8999999761581421,0.9583333134651184,60.0
60.0,522.0,0.16253766417503357,0.8833333551883698,0.5,0.5458333333333334,0.9291666746139526,0.9749999940395355,60.0
60.0,523.0,0.43153218924999237,0.7249999940395355,0.5,0.5916666666666667,0.8166666626930237,0.9083333313465118,60.0
60.0,524.0,0.2615588679909706,0.800000011920929,0.5,0.5666666666666667,0.8666666746139526,0.9333333373069763,60.0
60.0,525.0,0.23221496492624283,0.8833333253860474,0.5,0.5041666666666667,0.887499988079071,0.8916666805744171,60.0
60.0,526.0,0.3650253117084503,0.8083333373069763,0.5,0.5416666666666666,0.8500000238418579,0.8916666507720947,60.0
60.0,527.0,0.17346040159463882,1.0,0.5,0.45416666666666666,0.9541666507720947,0.9083333313465118,60.0
60.0,528.0,0.17659978568553925,0.9583333432674408,0.5,0.4875,0.9458333253860474,0.9333333373069763,60.0
60.0,529.0,0.18262363225221634,0.9333333373069763,0.5,0.5083333333333333,0.9416666626930237,0.949999988079071,60.0
60.0,530.0,0.20645447075366974,0.9416666626930237,0.5,0.49583333333333335,0.9375,0.9333333373069763,60.0
60.0,531.0,0.3671589493751526,0.7583333253860474,0.5,0.5833333333333334,0.8416666686534882,0.925000011920929,60.0
60.0,532.0,0.26937247812747955,0.8333333432674408,0.5,0.5375000000000001,0.8708333373069763,0.9083333313465118,60.0
60.0,533.0,0.21102990955114365,0.9083333313465118,0.5,0.4875,0.8958333432674408,0.8833333253860474,60.0
60.0,534.0,0.25266092270612717,0.9249999821186066,0.5,0.4625,0.887499988079071,0.8499999940395355,60.0
60.0,535.0,0.262834832072258,0.9166666567325592,0.5,0.47916666666666663,0.8958333134651184,0.875,60.0
60.0,536.0,0.1697835624217987,0.9916666746139526,0.5,0.44999999999999996,0.9416666924953461,0.8916666507720947,60.0
60.0,537.0,0.19451043009757996,0.8416666686534882,0.5,0.55,0.8916666507720947,0.9416666626930237,60.0
60.0,538.0,0.18739637732505798,0.875,0.5,0.525,0.9000000059604645,0.925000011920929,60.0
60.0,539.0,0.4075739085674286,0.699999988079071,0.5,0.6333333333333333,0.8333333432674408,0.9666666388511658,60.0
60.0,540.0,0.18610437959432602,0.9083333313465118,0.5,0.5208333333333334,0.9291666448116302,0.949999988079071,60.0
60.0,541.0,0.1801920011639595,0.925000011920929,0.5,0.4916666666666667,0.9166666865348816,0.9083333313465118,60.0
60.0,542.0,0.2551843523979187,0.875,0.5,0.48750000000000004,0.8624999821186066,0.8500000238418579,60.0
60.0,543.0,0.28575025498867035,0.875,0.5,0.475,0.8499999940395355,0.8250000178813934,60.0
60.0,544.0,0.2769615203142166,0.9166666865348816,0.5,0.43333333333333335,0.8499999940395355,0.7833333313465118,60.0
60.0,545.0,0.24360650032758713,0.8666666746139526,0.5,0.5166666666666666,0.8833333551883698,0.8999999761581421,60.0
60.0,546.0,0.2583726570010185,0.8166666626930237,0.5,0.5625,0.8791666626930237,0.9416666626930237,60.0
60.0,547.0,0.28757596015930176,0.7833333313465118,0.5,0.575,0.8583333492279053,0.9333333373069763,60.0
60.0,548.0,0.20733585953712463,0.9083333313465118,0.5,0.5,0.9083333313465118,0.9083333313465118,60.0
60.0,549.0,0.1928011104464531,1.0,0.5,0.4291666666666667,0.9291666746139526,0.8583333492279053,60.0
60.0,550.0,0.3976636230945587,0.7916666567325592,0.5,0.55,0.8416666686534882,0.8916666507720947,60.0
60.0,551.0,0.35236136615276337,0.675000011920929,0.5,0.6208333333333333,0.7958333194255829,0.9166666567325592,60.0
60.0,552.0,0.2758241146802902,0.8500000238418579,0.5,0.5125,0.8624999821186066,0.875,60.0
60.0,553.0,0.28422215580940247,0.8833333253860474,0.5,0.4666666666666667,0.8499999940395355,0.8166666924953461,60.0
60.0,554.0,0.1859877035021782,0.9916666746139526,0.5,0.4458333333333333,0.9375,0.8833333551883698,60.0
60.0,555.0,0.15366410464048386,1.0,0.5,0.4291666666666667,0.9291666746139526,0.8583333492279053,60.0
60.0,556.0,0.2883828580379486,0.7750000059604645,0.5,0.5833333333333333,0.8583333194255829,0.9416666626930237,60.0
60.0,557.0,0.29670359194278717,0.7333333492279053,0.5,0.6208333333333333,0.8541666865348816,0.9749999940395355,60.0
60.0,558.0,0.207488514482975,0.8499999940395355,0.5,0.5541666666666667,0.9041666686534882,0.9583333134651184,60.0
60.0,559.0,0.16457044333219528,0.9083333313465118,0.5,0.5083333333333333,0.9166666865348816,0.9249999821186066,60.0
60.0,560.0,0.27006518095731735,0.9083333313465118,0.5,0.48333333333333334,0.8916666805744171,0.875,60.0
60.0,561.0,0.3639587461948395,0.8083333373069763,0.5,0.5333333333333333,0.8416666686534882,0.875,60.0
60.0,562.0,0.2482326328754425,0.949999988079071,0.5,0.4458333333333333,0.8958333432674408,0.8416666686534882,60.0
60.0,563.0,0.1733199581503868,0.9916666746139526,0.5,0.4625,0.9541666507720947,0.9166666567325592,60.0
60.0,564.0,0.2078927755355835,0.9249999821186066,0.5,0.5125,0.9375,0.949999988079071,60.0
60.0,565.0,0.2789221256971359,0.7249999940395355,0.5,0.6333333333333333,0.8583333194255829,0.9916666746139526,60.0
60.0,566.0,0.2627629488706589,0.8166666626930237,0.5,0.575,0.8916666805744171,0.9666666686534882,60.0
60.0,567.0,0.2614399343729019,0.8583333492279053,0.5,0.5416666666666667,0.9000000059604645,0.9416666626930237,60.0
60.0,568.0,0.3543139100074768,0.8166666626930237,0.5,0.5291666666666667,0.8458333313465118,0.875,60.0
60.0,569.0,0.2218189463019371,0.9749999940395355,0.5,0.4291666666666667,0.9041666686534882,0.8333333432674408,60.0
60.0,570.0,0.27027732133865356,0.8916666805744171,0.5,0.4875,0.8791666626930237,0.8666666746139526,60.0
60.0,571.0,0.2199837788939476,0.9583333134651184,0.5,0.4666666666666667,0.925000011920929,0.8916666805744171,60.0
60.0,572.0,0.13362739980220795,0.9583333134651184,0.5,0.49583333333333335,0.9541666507720947,0.9500000178813934,60.0
60.0,573.0,0.16816730052232742,0.9249999821186066,0.5,0.5083333333333333,0.9333333373069763,0.9416666626930237,60.0
60.0,574.0,0.2698860391974449,0.8083333373069763,0.5,0.575,0.8833333551883698,0.9583333134651184,60.0
60.0,575.0,0.17995618283748627,0.8333333432674408,0.5,0.5583333333333333,0.8916666805744171,0.949999988079071,60.0
60.0,576.0,0.2571057304739952,0.7999999821186066,0.5,0.5958333333333333,0.8958333432674408,0.9916666746139526,60.0
60.0,577.0,0.3125164359807968,0.8499999940395355,0.5,0.5416666666666667,0.8916666805744171,0.9333333373069763,60.0
60.0,578.0,0.2646460682153702,0.9583333134651184,0.5,0.4125,0.8708333373069763,0.7833333313465118,60.0
60.0,579.0,0.2584596201777458,0.9833333194255829,0.5,0.4291666666666667,0.9125000238418579,0.8416666686534882,60.0
60.0,580.0,0.3472982794046402,0.7750000059604645,0.5,0.5666666666666667,0.8416666686534882,0.9083333313465118,60.0
60.0,581.0,0.25691843032836914,0.8583333194255829,0.5,0.5333333333333333,0.8916666507720947,0.9249999821186066,60.0
60.0,582.0,0.27737875282764435,0.8333333432674408,0.5,0.5333333333333333,0.8666666746139526,0.9000000059604645,60.0
60.0,583.0,0.28456851840019226,0.7833333313465118,0.5,0.575,0.8583333194255829,0.9333333373069763,60.0
60.0,584.0,0.2197970673441887,0.875,0.5,0.55,0.925000011920929,0.9749999940395355,60.0
60.0,585.0,0.1854536458849907,0.925000011920929,0.5,0.4833333333333333,0.9083333313465118,0.8916666805744171,60.0
60.0,586.0,0.23509179800748825,0.8666666746139526,0.5,0.5166666666666666,0.8833333253860474,0.9000000059604645,60.0
60.0,587.0,0.28805190324783325,0.9416666626930237,0.5,0.4875,0.9291666448116302,0.9166666567325592,60.0
60.0,588.0,0.19246704876422882,0.949999988079071,0.5,0.4625,0.9125000238418579,0.875,60.0
60.0,589.0,0.1712447926402092,1.0,0.5,0.42500000000000004,0.9249999821186066,0.8499999940395355,60.0
60.0,590.0,0.3672170341014862,0.8416666686534882,0.5,0.5375,0.8791666626930237,0.9166666865348816,60.0
60.0,591.0,0.3344501256942749,0.8166666626930237,0.5,0.5541666666666667,0.8708333075046539,0.925000011920929,60.0
60.0,592.0,0.24222905188798904,0.9583333432674408,0.5,0.45416666666666666,0.9124999940395355,0.8666666448116302,60.0
60.0,593.0,0.2618947997689247,0.8083333373069763,0.5,0.5541666666666667,0.862500011920929,0.9166666567325592,60.0
60.0,594.0,0.1752321422100067,0.9833333194255829,0.5,0.4708333333333333,0.9541666507720947,0.925000011920929,60.0
60.0,595.0,0.3603420853614807,0.7999999821186066,0.5,0.5625,0.862500011920929,0.925000011920929,60.0
60.0,596.0,0.27481549978256226,0.8333333134651184,0.5,0.5458333333333334,0.8791666626930237,0.925000011920929,60.0
60.0,597.0,0.16688355058431625,0.9833333492279053,0.5,0.4458333333333333,0.9291666746139526,0.875,60.0
60.0,598.0,0.3645945191383362,0.7249999940395355,0.5,0.6000000000000001,0.8250000178813934,0.925000011920929,60.0
60.0,599.0,0.15160107612609863,0.9666666388511658,0.5,0.47916666666666663,0.9458333253860474,0.9249999821186066,60.0
60.0,600.0,0.19090517610311508,0.9083333313465118,0.5,0.525,0.9333333373069763,0.9583333432674408,60.0
60.0,601.0,0.17523198574781418,0.9583333432674408,0.5,0.47916666666666663,0.9375,0.9166666567325592,60.0
60.0,602.0,0.15809111297130585,0.8916666805744171,0.5,0.5458333333333334,0.9375,0.9833333194255829,60.0
60.0,603.0,0.2196771204471588,0.9083333313465118,0.5,0.525,0.9333333373069763,0.9583333134651184,60.0
60.0,604.0,0.21757329255342484,0.8916666507720947,0.5,0.475,0.8666666746139526,0.8416666686534882,60.0
60.0,605.0,0.20690402388572693,0.875,0.5,0.5333333333333334,0.9083333313465118,0.9416666626930237,60.0
60.0,606.0,0.17264320701360703,0.9333333373069763,0.5,0.5041666666666667,0.9375,0.9416666626930237,60.0
60.0,607.0,0.14078664034605026,0.9583333134651184,0.5,0.49583333333333335,0.9541666507720947,0.949999988079071,60.0
60.0,608.0,0.3387390971183777,0.7583333253860474,0.5,0.6083333333333334,0.8666666746139526,0.9749999940395355,60.0
60.0,609.0,0.34740100055933,0.7833333313465118,0.5,0.5874999999999999,0.8708333373069763,0.9583333134651184,60.0
60.0,610.0,0.12087390944361687,0.9916666746139526,0.5,0.47916666666666663,0.9708333313465118,0.9500000178813934,60.0
60.0,611.0,0.275909885764122,0.8833333551883698,0.5,0.5125,0.8958333432674408,0.9083333313465118,60.0
60.0,612.0,0.20128034800291061,0.9583333134651184,0.5,0.475,0.9333333373069763,0.9083333313465118,60.0
60.0,613.0,0.20088866353034973,0.9583333432674408,0.5,0.4916666666666667,0.949999988079071,0.9416666626930237,60.0
60.0,614.0,0.17016170173883438,0.9249999821186066,0.5,0.5166666666666667,0.9416666626930237,0.9583333432674408,60.0
60.0,615.0,0.33824561536312103,0.75,0.5,0.6083333333333334,0.8583333492279053,0.9666666388511658,60.0
60.0,616.0,0.2823275476694107,0.8666666746139526,0.5,0.5291666666666667,0.8958333134651184,0.925000011920929,60.0
60.0,617.0,0.3193598985671997,0.7749999761581421,0.5,0.5666666666666667,0.8416666686534882,0.9083333313465118,60.0
60.0,618.0,0.42645858228206635,0.8333333432674408,0.5,0.49583333333333335,0.8291666507720947,0.824999988079071,60.0
60.0,619.0,0.17998992651700974,0.9666666388511658,0.5,0.475,0.9416666626930237,0.9166666865348816,60.0
60.0,620.0,0.2983946353197098,0.9083333313465118,0.5,0.4916666666666667,0.8999999761581421,0.8916666507720947,60.0
60.0,621.0,0.20191896706819534,0.9416666626930237,0.5,0.47916666666666663,0.9208333194255829,0.9000000059604645,60.0
60.0,622.0,0.307339683175087,0.800000011920929,0.5,0.5666666666666667,0.8666666746139526,0.9333333075046539,60.0
60.0,623.0,0.24187222868204117,0.8166666626930237,0.5,0.575,0.8916666507720947,0.9666666686534882,60.0
60.0,624.0,0.33642037212848663,0.75,0.5,0.5833333333333333,0.8333333134651184,0.9166666567325592,60.0
60.0,625.0,0.2077479362487793,0.8833333551883698,0.5,0.5208333333333333,0.9041666686534882,0.925000011920929,60.0
60.0,626.0,0.21282107383012772,0.9083333313465118,0.5,0.5166666666666666,0.925000011920929,0.9416666626930237,60.0
60.0,627.0,0.14016619324684143,0.9333333075046539,0.5,0.5166666666666666,0.9500000178813934,0.9666666686534882,60.0
60.0,628.0,0.30790506303310394,0.8666666746139526,0.5,0.525,0.8916666507720947,0.9166666567325592,60.0
60.0,629.0,0.2979805916547775,0.8416666686534882,0.5,0.5333333333333333,0.875,0.9083333313465118,60.0
60.0,630.0,0.1761384978890419,0.949999988079071,0.5,0.475,0.925000011920929,0.8999999761581421,60.0
60.0,631.0,0.19795522093772888,0.9416666626930237,0.5,0.47916666666666663,0.9208333492279053,0.9000000059604645,60.0
60.0,632.0,0.15400561690330505,0.9333333373069763,0.5,0.49583333333333335,0.9291666746139526,0.925000011920929,60.0
60.0,633.0,0.17885570228099823,0.949999988079071,0.5,0.4833333333333333,0.9333333373069763,0.9166666865348816,60.0
60.0,634.0,0.3186991661787033,0.8833333253860474,0.5,0.5291666666666667,0.9124999940395355,0.9416666626930237,60.0
60.0,635.0,0.25822684168815613,0.875,0.5,0.5166666666666667,0.8916666507720947,0.9083333313465118,60.0
60.0,636.0,0.21160363405942917,0.8666666746139526,0.5,0.5208333333333333,0.8875000178813934,0.9083333313465118,60.0
60.0,637.0,0.2858823239803314,0.8583333194255829,0.5,0.5166666666666666,0.875,0.8916666507720947,60.0
60.0,638.0,0.29280343651771545,0.8416666686534882,0.5,0.5208333333333333,0.862500011920929,0.8833333253860474,60.0
60.0,639.0,0.33372245728969574,0.8500000238418579,0.5,0.5,0.8499999940395355,0.8499999940395355,60.0
60.0,640.0,0.297700971364975,0.8916666805744171,0.5,0.5291666666666667,0.9208333194255829,0.9500000178813934,60.0
60.0,641.0,0.14945949614048004,0.9416666626930237,0.5,0.5125,0.9541666507720947,0.9666666686534882,60.0
60.0,642.0,0.12315277755260468,1.0,0.5,0.4625,0.9624999761581421,0.925000011920929,60.0
60.0,643.0,0.2005651444196701,0.875,0.5,0.525,0.9000000059604645,0.9249999821186066,60.0
60.0,644.0,0.1705644726753235,0.9166666567325592,0.5,0.5041666666666667,0.9208333194255829,0.9249999821186066,60.0
60.0,645.0,0.3418259024620056,0.7249999940395355,0.5,0.6208333333333333,0.8458333313465118,0.9666666686534882,60.0
60.0,646.0,0.2356799766421318,0.8666666746139526,0.5,0.5333333333333333,0.9000000059604645,0.9333333373069763,60.0
60.0,647.0,0.31967994570732117,0.7999999821186066,0.5,0.5583333333333333,0.8583333194255829,0.9166666865348816,60.0
60.0,648.0,0.2402767911553383,0.9749999940395355,0.5,0.43333333333333335,0.9083333313465118,0.8416666686534882,60.0
60.0,649.0,0.3433010131120682,0.8166666924953461,0.5,0.5333333333333333,0.8499999940395355,0.8833333551883698,60.0
60.0,650.0,0.2388835847377777,0.9416666626930237,0.5,0.45833333333333337,0.9000000059604645,0.8583333194255829,60.0
60.0,651.0,0.41023942828178406,0.7166666686534882,0.5,0.6000000000000001,0.8166666924953461,0.9166666567325592,60.0
60.0,652.0,0.21081678569316864,0.9166666567325592,0.5,0.49583333333333335,0.9124999940395355,0.9083333313465118,60.0
60.0,653.0,0.18853478133678436,0.9000000059604645,0.5,0.5333333333333334,0.9333333373069763,0.9666666388511658,60.0
60.0,654.0,0.20423316210508347,0.8583333194255829,0.5,0.55,0.9083333313465118,0.9583333134651184,60.0
60.0,655.0,0.16237475723028183,0.9083333313465118,0.5,0.5375000000000001,0.9458333253860474,0.9833333492279053,60.0
60.0,656.0,0.15822532773017883,0.875,0.5,0.5541666666666667,0.9291666448116302,0.9833333492279053,60.0
60.0,657.0,0.12563011050224304,0.9749999940395355,0.5,0.47916666666666663,0.9541666507720947,0.9333333373069763,60.0
60.0,658.0,0.1315823495388031,0.9916666746139526,0.5,0.47916666666666663,0.9708333313465118,0.949999988079071,60.0
60.0,659.0,0.17454884201288223,0.9416666626930237,0.5,0.5041666666666667,0.9458333253860474,0.949999988079071,60.0
60.0,660.0,0.4871104657649994,0.6416666805744171,0.5,0.6333333333333333,0.7750000059604645,0.9083333313465118,60.0
