raw\disc\n_generated,raw\disc\n_expert,raw\disc\disc_acc_gen,raw\disc\global_step,raw\disc\disc_loss,raw\disc\disc_acc,raw\disc\disc_entropy,raw\disc\disc_proportion_expert_true,raw\disc\disc_acc_expert,raw\disc\disc_proportion_expert_pred
60.0,60.0,0.9500000476837158,1,3.823237657546997,0.5,0.22536879777908325,0.5,0.05000000447034836,0.05
60.0,60.0,0.6500000357627869,1,1.110111117362976,0.5666667222976685,0.5435960292816162,0.5,0.4833333492279053,0.4166666666666667
60.0,60.0,0.05000000447034836,2,0.8139967918395996,0.5250000357627869,0.2863869369029999,0.5,1.0,0.975
60.0,60.0,0.20000001788139343,2,1.078564167022705,0.6000000238418579,0.23607449233531952,0.5,1.0,0.9
60.0,60.0,0.03333333507180214,3,1.865456461906433,0.5166667103767395,0.14970582723617554,0.5,1.0,0.9833333333333333
60.0,60.0,0.1666666716337204,3,1.7806931734085083,0.5833333730697632,0.14841176569461823,0.5,1.0,0.9166666666666666
60.0,60.0,0.11666667461395264,4,1.4908519983291626,0.5583333373069763,0.12468964606523514,0.5,1.0,0.9416666666666667
60.0,60.0,0.11666667461395264,4,1.316827416419983,0.5583333373069763,0.15790078043937683,0.5,1.0,0.9416666666666667
60.0,60.0,0.38333335518836975,5,0.531059205532074,0.6916667222976685,0.3048385679721832,0.5,1.0,0.8083333333333333
60.0,60.0,0.5,5,0.3882581889629364,0.7500000596046448,0.3058824837207794,0.5,1.0,0.75
60.0,60.0,0.8000000715255737,6,0.1778753399848938,0.8666667342185974,0.14069856703281403,0.5,0.9333333969116211,0.5666666666666667
60.0,60.0,0.98333340883255,6,0.14957056939601898,0.9083333611488342,0.09692717343568802,0.5,0.8333333730697632,0.425
60.0,60.0,1.0,7,0.14579777419567108,0.9500000476837158,0.044748298823833466,0.5,0.9000000357627869,0.45
60.0,60.0,1.0,7,0.3561326265335083,0.8500000238418579,0.08085580170154572,0.5,0.7000000476837158,0.35
60.0,60.0,1.0,8,0.23211464285850525,0.9000000357627869,0.061486247926950455,0.5,0.8000000715255737,0.4
60.0,60.0,1.0,8,0.39411234855651855,0.8583333492279053,0.06198665872216225,0.5,0.7166666984558105,0.35833333333333334
60.0,60.0,1.0,9,0.2652961313724518,0.9166666865348816,0.044795069843530655,0.5,0.8333333730697632,0.4166666666666667
60.0,60.0,1.0,9,0.41326919198036194,0.8583333492279053,0.05764634162187576,0.5,0.7166666984558105,0.35833333333333334
60.0,60.0,0.6000000238418579,10,0.5050833821296692,0.7500000596046448,0.18209101259708405,0.5,0.9000000357627869,0.65
60.0,60.0,0.7333333492279053,10,0.31457051634788513,0.8083333969116211,0.16082637012004852,0.5,0.8833333849906921,0.575
60.0,60.0,0.6500000357627869,11,0.44785648584365845,0.7500000596046448,0.27788597345352173,0.5,0.8500000238418579,0.6
60.0,60.0,1.0,11,0.3704613447189331,0.8583333492279053,0.0993744432926178,0.5,0.7166666984558105,0.35833333333333334
60.0,60.0,1.0,12,0.6658976674079895,0.8083333969116211,0.07289044559001923,0.5,0.6166666746139526,0.30833333333333335
60.0,60.0,1.0,12,0.8959506154060364,0.7666667103767395,0.08803225308656693,0.5,0.5333333611488342,0.26666666666666666
60.0,60.0,1.0,13,0.7799147963523865,0.7833333611488342,0.08180201798677444,0.5,0.5666667222976685,0.2833333333333333
60.0,60.0,1.0,13,0.6923737525939941,0.8416666984558105,0.03761894255876541,0.5,0.6833333969116211,0.3416666666666667
60.0,60.0,1.0,14,0.4823465049266815,0.8583333492279053,0.07883433252573013,0.5,0.7166666984558105,0.35833333333333334
60.0,60.0,1.0,14,0.35162353515625,0.8916667103767395,0.04562653228640556,0.5,0.7833333611488342,0.39166666666666666
60.0,60.0,0.8166667222976685,15,0.5727552175521851,0.8000000715255737,0.22277285158634186,0.5,0.7833333611488342,0.48333333333333334
60.0,60.0,0.9500000476837158,15,0.4353814125061035,0.8416666984558105,0.14259876310825348,0.5,0.7333333492279053,0.39166666666666666
60.0,60.0,0.40000003576278687,16,1.9049781560897827,0.550000011920929,0.19600088894367218,0.5,0.7000000476837158,0.65
60.0,60.0,1.0,16,0.7354457974433899,0.8416666984558105,0.1799704134464264,0.5,0.6833333969116211,0.3416666666666667
60.0,60.0,1.0,17,0.8695788383483887,0.8083333969116211,0.08111326396465302,0.5,0.6166666746139526,0.30833333333333335
60.0,60.0,1.0,17,1.0197769403457642,0.8083333969116211,0.03423329442739487,0.5,0.6166666746139526,0.30833333333333335
60.0,60.0,1.0,18,1.2479887008666992,0.7833333611488342,0.11563064903020859,0.5,0.5666667222976685,0.2833333333333333
60.0,60.0,1.0,18,1.3723089694976807,0.7833333611488342,0.08435462415218353,0.5,0.5666667222976685,0.2833333333333333
60.0,60.0,0.9000000357627869,19,1.4506103992462158,0.7083333730697632,0.28832709789276123,0.5,0.5166667103767395,0.30833333333333335
60.0,60.0,0.9000000357627869,19,1.246082067489624,0.7333333492279053,0.26791223883628845,0.5,0.5666667222976685,0.3333333333333333
60.0,60.0,0.9333333969116211,20,1.133307695388794,0.7500000596046448,0.3094729781150818,0.5,0.5666667222976685,0.31666666666666665
60.0,60.0,0.8833333849906921,20,1.155311942100525,0.7250000238418579,0.3101951777935028,0.5,0.5666667222976685,0.3416666666666667
60.0,60.0,0.8666667342185974,21,0.845085084438324,0.7166666984558105,0.3439050614833832,0.5,0.5666667222976685,0.35
60.0,60.0,0.7500000596046448,21,0.5241566896438599,0.7916666865348816,0.3287923336029053,0.5,0.8333333730697632,0.5416666666666666
60.0,60.0,0.6500000357627869,22,0.38715460896492004,0.7333333492279053,0.3454939126968384,0.5,0.8166667222976685,0.5833333333333334
60.0,60.0,0.4333333671092987,22,0.3488658666610718,0.7166666984558105,0.3170137107372284,0.5,1.0,0.7833333333333333
60.0,60.0,0.46666669845581055,23,0.32886481285095215,0.7333333492279053,0.25266513228416443,0.5,1.0,0.7666666666666667
60.0,60.0,0.550000011920929,23,0.32385116815567017,0.7750000357627869,0.20950493216514587,0.5,1.0,0.725
60.0,60.0,0.45000001788139343,24,0.49781012535095215,0.7250000238418579,0.20926639437675476,0.5,1.0,0.775
60.0,60.0,0.3333333432674408,24,0.4988323748111725,0.6666666865348816,0.232380673289299,0.5,1.0,0.8333333333333334
60.0,60.0,0.5,25,0.37957707047462463,0.7500000596046448,0.28957119584083557,0.5,1.0,0.75
60.0,60.0,0.40000003576278687,25,0.3983350694179535,0.7000000476837158,0.2501924932003021,0.5,1.0,0.8
60.0,60.0,0.5333333611488342,26,0.3659413456916809,0.7583333849906921,0.18549281358718872,0.5,0.98333340883255,0.725
60.0,60.0,0.5833333730697632,26,0.312281996011734,0.7833333611488342,0.21190859377384186,0.5,0.98333340883255,0.7
60.0,60.0,0.6666666865348816,27,0.2851221561431885,0.8333333730697632,0.156121626496315,0.5,1.0,0.6666666666666666
60.0,60.0,0.4166666865348816,27,0.48745349049568176,0.7000000476837158,0.21918059885501862,0.5,0.98333340883255,0.7833333333333333
60.0,60.0,0.38333335518836975,28,0.5333458185195923,0.6500000357627869,0.31906113028526306,0.5,0.9166666865348816,0.7666666666666667
60.0,60.0,0.5166667103767395,28,0.3970433175563812,0.7500000596046448,0.21845953166484833,0.5,0.98333340883255,0.7333333333333333
60.0,60.0,0.3500000238418579,29,1.120674967765808,0.6250000596046448,0.1735876500606537,0.5,0.9000000357627869,0.775
60.0,60.0,0.3500000238418579,29,0.8606946468353271,0.6333333849906921,0.21209090948104858,0.5,0.9166666865348816,0.7833333333333333
60.0,60.0,0.5,30,0.5932801961898804,0.7166666984558105,0.18733040988445282,0.5,0.9333333969116211,0.7166666666666667
60.0,60.0,0.5833333730697632,30,0.4265494644641876,0.7500000596046448,0.1921612173318863,0.5,0.9166666865348816,0.6666666666666666
60.0,60.0,0.3333333432674408,31,0.6825706362724304,0.6583333611488342,0.22383086383342743,0.5,0.98333340883255,0.825
60.0,60.0,0.23333334922790527,31,0.8000206351280212,0.5916666984558105,0.25650691986083984,0.5,0.9500000476837158,0.8583333333333333
60.0,60.0,0.7333333492279053,32,0.22593146562576294,0.8333333730697632,0.21214023232460022,0.5,0.9333333969116211,0.6
60.0,60.0,0.6166666746139526,32,0.2575198709964752,0.7833333611488342,0.2548462748527527,0.5,0.9500000476837158,0.6666666666666666
60.0,60.0,0.31666669249534607,33,0.3787749111652374,0.6333333849906921,0.35054445266723633,0.5,0.9500000476837158,0.8166666666666667
60.0,60.0,0.4833333492279053,33,0.3600307106971741,0.6583333611488342,0.3749944567680359,0.5,0.8333333730697632,0.675
60.0,60.0,0.7833333611488342,34,0.3527917265892029,0.8500000238418579,0.4426608979701996,0.5,0.9166666865348816,0.5666666666666667
60.0,60.0,0.8000000715255737,34,0.3689022958278656,0.8583333492279053,0.45803797245025635,0.5,0.9166666865348816,0.5583333333333333
60.0,60.0,0.6333333849906921,35,0.4062100648880005,0.7750000357627869,0.46269917488098145,0.5,0.9166666865348816,0.6416666666666667
60.0,60.0,0.4333333671092987,35,0.463095486164093,0.6833333969116211,0.5167587399482727,0.5,0.9333333969116211,0.75
60.0,60.0,0.28333336114883423,36,0.47960901260375977,0.6166666746139526,0.42873066663742065,0.5,0.9500000476837158,0.8333333333333334
60.0,60.0,0.2666666805744171,36,0.40510886907577515,0.6333333849906921,0.40601426362991333,0.5,1.0,0.8666666666666667
60.0,60.0,0.30000001192092896,37,0.4357529282569885,0.6500000357627869,0.45714762806892395,0.5,1.0,0.85
60.0,60.0,0.46666669845581055,37,0.39591309428215027,0.7166666984558105,0.44722944498062134,0.5,0.9666666984558105,0.75
60.0,60.0,0.7333333492279053,38,0.4782243072986603,0.7750000357627869,0.5483891367912292,0.5,0.8166667222976685,0.5416666666666666
60.0,60.0,0.8666667342185974,38,0.5246999263763428,0.8166667222976685,0.5383049845695496,0.5,0.7666667103767395,0.45
60.0,60.0,0.30000001192092896,39,0.6107563376426697,0.550000011920929,0.5164026618003845,0.5,0.8000000715255737,0.75
60.0,60.0,0.31666669249534607,39,0.5522071123123169,0.5666667222976685,0.5093318223953247,0.5,0.8166667222976685,0.75
60.0,60.0,0.7500000596046448,40,0.40867865085601807,0.8166667222976685,0.4723568260669708,0.5,0.8833333849906921,0.5666666666666667
60.0,60.0,0.6166666746139526,40,0.37912675738334656,0.8000000715255737,0.4366873502731323,0.5,0.98333340883255,0.6833333333333333
60.0,60.0,0.28333336114883423,41,0.7453940510749817,0.6416667103767395,0.34099557995796204,0.5,1.0,0.8583333333333333
60.0,60.0,0.20000001788139343,41,0.7483068108558655,0.5833333730697632,0.3248974084854126,0.5,0.9666666984558105,0.8833333333333333
60.0,60.0,0.0,42,1.5183907747268677,0.4750000238418579,0.2047652304172516,0.5,0.9500000476837158,0.975
60.0,60.0,0.0,42,1.0816600322723389,0.491666704416275,0.28131213784217834,0.5,0.98333340883255,0.9916666666666667
60.0,60.0,0.0,43,1.127601981163025,0.4833333492279053,0.3457658588886261,0.5,0.9666666984558105,0.9833333333333333
60.0,60.0,1.0,43,0.5296981334686279,0.7916666865348816,0.4479520320892334,0.5,0.5833333730697632,0.2916666666666667
60.0,60.0,1.0,44,0.8374454975128174,0.7750000357627869,0.1520937979221344,0.5,0.550000011920929,0.275
60.0,60.0,1.0,44,1.0139347314834595,0.7583333849906921,0.11203085631132126,0.5,0.5166667103767395,0.25833333333333336
60.0,60.0,1.0,45,0.5107229948043823,0.8833333849906921,0.0860091969370842,0.5,0.7666667103767395,0.38333333333333336
60.0,60.0,1.0,45,0.710050106048584,0.8333333730697632,0.08666808158159256,0.5,0.6666666865348816,0.3333333333333333
60.0,60.0,1.0,46,0.3415379524230957,0.9000000357627869,0.06390109658241272,0.5,0.8000000715255737,0.4
60.0,60.0,1.0,46,0.2025228887796402,0.9166666865348816,0.10923176258802414,0.5,0.8333333730697632,0.4166666666666667
60.0,60.0,0.98333340883255,47,0.18013300001621246,0.9583333730697632,0.3172339200973511,0.5,0.9333333969116211,0.475
60.0,60.0,0.5833333730697632,47,0.4252517819404602,0.7833333611488342,0.4014071226119995,0.5,0.98333340883255,0.7
60.0,60.0,1.0,48,0.07419980317354202,0.9916667342185974,0.18636657297611237,0.5,0.98333340883255,0.49166666666666664
60.0,60.0,1.0,48,0.33921435475349426,0.8833333849906921,0.08366290479898453,0.5,0.7666667103767395,0.38333333333333336
60.0,60.0,1.0,49,0.2183629721403122,0.9250000715255737,0.08072611689567566,0.5,0.8500000238418579,0.425
60.0,60.0,1.0,49,0.37486034631729126,0.9083333611488342,0.06450453400611877,0.5,0.8166667222976685,0.4083333333333333
60.0,60.0,1.0,50,0.2956768870353699,0.9166666865348816,0.06288088858127594,0.5,0.8333333730697632,0.4166666666666667
60.0,60.0,1.0,50,0.4060613811016083,0.8750000596046448,0.0673423632979393,0.5,0.7500000596046448,0.375
60.0,60.0,1.0,51,0.21135260164737701,0.9416667222976685,0.1278855949640274,0.5,0.8833333849906921,0.44166666666666665
60.0,60.0,1.0,51,0.22220857441425323,0.9500000476837158,0.20645059645175934,0.5,0.9000000357627869,0.45
60.0,60.0,0.13333334028720856,52,1.120474100112915,0.5250000357627869,0.22387470304965973,0.5,0.9166666865348816,0.8916666666666667
60.0,60.0,1.0,52,0.5944673418998718,0.8666667342185974,0.05158121511340141,0.5,0.7333333492279053,0.36666666666666664
60.0,60.0,1.0,53,0.3434402048587799,0.9166666865348816,0.08400019258260727,0.5,0.8333333730697632,0.4166666666666667
60.0,60.0,1.0,53,0.842139720916748,0.8250000476837158,0.07814988493919373,0.5,0.6500000357627869,0.325
60.0,60.0,1.0,54,0.900128185749054,0.8416666984558105,0.057836584746837616,0.5,0.6833333969116211,0.3416666666666667
60.0,60.0,1.0,54,0.5307449698448181,0.8916667103767395,0.05550352856516838,0.5,0.7833333611488342,0.39166666666666666
60.0,60.0,1.0,55,0.5886662006378174,0.8833333849906921,0.0776050016283989,0.5,0.7666667103767395,0.38333333333333336
60.0,60.0,1.0,55,0.3839765191078186,0.9083333611488342,0.0949748307466507,0.5,0.8166667222976685,0.4083333333333333
60.0,60.0,1.0,56,0.27391719818115234,0.9333333969116211,0.05379394069314003,0.5,0.8666667342185974,0.43333333333333335
60.0,60.0,1.0,56,0.3976164758205414,0.8833333849906921,0.05644727125763893,0.5,0.7666667103767395,0.38333333333333336
60.0,60.0,1.0,57,0.38928112387657166,0.8416666984558105,0.09733814746141434,0.5,0.6833333969116211,0.3416666666666667
60.0,60.0,1.0,57,0.1075851246714592,0.9583333730697632,0.08619912713766098,0.5,0.9166666865348816,0.4583333333333333
60.0,60.0,1.0,58,0.15521302819252014,0.9750000238418579,0.2961499094963074,0.5,0.9500000476837158,0.475
60.0,60.0,0.98333340883255,58,0.2150806188583374,0.9666666984558105,0.3678794205188751,0.5,0.9500000476837158,0.48333333333333334
60.0,60.0,1.0,59,0.08653555065393448,0.9666666984558105,0.11479636281728745,0.5,0.9333333969116211,0.4666666666666667
60.0,60.0,1.0,59,0.08780565857887268,0.9583333730697632,0.07258013635873795,0.5,0.9166666865348816,0.4583333333333333
60.0,60.0,1.0,60,0.07814701646566391,0.9666666984558105,0.04349871724843979,0.5,0.9333333969116211,0.4666666666666667
60.0,60.0,1.0,60,0.19305144250392914,0.9416667222976685,0.07353461533784866,0.5,0.8833333849906921,0.44166666666666665
60.0,60.0,1.0,61,0.14116127789020538,0.9500000476837158,0.08061422407627106,0.5,0.9000000357627869,0.45
60.0,60.0,1.0,61,0.2681225538253784,0.9166666865348816,0.10929667949676514,0.5,0.8333333730697632,0.4166666666666667
60.0,60.0,0.98333340883255,62,0.149518221616745,0.9333333969116211,0.10950560867786407,0.5,0.8833333849906921,0.45
60.0,60.0,0.9666666984558105,62,0.0732220858335495,0.9666666984558105,0.08733061701059341,0.5,0.9666666984558105,0.5
60.0,60.0,0.23333334922790527,63,3.813105821609497,0.5833333730697632,0.07612460851669312,0.5,0.9333333969116211,0.85
60.0,60.0,0.5666667222976685,63,1.01882803440094,0.6833333969116211,0.16449904441833496,0.5,0.8000000715255737,0.6166666666666667
60.0,60.0,1.0,64,0.3552367091178894,0.9250000715255737,0.047783371061086655,0.5,0.8500000238418579,0.425
60.0,60.0,1.0,64,0.30845534801483154,0.9250000715255737,0.05969167873263359,0.5,0.8500000238418579,0.425
60.0,60.0,1.0,65,0.8664041757583618,0.8833333849906921,0.07265516370534897,0.5,0.7666667103767395,0.38333333333333336
60.0,60.0,1.0,65,1.3368827104568481,0.8500000238418579,0.03454418480396271,0.5,0.7000000476837158,0.35
60.0,60.0,1.0,66,1.1261928081512451,0.8916667103767395,0.05264735594391823,0.5,0.7833333611488342,0.39166666666666666
60.0,60.0,1.0,66,1.6485942602157593,0.8500000238418579,0.038335371762514114,0.5,0.7000000476837158,0.35
60.0,60.0,0.98333340883255,67,1.5952770709991455,0.8250000476837158,0.11572376638650894,0.5,0.6666666865348816,0.3416666666666667
60.0,60.0,1.0,67,1.9067341089248657,0.8416666984558105,0.08597256988286972,0.5,0.6833333969116211,0.3416666666666667
60.0,60.0,0.31666669249534607,68,4.8091654777526855,0.5333333611488342,0.11869757622480392,0.5,0.7500000596046448,0.7166666666666667
60.0,60.0,0.4333333671092987,68,2.532589912414551,0.5916666984558105,0.1414535492658615,0.5,0.7500000596046448,0.6583333333333333
60.0,60.0,0.6000000238418579,69,2.610475778579712,0.7000000476837158,0.08359748870134354,0.5,0.8000000715255737,0.6
60.0,60.0,0.9500000476837158,69,1.487507939338684,0.8583333492279053,0.08562321215867996,0.5,0.7666667103767395,0.4083333333333333
60.0,60.0,1.0,70,2.093329429626465,0.8500000238418579,0.044594258069992065,0.5,0.7000000476837158,0.35
60.0,60.0,1.0,70,1.9534910917282104,0.8833333849906921,0.02858729660511017,0.5,0.7666667103767395,0.38333333333333336
60.0,60.0,1.0,71,2.8062102794647217,0.8166667222976685,0.029193175956606865,0.5,0.6333333849906921,0.31666666666666665
60.0,60.0,1.0,71,2.5439343452453613,0.8333333730697632,0.008149483241140842,0.5,0.6666666865348816,0.3333333333333333
60.0,60.0,1.0,72,3.2086710929870605,0.7750000357627869,0.04306647926568985,0.5,0.550000011920929,0.275
60.0,60.0,1.0,72,2.7611334323883057,0.8000000715255737,0.010053041391074657,0.5,0.6000000238418579,0.3
60.0,60.0,1.0,73,1.8355761766433716,0.8500000238418579,0.02250227890908718,0.5,0.7000000476837158,0.35
60.0,60.0,1.0,73,1.3620798587799072,0.8416666984558105,0.03236062079668045,0.5,0.6833333969116211,0.3416666666666667
60.0,60.0,1.0,74,1.4518423080444336,0.7916666865348816,0.027768781408667564,0.5,0.5833333730697632,0.2916666666666667
60.0,60.0,1.0,74,0.7693803310394287,0.8750000596046448,0.025191044434905052,0.5,0.7500000596046448,0.375
60.0,60.0,0.28333336114883423,75,4.662296772003174,0.5833333730697632,0.11163292825222015,0.5,0.8833333849906921,0.8
60.0,60.0,0.40000003576278687,75,4.091019630432129,0.6333333849906921,0.18357042968273163,0.5,0.8666667342185974,0.7333333333333333
60.0,60.0,0.0,76,14.989960670471191,0.4333333671092987,0.04932214692234993,0.5,0.8666667342185974,0.9333333333333333
60.0,60.0,0.0,76,8.919727325439453,0.40833336114883423,0.05358400568366051,0.5,0.8166667222976685,0.9083333333333333
60.0,60.0,0.0833333358168602,77,2.706418514251709,0.3500000238418579,0.20337948203086853,0.5,0.6166666746139526,0.7666666666666667
60.0,60.0,1.0,77,1.948082447052002,0.7666667103767395,0.06372907012701035,0.5,0.5333333611488342,0.26666666666666666
60.0,60.0,0.9000000357627869,78,2.672351837158203,0.6916667222976685,0.141834557056427,0.5,0.4833333492279053,0.2916666666666667
60.0,60.0,1.0,78,2.8022468090057373,0.7083333730697632,0.0863160640001297,0.5,0.4166666865348816,0.20833333333333334
60.0,60.0,0.8166667222976685,79,4.176717758178711,0.6166666746139526,0.05418900027871132,0.5,0.4166666865348816,0.3
60.0,60.0,0.7833333611488342,79,4.2563395500183105,0.5833333730697632,0.09236743301153183,0.5,0.38333335518836975,0.3
60.0,60.0,0.5666667222976685,80,4.831944942474365,0.5166667103767395,0.15309733152389526,0.5,0.46666669845581055,0.45
60.0,60.0,0.6333333849906921,80,4.394920349121094,0.5083333849906921,0.1624499261379242,0.5,0.38333335518836975,0.375
60.0,60.0,0.9000000357627869,81,4.504289150238037,0.6250000596046448,0.10798052698373795,0.5,0.3500000238418579,0.225
60.0,60.0,0.8666667342185974,81,3.903837203979492,0.6583333611488342,0.0683644488453865,0.5,0.45000001788139343,0.2916666666666667
60.0,60.0,0.9666666984558105,82,3.7957775592803955,0.7083333730697632,0.1677931249141693,0.5,0.45000001788139343,0.24166666666666667
60.0,60.0,0.9000000357627869,82,2.592118501663208,0.6833333969116211,0.14415515959262848,0.5,0.46666669845581055,0.2833333333333333
60.0,60.0,1.0,83,2.54386043548584,0.7500000596046448,0.0213867649435997,0.5,0.5,0.25
60.0,60.0,1.0,83,2.7130794525146484,0.7166666984558105,0.05041833594441414,0.5,0.4333333671092987,0.21666666666666667
60.0,60.0,1.0,84,2.1055355072021484,0.7583333849906921,0.07367531210184097,0.5,0.5166667103767395,0.25833333333333336
60.0,60.0,1.0,84,1.553937315940857,0.7666667103767395,0.08226115256547928,0.5,0.5333333611488342,0.26666666666666666
60.0,60.0,1.0,85,1.010870099067688,0.8083333969116211,0.08556041121482849,0.5,0.6166666746139526,0.30833333333333335
60.0,60.0,1.0,85,0.8807950615882874,0.7916666865348816,0.11366055905818939,0.5,0.5833333730697632,0.2916666666666667
60.0,60.0,1.0,86,0.63223797082901,0.8000000715255737,0.08357077091932297,0.5,0.6000000238418579,0.3
60.0,60.0,1.0,86,0.1776564121246338,0.9250000715255737,0.1430356353521347,0.5,0.8500000238418579,0.425
60.0,60.0,0.98333340883255,87,0.18476510047912598,0.9166666865348816,0.2947915196418762,0.5,0.8500000238418579,0.43333333333333335
60.0,60.0,0.0,87,1.243146538734436,0.491666704416275,0.23925049602985382,0.5,0.98333340883255,0.9916666666666667
60.0,60.0,0.13333334028720856,88,0.44403573870658875,0.5666667222976685,0.4268548786640167,0.5,1.0,0.9333333333333333
60.0,60.0,1.0,88,0.07944591343402863,0.9750000238418579,0.147944375872612,0.5,0.9500000476837158,0.475
60.0,60.0,1.0,89,0.08674998581409454,0.9583333730697632,0.09231209009885788,0.5,0.9166666865348816,0.4583333333333333
60.0,60.0,1.0,89,0.18694758415222168,0.9250000715255737,0.09217393398284912,0.5,0.8500000238418579,0.425
60.0,60.0,1.0,90,0.21273860335350037,0.9000000357627869,0.09670434147119522,0.5,0.8000000715255737,0.4
60.0,60.0,1.0,90,0.28243741393089294,0.9166666865348816,0.09008487313985825,0.5,0.8333333730697632,0.4166666666666667
60.0,60.0,1.0,91,0.13750329613685608,0.9583333730697632,0.0930059626698494,0.5,0.9166666865348816,0.4583333333333333
60.0,60.0,1.0,91,0.27200454473495483,0.9000000357627869,0.09821464866399765,0.5,0.8000000715255737,0.4
60.0,60.0,1.0,92,0.29049402475357056,0.8916667103767395,0.10543006658554077,0.5,0.7833333611488342,0.39166666666666666
60.0,60.0,1.0,92,0.3191685378551483,0.8500000238418579,0.11699775606393814,0.5,0.7000000476837158,0.35
60.0,60.0,1.0,93,0.17885078489780426,0.9250000715255737,0.09537729620933533,0.5,0.8500000238418579,0.425
60.0,60.0,1.0,93,0.10336736589670181,0.9583333730697632,0.0839957594871521,0.5,0.9166666865348816,0.4583333333333333
60.0,60.0,1.0,94,0.09471864998340607,0.9500000476837158,0.11417225748300552,0.5,0.9000000357627869,0.45
60.0,60.0,1.0,94,0.0997086688876152,0.9916667342185974,0.2424905002117157,0.5,0.98333340883255,0.49166666666666664
60.0,60.0,1.0,95,0.1876988559961319,0.98333340883255,0.3375709652900696,0.5,0.9666666984558105,0.48333333333333334
60.0,60.0,1.0,95,0.08987931162118912,0.9750000238418579,0.20313915610313416,0.5,0.9500000476837158,0.475
60.0,60.0,1.0,96,0.10168007016181946,0.9500000476837158,0.14030270278453827,0.5,0.9000000357627869,0.45
60.0,60.0,1.0,96,0.10308049619197845,0.9500000476837158,0.09549244493246078,0.5,0.9000000357627869,0.45
60.0,60.0,1.0,97,0.20268931984901428,0.8916667103767395,0.11445331573486328,0.5,0.7833333611488342,0.39166666666666666
60.0,60.0,1.0,97,0.11604096740484238,0.9500000476837158,0.07642355561256409,0.5,0.9000000357627869,0.45
60.0,60.0,1.0,98,0.13979610800743103,0.9416667222976685,0.1198895201086998,0.5,0.8833333849906921,0.44166666666666665
60.0,60.0,1.0,98,0.17609967291355133,0.9250000715255737,0.15668436884880066,0.5,0.8500000238418579,0.425
60.0,60.0,0.03333333507180214,99,3.9370713233947754,0.4583333432674408,0.15458105504512787,0.5,0.8833333849906921,0.925
60.0,60.0,0.3500000238418579,99,2.7019715309143066,0.5916666984558105,0.16009792685508728,0.5,0.8333333730697632,0.7416666666666667
60.0,60.0,0.0,100,10.511788368225098,0.40000003576278687,0.0676569789648056,0.5,0.8000000715255737,0.9
60.0,60.0,0.0,100,8.814960479736328,0.3750000298023224,0.0813070610165596,0.5,0.7500000596046448,0.875
60.0,60.0,0.0,101,10.597187042236328,0.3750000298023224,0.054424457252025604,0.5,0.7500000596046448,0.875
60.0,60.0,0.0,101,7.110333442687988,0.32500001788139343,0.05173606425523758,0.5,0.6500000357627869,0.825
60.0,60.0,0.01666666753590107,102,5.236561298370361,0.31666669249534607,0.09606906771659851,0.5,0.6166666746139526,0.8
60.0,60.0,0.7000000476837158,102,2.5096659660339355,0.6500000357627869,0.24264149367809296,0.5,0.6000000238418579,0.45
60.0,60.0,1.0,103,2.979546546936035,0.7250000238418579,0.09596005082130432,0.5,0.45000001788139343,0.225
60.0,60.0,1.0,103,3.327716827392578,0.7000000476837158,0.052383534610271454,0.5,0.40000003576278687,0.2
60.0,60.0,1.0,104,4.071417331695557,0.6833333969116211,0.05455310642719269,0.5,0.36666667461395264,0.18333333333333332
60.0,60.0,1.0,104,3.6607844829559326,0.7250000238418579,0.08729202300310135,0.5,0.45000001788139343,0.225
60.0,60.0,1.0,105,4.031575679779053,0.7250000238418579,0.05217822641134262,0.5,0.45000001788139343,0.225
60.0,60.0,1.0,105,3.2410848140716553,0.7333333492279053,0.060712944716215134,0.5,0.46666669845581055,0.23333333333333334
60.0,60.0,1.0,106,3.7830557823181152,0.7416667342185974,0.09203943610191345,0.5,0.4833333492279053,0.24166666666666667
60.0,60.0,1.0,106,3.4647727012634277,0.7083333730697632,0.0517137236893177,0.5,0.4166666865348816,0.20833333333333334
60.0,60.0,1.0,107,3.4307944774627686,0.7500000596046448,0.04165111854672432,0.5,0.5,0.25
60.0,60.0,1.0,107,3.978785991668701,0.7083333730697632,0.03634009510278702,0.5,0.4166666865348816,0.20833333333333334
60.0,60.0,1.0,108,2.309130907058716,0.7916666865348816,0.060443855822086334,0.5,0.5833333730697632,0.2916666666666667
60.0,60.0,1.0,108,3.2510714530944824,0.7166666984558105,0.04357203468680382,0.5,0.4333333671092987,0.21666666666666667
60.0,60.0,1.0,109,2.1928110122680664,0.8000000715255737,0.044718071818351746,0.5,0.6000000238418579,0.3
60.0,60.0,1.0,109,2.227400541305542,0.7583333849906921,0.029673563316464424,0.5,0.5166667103767395,0.25833333333333336
60.0,60.0,1.0,110,1.6052180528640747,0.8083333969116211,0.04195186123251915,0.5,0.6166666746139526,0.30833333333333335
60.0,60.0,1.0,110,1.505249261856079,0.7750000357627869,0.03708804026246071,0.5,0.550000011920929,0.275
60.0,60.0,1.0,111,1.0925031900405884,0.8083333969116211,0.050480905920267105,0.5,0.6166666746139526,0.30833333333333335
60.0,60.0,1.0,111,0.8993510007858276,0.8333333730697632,0.0546492263674736,0.5,0.6666666865348816,0.3333333333333333
60.0,60.0,1.0,112,0.4445526897907257,0.8750000596046448,0.07673437148332596,0.5,0.7500000596046448,0.375
60.0,60.0,1.0,112,0.34252187609672546,0.8833333849906921,0.17827551066875458,0.5,0.7666667103767395,0.38333333333333336
60.0,60.0,0.7500000596046448,113,0.32891473174095154,0.8500000238418579,0.3638301491737366,0.5,0.9500000476837158,0.6
60.0,60.0,0.10000000894069672,113,0.8037477135658264,0.5250000357627869,0.3197592496871948,0.5,0.9500000476837158,0.925
60.0,60.0,0.7000000476837158,114,0.3747606575489044,0.8250000476837158,0.3839016556739807,0.5,0.9500000476837158,0.625
60.0,60.0,0.7000000476837158,114,0.34098321199417114,0.8166667222976685,0.3533387780189514,0.5,0.9333333969116211,0.6166666666666667
60.0,60.0,0.8833333849906921,115,0.3497406244277954,0.8583333492279053,0.3582417964935303,0.5,0.8333333730697632,0.475
60.0,60.0,1.0,115,0.2557259202003479,0.9250000715255737,0.19337299466133118,0.5,0.8500000238418579,0.425
60.0,60.0,0.8666667342185974,116,0.34859544038772583,0.8500000238418579,0.28652384877204895,0.5,0.8333333730697632,0.48333333333333334
60.0,60.0,1.0,116,0.27528417110443115,0.8916667103767395,0.1814432293176651,0.5,0.7833333611488342,0.39166666666666666
60.0,60.0,1.0,117,0.4489988684654236,0.8583333492279053,0.22833994030952454,0.5,0.7166666984558105,0.35833333333333334
60.0,60.0,1.0,117,0.27388763427734375,0.9083333611488342,0.17000511288642883,0.5,0.8166667222976685,0.4083333333333333
60.0,60.0,1.0,118,0.42031195759773254,0.8833333849906921,0.3491341769695282,0.5,0.7666667103767395,0.38333333333333336
60.0,60.0,1.0,118,0.364933580160141,0.8750000596046448,0.23125512897968292,0.5,0.7500000596046448,0.375
60.0,60.0,1.0,119,0.3825935423374176,0.9083333611488342,0.25569862127304077,0.5,0.8166667222976685,0.4083333333333333
60.0,60.0,1.0,119,0.28807684779167175,0.9083333611488342,0.1400645226240158,0.5,0.8166667222976685,0.4083333333333333
60.0,60.0,0.31666669249534607,120,1.6232209205627441,0.5416666865348816,0.15595334768295288,0.5,0.7666667103767395,0.725
60.0,60.0,0.8833333849906921,120,0.71607506275177,0.8083333969116211,0.15591898560523987,0.5,0.7333333492279053,0.425
60.0,60.0,1.0,121,0.5061299204826355,0.9000000357627869,0.025890903547406197,0.5,0.8000000715255737,0.4
60.0,60.0,1.0,121,0.5660820007324219,0.8583333492279053,0.07537411153316498,0.5,0.7166666984558105,0.35833333333333334
60.0,60.0,1.0,122,0.6614949703216553,0.8666667342185974,0.04132727533578873,0.5,0.7333333492279053,0.36666666666666664
60.0,60.0,1.0,122,1.07998788356781,0.8000000715255737,0.04295375570654869,0.5,0.6000000238418579,0.3
60.0,60.0,1.0,123,0.710477888584137,0.8583333492279053,0.03703337535262108,0.5,0.7166666984558105,0.35833333333333334
60.0,60.0,1.0,123,0.6649673581123352,0.8500000238418579,0.06897230446338654,0.5,0.7000000476837158,0.35
60.0,60.0,1.0,124,0.6063212156295776,0.8583333492279053,0.04417417198419571,0.5,0.7166666984558105,0.35833333333333334
60.0,60.0,1.0,124,0.34425443410873413,0.9000000357627869,0.043493229895830154,0.5,0.8000000715255737,0.4
60.0,60.0,1.0,125,0.37107011675834656,0.8916667103767395,0.06558901816606522,0.5,0.7833333611488342,0.39166666666666666
60.0,60.0,1.0,125,0.33362534642219543,0.8833333849906921,0.1136903315782547,0.5,0.7666667103767395,0.38333333333333336
60.0,60.0,1.0,126,0.20934394001960754,0.9416667222976685,0.17803247272968292,0.5,0.8833333849906921,0.44166666666666665
60.0,60.0,1.0,126,0.3138505518436432,0.9083333611488342,0.31381282210350037,0.5,0.8166667222976685,0.4083333333333333
60.0,60.0,1.0,127,0.35360583662986755,0.8833333849906921,0.37311607599258423,0.5,0.7666667103767395,0.38333333333333336
60.0,60.0,1.0,127,0.21808791160583496,0.9166666865348816,0.30253615975379944,0.5,0.8333333730697632,0.4166666666666667
60.0,60.0,1.0,128,0.2061896175146103,0.8916667103767395,0.22591157257556915,0.5,0.7833333611488342,0.39166666666666666
60.0,60.0,1.0,128,0.1738496869802475,0.9083333611488342,0.1459103375673294,0.5,0.8166667222976685,0.4083333333333333
60.0,60.0,1.0,129,0.06878085434436798,0.9666666984558105,0.08715679496526718,0.5,0.9333333969116211,0.4666666666666667
60.0,60.0,1.0,129,0.15422764420509338,0.9166666865348816,0.08198294788599014,0.5,0.8333333730697632,0.4166666666666667
60.0,60.0,1.0,130,0.028247937560081482,0.9916667342185974,0.07118009030818939,0.5,0.98333340883255,0.49166666666666664
60.0,60.0,1.0,130,0.17963820695877075,0.9000000357627869,0.13173282146453857,0.5,0.8000000715255737,0.4
60.0,60.0,1.0,131,0.09896135330200195,0.9416667222976685,0.13396744430065155,0.5,0.8833333849906921,0.44166666666666665
60.0,60.0,1.0,131,0.12180071324110031,0.9250000715255737,0.15830320119857788,0.5,0.8500000238418579,0.425
60.0,60.0,1.0,132,0.09728734195232391,0.9583333730697632,0.18875516951084137,0.5,0.9166666865348816,0.4583333333333333
60.0,60.0,1.0,132,0.11906592547893524,0.9333333969116211,0.1968335658311844,0.5,0.8666667342185974,0.43333333333333335
60.0,60.0,1.0,133,0.11136632412672043,0.9416667222976685,0.19432960450649261,0.5,0.8833333849906921,0.44166666666666665
60.0,60.0,1.0,133,0.14483807981014252,0.9166666865348816,0.18684667348861694,0.5,0.8333333730697632,0.4166666666666667
60.0,60.0,1.0,134,0.10922326892614365,0.9250000715255737,0.1618756800889969,0.5,0.8500000238418579,0.425
60.0,60.0,1.0,134,0.05076833441853523,0.98333340883255,0.1210179328918457,0.5,0.9666666984558105,0.48333333333333334
60.0,60.0,1.0,135,0.0776289775967598,0.9583333730697632,0.1120564267039299,0.5,0.9166666865348816,0.4583333333333333
60.0,60.0,1.0,135,0.07716711610555649,0.9500000476837158,0.11694223433732986,0.5,0.9000000357627869,0.45
60.0,60.0,1.0,136,0.05336199328303337,0.9750000238418579,0.0927860215306282,0.5,0.9500000476837158,0.475
60.0,60.0,1.0,136,0.09374862909317017,0.9583333730697632,0.13391730189323425,0.5,0.9166666865348816,0.4583333333333333
60.0,60.0,0.23333334922790527,137,1.2110466957092285,0.5833333730697632,0.17929112911224365,0.5,0.9333333969116211,0.85
60.0,60.0,0.9000000357627869,137,0.31752052903175354,0.8583333492279053,0.23651261627674103,0.5,0.8166667222976685,0.4583333333333333
60.0,60.0,0.7000000476837158,138,0.5630550384521484,0.7500000596046448,0.14170564711093903,0.5,0.8000000715255737,0.55
60.0,60.0,1.0,138,0.44193077087402344,0.8583333492279053,0.08523589372634888,0.5,0.7166666984558105,0.35833333333333334
60.0,60.0,1.0,139,0.44887858629226685,0.8750000596046448,0.06451503932476044,0.5,0.7500000596046448,0.375
60.0,60.0,1.0,139,0.3850216567516327,0.9000000357627869,0.05110124871134758,0.5,0.8000000715255737,0.4
60.0,60.0,1.0,140,0.7223158478736877,0.8166667222976685,0.04949713870882988,0.5,0.6333333849906921,0.31666666666666665
60.0,60.0,1.0,140,0.7435759902000427,0.8250000476837158,0.09780994802713394,0.5,0.6500000357627869,0.325
60.0,60.0,1.0,141,0.3703778088092804,0.9083333611488342,0.054259780794382095,0.5,0.8166667222976685,0.4083333333333333
60.0,60.0,1.0,141,0.4763527810573578,0.8833333849906921,0.052067384123802185,0.5,0.7666667103767395,0.38333333333333336
60.0,60.0,1.0,142,0.28069162368774414,0.9250000715255737,0.05609280616044998,0.5,0.8500000238418579,0.425
60.0,60.0,1.0,142,0.41473937034606934,0.9000000357627869,0.04616130515933037,0.5,0.8000000715255737,0.4
60.0,60.0,1.0,143,0.6007586717605591,0.8416666984558105,0.05934865027666092,0.5,0.6833333969116211,0.3416666666666667
60.0,60.0,1.0,143,0.5123960375785828,0.8833333849906921,0.05101389437913895,0.5,0.7666667103767395,0.38333333333333336
60.0,60.0,1.0,144,0.4305172860622406,0.8750000596046448,0.06857327371835709,0.5,0.7500000596046448,0.375
60.0,60.0,1.0,144,0.35037699341773987,0.9083333611488342,0.058837782591581345,0.5,0.8166667222976685,0.4083333333333333
60.0,60.0,1.0,145,0.3410845100879669,0.8750000596046448,0.08926738053560257,0.5,0.7500000596046448,0.375
60.0,60.0,1.0,145,0.4609682857990265,0.8416666984558105,0.08958256244659424,0.5,0.6833333969116211,0.3416666666666667
60.0,60.0,0.6333333849906921,146,1.085020661354065,0.7000000476837158,0.10195088386535645,0.5,0.7666667103767395,0.5666666666666667
60.0,60.0,0.6500000357627869,146,0.849036455154419,0.7583333849906921,0.08156419545412064,0.5,0.8666667342185974,0.6083333333333333
60.0,60.0,0.45000001788139343,147,1.920182704925537,0.6000000238418579,0.24594910442829132,0.5,0.7500000596046448,0.65
60.0,60.0,0.6666666865348816,147,0.968963623046875,0.7416667342185974,0.17832837998867035,0.5,0.8166667222976685,0.575
60.0,60.0,0.01666666753590107,148,4.469063758850098,0.40000003576278687,0.08288246393203735,0.5,0.7833333611488342,0.8833333333333333
60.0,60.0,0.05000000447034836,148,2.1659536361694336,0.4166666865348816,0.15895730257034302,0.5,0.7833333611488342,0.8666666666666667
60.0,60.0,0.8166667222976685,149,0.883270800113678,0.7500000596046448,0.2906947731971741,0.5,0.6833333969116211,0.43333333333333335
60.0,60.0,0.8500000238418579,149,0.8950017690658569,0.7916666865348816,0.1982048749923706,0.5,0.7333333492279053,0.44166666666666665
60.0,60.0,0.28333336114883423,150,4.409717082977295,0.4583333432674408,0.1370924860239029,0.5,0.6333333849906921,0.675
60.0,60.0,0.38333335518836975,150,3.3806064128875732,0.5166667103767395,0.13345541059970856,0.5,0.6500000357627869,0.6333333333333333
60.0,60.0,0.9166666865348816,151,1.2119919061660767,0.8250000476837158,0.07062635570764542,0.5,0.7333333492279053,0.4083333333333333
60.0,60.0,1.0,151,1.3249757289886475,0.7750000357627869,0.05110001191496849,0.5,0.550000011920929,0.275
60.0,60.0,0.5333333611488342,152,3.0996038913726807,0.550000011920929,0.10843617469072342,0.5,0.5666667222976685,0.5166666666666667
60.0,60.0,0.5666667222976685,152,2.556128740310669,0.6083333492279053,0.12227631360292435,0.5,0.6500000357627869,0.5416666666666666
60.0,60.0,0.5166667103767395,153,2.096910238265991,0.5583333373069763,0.11490558087825775,0.5,0.6000000238418579,0.5416666666666666
60.0,60.0,0.4333333671092987,153,1.8525468111038208,0.5333333611488342,0.1833595633506775,0.5,0.6333333849906921,0.6
60.0,60.0,0.8166667222976685,154,1.5663262605667114,0.7250000238418579,0.07943032681941986,0.5,0.6333333849906921,0.4083333333333333
60.0,60.0,0.7833333611488342,154,1.4776332378387451,0.7000000476837158,0.10371261090040207,0.5,0.6166666746139526,0.4166666666666667
60.0,60.0,0.4333333671092987,155,2.0387892723083496,0.5250000357627869,0.16401690244674683,0.5,0.6166666746139526,0.5916666666666667
60.0,60.0,0.550000011920929,155,1.9188827276229858,0.5250000357627869,0.16006584465503693,0.5,0.5,0.475
60.0,60.0,0.9000000357627869,156,1.6963547468185425,0.6333333849906921,0.16276490688323975,0.5,0.36666667461395264,0.23333333333333334
60.0,60.0,0.8833333849906921,156,1.5620781183242798,0.6500000357627869,0.15140166878700256,0.5,0.4166666865348816,0.26666666666666666
60.0,60.0,0.8333333730697632,157,1.4957454204559326,0.6666666865348816,0.14858542382717133,0.5,0.5,0.3333333333333333
60.0,60.0,0.8166667222976685,157,1.3980894088745117,0.6333333849906921,0.21260523796081543,0.5,0.45000001788139343,0.31666666666666665
60.0,60.0,0.7666667103767395,158,0.8929787278175354,0.675000011920929,0.3203500211238861,0.5,0.5833333730697632,0.4083333333333333
60.0,60.0,0.8000000715255737,158,0.6989443302154541,0.7166666984558105,0.3013589382171631,0.5,0.6333333849906921,0.4166666666666667
60.0,60.0,0.8333333730697632,159,0.6788086295127869,0.7166666984558105,0.2964674234390259,0.5,0.6000000238418579,0.38333333333333336
60.0,60.0,0.8166667222976685,159,0.4856649935245514,0.7250000238418579,0.27738332748413086,0.5,0.6333333849906921,0.4083333333333333
60.0,60.0,0.8000000715255737,160,0.5586302876472473,0.7750000357627869,0.18221214413642883,0.5,0.7500000596046448,0.475
60.0,60.0,0.8000000715255737,160,0.4353007972240448,0.7666667103767395,0.202926903963089,0.5,0.7333333492279053,0.4666666666666667
60.0,60.0,0.5,161,0.7677963376045227,0.6333333849906921,0.24404898285865784,0.5,0.7666667103767395,0.6333333333333333
60.0,60.0,0.38333335518836975,161,0.8043151497840881,0.6083333492279053,0.25628942251205444,0.5,0.8333333730697632,0.725
60.0,60.0,0.7166666984558105,162,0.4368990361690521,0.7250000238418579,0.28416708111763,0.5,0.7333333492279053,0.5083333333333333
60.0,60.0,0.46666669845581055,162,0.6204193234443665,0.6083333492279053,0.3326910138130188,0.5,0.7500000596046448,0.6416666666666667
60.0,60.0,0.4833333492279053,163,0.4875120520591736,0.6416667103767395,0.25338831543922424,0.5,0.8000000715255737,0.6583333333333333
60.0,60.0,0.4833333492279053,163,0.5476714968681335,0.6416667103767395,0.27411478757858276,0.5,0.8000000715255737,0.6583333333333333
60.0,60.0,0.40000003576278687,164,1.042447566986084,0.6333333849906921,0.21715611219406128,0.5,0.8666667342185974,0.7333333333333333
60.0,60.0,0.28333336114883423,164,1.2253921031951904,0.5250000357627869,0.25143811106681824,0.5,0.7666667103767395,0.7416666666666667
60.0,60.0,0.10000000894069672,165,4.0071868896484375,0.4750000238418579,0.1583482176065445,0.5,0.8500000238418579,0.875
60.0,60.0,0.10000000894069672,165,4.597063064575195,0.46666669845581055,0.16174785792827606,0.5,0.8333333730697632,0.8666666666666667
60.0,60.0,0.0,166,6.541476726531982,0.44166669249534607,0.08429313451051712,0.5,0.8833333849906921,0.9416666666666667
60.0,60.0,0.0,166,3.755140781402588,0.38333335518836975,0.11423981189727783,0.5,0.7666667103767395,0.8833333333333333
60.0,60.0,0.01666666753590107,167,0.9606446623802185,0.30000001192092896,0.5755642652511597,0.5,0.5833333730697632,0.7833333333333333
60.0,60.0,1.0,167,2.061150312423706,0.5083333849906921,0.10175411403179169,0.5,0.01666666753590107,0.008333333333333333
60.0,60.0,1.0,168,3.759211301803589,0.5166667103767395,0.18877561390399933,0.5,0.03333333507180214,0.016666666666666666
60.0,60.0,0.98333340883255,168,2.8813562393188477,0.5333333611488342,0.29486116766929626,0.5,0.0833333358168602,0.05
60.0,60.0,0.9000000357627869,169,4.303342819213867,0.5166667103767395,0.2654297351837158,0.5,0.13333334028720856,0.11666666666666667
60.0,60.0,0.8666667342185974,169,2.584740400314331,0.6000000238418579,0.34173935651779175,0.5,0.3333333432674408,0.23333333333333334
60.0,60.0,0.7000000476837158,170,1.658944010734558,0.6500000357627869,0.30972200632095337,0.5,0.6000000238418579,0.45
60.0,60.0,0.550000011920929,170,1.7472665309906006,0.5333333611488342,0.3173030912876129,0.5,0.5166667103767395,0.48333333333333334
60.0,60.0,0.38333335518836975,171,1.0230753421783447,0.550000011920929,0.36565858125686646,0.5,0.7166666984558105,0.6666666666666666
60.0,60.0,0.3500000238418579,171,0.9141727685928345,0.5583333373069763,0.40572428703308105,0.5,0.7666667103767395,0.7083333333333334
60.0,60.0,0.36666667461395264,172,0.6116793751716614,0.6500000357627869,0.33784618973731995,0.5,0.9333333969116211,0.7833333333333333
60.0,60.0,0.4333333671092987,172,0.505181074142456,0.7166666984558105,0.33465999364852905,0.5,1.0,0.7833333333333333
60.0,60.0,0.18333333730697632,173,1.024053931236267,0.5916666984558105,0.27089229226112366,0.5,1.0,0.9083333333333333
60.0,60.0,0.15000000596046448,173,1.1610569953918457,0.5666667222976685,0.21076880395412445,0.5,0.98333340883255,0.9166666666666666
60.0,60.0,0.0,174,7.23935604095459,0.5,0.04563797637820244,0.5,1.0,1.0
60.0,60.0,0.0,174,7.7388458251953125,0.5,0.07928957045078278,0.5,1.0,1.0
60.0,60.0,0.0,175,10.09638500213623,0.5,0.05056222528219223,0.5,1.0,1.0
60.0,60.0,0.0,175,9.828271865844727,0.5,0.050766367465257645,0.5,1.0,1.0
60.0,60.0,0.0,176,11.763863563537598,0.5,0.06438149511814117,0.5,1.0,1.0
60.0,60.0,0.0,176,9.792887687683105,0.5,0.11233607679605484,0.5,1.0,1.0
60.0,60.0,0.0,177,7.206730365753174,0.45000001788139343,0.09284430742263794,0.5,0.9000000357627869,0.95
60.0,60.0,0.0,177,3.923739433288574,0.4166666865348816,0.08656474202871323,0.5,0.8333333730697632,0.9166666666666666
60.0,60.0,0.05000000447034836,178,1.4698456525802612,0.3583333492279053,0.30667364597320557,0.5,0.6666666865348816,0.8083333333333333
60.0,60.0,1.0,178,0.7813823819160461,0.7666667103767395,0.16424477100372314,0.5,0.5333333611488342,0.26666666666666666
60.0,60.0,1.0,179,1.2008702754974365,0.7250000238418579,0.0840495154261589,0.5,0.45000001788139343,0.225
60.0,60.0,1.0,179,1.3761398792266846,0.7583333849906921,0.08954908698797226,0.5,0.5166667103767395,0.25833333333333336
60.0,60.0,1.0,180,2.0823490619659424,0.7000000476837158,0.0681399554014206,0.5,0.40000003576278687,0.2
60.0,60.0,1.0,180,2.307133913040161,0.6500000357627869,0.06324557214975357,0.5,0.30000001192092896,0.15
60.0,60.0,1.0,181,1.8692638874053955,0.6833333969116211,0.10324427485466003,0.5,0.36666667461395264,0.18333333333333332
60.0,60.0,1.0,181,2.8332128524780273,0.6333333849906921,0.05070219561457634,0.5,0.2666666805744171,0.13333333333333333
60.0,60.0,1.0,182,3.008232355117798,0.6333333849906921,0.06975550949573517,0.5,0.2666666805744171,0.13333333333333333
60.0,60.0,1.0,182,3.49568510055542,0.6083333492279053,0.049740005284547806,0.5,0.21666668355464935,0.10833333333333334
60.0,60.0,1.0,183,2.772782564163208,0.6250000596046448,0.10288815945386887,0.5,0.25,0.125
60.0,60.0,1.0,183,2.4689691066741943,0.6916667222976685,0.056141842156648636,0.5,0.38333335518836975,0.19166666666666668
60.0,60.0,1.0,184,2.8408091068267822,0.675000011920929,0.05868016555905342,0.5,0.3500000238418579,0.175
60.0,60.0,1.0,184,2.6838626861572266,0.6916667222976685,0.0415368489921093,0.5,0.38333335518836975,0.19166666666666668
60.0,60.0,1.0,185,2.2084600925445557,0.6833333969116211,0.07587286829948425,0.5,0.36666667461395264,0.18333333333333332
60.0,60.0,1.0,185,2.2076711654663086,0.6916667222976685,0.06850732862949371,0.5,0.38333335518836975,0.19166666666666668
60.0,60.0,1.0,186,1.8814153671264648,0.7166666984558105,0.07415490597486496,0.5,0.4333333671092987,0.21666666666666667
60.0,60.0,1.0,186,1.8826695680618286,0.6666666865348816,0.11404228210449219,0.5,0.3333333432674408,0.16666666666666666
60.0,60.0,1.0,187,1.3793762922286987,0.7333333492279053,0.08777749538421631,0.5,0.46666669845581055,0.23333333333333334
60.0,60.0,1.0,187,1.3432079553604126,0.7583333849906921,0.07203857600688934,0.5,0.5166667103767395,0.25833333333333336
60.0,60.0,1.0,188,1.538027048110962,0.7250000238418579,0.09727992117404938,0.5,0.45000001788139343,0.225
60.0,60.0,1.0,188,1.2928098440170288,0.8083333969116211,0.07430829852819443,0.5,0.6166666746139526,0.30833333333333335
60.0,60.0,1.0,189,0.8448082804679871,0.7666667103767395,0.12165586650371552,0.5,0.5333333611488342,0.26666666666666666
60.0,60.0,1.0,189,0.7876561284065247,0.8000000715255737,0.16164138913154602,0.5,0.6000000238418579,0.3
60.0,60.0,0.9500000476837158,190,0.6035703420639038,0.8083333969116211,0.3271906077861786,0.5,0.6666666865348816,0.35833333333333334
60.0,60.0,0.6166666746139526,190,0.7081949710845947,0.6666666865348816,0.394571453332901,0.5,0.7166666984558105,0.55
60.0,60.0,0.01666666753590107,191,1.6961853504180908,0.36666667461395264,0.2846308946609497,0.5,0.7166666984558105,0.85
60.0,60.0,0.01666666753590107,191,1.5458204746246338,0.40000003576278687,0.2814711630344391,0.5,0.7833333611488342,0.8833333333333333
60.0,60.0,0.1666666716337204,192,1.594321846961975,0.4333333671092987,0.27503135800361633,0.5,0.7000000476837158,0.7666666666666667
60.0,60.0,0.15000000596046448,192,1.1980193853378296,0.44166669249534607,0.3466721177101135,0.5,0.7333333492279053,0.7916666666666666
60.0,60.0,0.6000000238418579,193,0.9516637921333313,0.6000000238418579,0.429440438747406,0.5,0.6000000238418579,0.5
60.0,60.0,1.0,193,0.7835323810577393,0.8000000715255737,0.3913373649120331,0.5,0.6000000238418579,0.3
60.0,60.0,0.8000000715255737,194,0.9084211587905884,0.7083333730697632,0.40055957436561584,0.5,0.6166666746139526,0.4083333333333333
60.0,60.0,0.9166666865348816,194,1.00116765499115,0.7166666984558105,0.3357079327106476,0.5,0.5166667103767395,0.3
60.0,60.0,0.15000000596046448,195,2.487150192260742,0.3583333492279053,0.2144644409418106,0.5,0.5666667222976685,0.7083333333333334
60.0,60.0,0.11666667461395264,195,1.9735242128372192,0.3750000298023224,0.29051342606544495,0.5,0.6333333849906921,0.7583333333333333
60.0,60.0,0.8500000238418579,196,0.7132125496864319,0.7583333849906921,0.40946200489997864,0.5,0.6666666865348816,0.4083333333333333
60.0,60.0,1.0,196,1.0703198909759521,0.7833333611488342,0.2569116950035095,0.5,0.5666667222976685,0.2833333333333333
60.0,60.0,1.0,197,0.8863886594772339,0.8166667222976685,0.2573795020580292,0.5,0.6333333849906921,0.31666666666666665
60.0,60.0,1.0,197,1.423590064048767,0.7750000357627869,0.1302679032087326,0.5,0.550000011920929,0.275
60.0,60.0,0.98333340883255,198,1.0446205139160156,0.8166667222976685,0.2056424617767334,0.5,0.6500000357627869,0.3333333333333333
60.0,60.0,1.0,198,1.065728783607483,0.8166667222976685,0.1567871868610382,0.5,0.6333333849906921,0.31666666666666665
60.0,60.0,0.5,199,1.424565076828003,0.550000011920929,0.35413113236427307,0.5,0.6000000238418579,0.55
60.0,60.0,0.7500000596046448,199,1.0780390501022339,0.6916667222976685,0.361678808927536,0.5,0.6333333849906921,0.44166666666666665
60.0,60.0,0.18333333730697632,200,2.031801223754883,0.3583333492279053,0.39450204372406006,0.5,0.5333333611488342,0.675
60.0,60.0,0.9500000476837158,200,1.775726556777954,0.6916667222976685,0.2821347713470459,0.5,0.4333333671092987,0.24166666666666667
60.0,60.0,0.23333334922790527,201,3.662586212158203,0.38333335518836975,0.16083313524723053,0.5,0.5333333611488342,0.65
60.0,60.0,1.0,201,1.55368173122406,0.7666667103767395,0.14651359617710114,0.5,0.5333333611488342,0.26666666666666666
60.0,60.0,1.0,202,1.5772932767868042,0.7500000596046448,0.08216904103755951,0.5,0.5,0.25
60.0,60.0,1.0,202,1.9818825721740723,0.7500000596046448,0.08502880483865738,0.5,0.5,0.25
60.0,60.0,1.0,203,1.788916826248169,0.7750000357627869,0.06201251223683357,0.5,0.550000011920929,0.275
60.0,60.0,1.0,203,1.5288218259811401,0.8083333969116211,0.10643314570188522,0.5,0.6166666746139526,0.30833333333333335
60.0,60.0,1.0,204,2.133652925491333,0.7416667342185974,0.07039733231067657,0.5,0.4833333492279053,0.24166666666666667
60.0,60.0,1.0,204,2.655534029006958,0.6666666865348816,0.0765572264790535,0.5,0.3333333432674408,0.16666666666666666
60.0,60.0,1.0,205,1.9275704622268677,0.7500000596046448,0.060403965413570404,0.5,0.5,0.25
60.0,60.0,1.0,205,1.7831655740737915,0.7916666865348816,0.0785410925745964,0.5,0.5833333730697632,0.2916666666666667
60.0,60.0,1.0,206,1.5703632831573486,0.7833333611488342,0.0726841539144516,0.5,0.5666667222976685,0.2833333333333333
60.0,60.0,1.0,206,1.4074636697769165,0.7750000357627869,0.11944393068552017,0.5,0.550000011920929,0.275
60.0,60.0,1.0,207,1.3432356119155884,0.8083333969116211,0.06380712985992432,0.5,0.6166666746139526,0.30833333333333335
60.0,60.0,1.0,207,1.0937517881393433,0.8250000476837158,0.0831429734826088,0.5,0.6500000357627869,0.325
60.0,60.0,1.0,208,1.0824017524719238,0.8333333730697632,0.06032918766140938,0.5,0.6666666865348816,0.3333333333333333
60.0,60.0,1.0,208,0.9359886646270752,0.8416666984558105,0.07381926476955414,0.5,0.6833333969116211,0.3416666666666667
60.0,60.0,1.0,209,0.6363971829414368,0.8416666984558105,0.09403356164693832,0.5,0.6833333969116211,0.3416666666666667
60.0,60.0,1.0,209,0.34775951504707336,0.9166666865348816,0.1166212409734726,0.5,0.8333333730697632,0.4166666666666667
60.0,60.0,1.0,210,0.37278297543525696,0.8666667342185974,0.19320005178451538,0.5,0.7333333492279053,0.36666666666666664
60.0,60.0,0.8666667342185974,210,0.43184784054756165,0.8333333730697632,0.34685271978378296,0.5,0.8000000715255737,0.4666666666666667
60.0,60.0,0.6333333849906921,211,0.5486410856246948,0.7166666984558105,0.437349796295166,0.5,0.8000000715255737,0.5833333333333334
60.0,60.0,0.4333333671092987,211,0.6333207488059998,0.6083333492279053,0.4218975305557251,0.5,0.7833333611488342,0.675
60.0,60.0,0.7166666984558105,212,0.6315075755119324,0.7166666984558105,0.39852386713027954,0.5,0.7166666984558105,0.5
60.0,60.0,0.8500000238418579,212,0.3531568646430969,0.8416666984558105,0.33041346073150635,0.5,0.8333333730697632,0.49166666666666664
60.0,60.0,0.0,213,1.4508650302886963,0.3916666805744171,0.2626880407333374,0.5,0.7833333611488342,0.8916666666666667
60.0,60.0,0.6500000357627869,213,0.5110642910003662,0.7333333492279053,0.39428016543388367,0.5,0.8166667222976685,0.5833333333333334
60.0,60.0,1.0,214,0.41982501745224,0.8250000476837158,0.2576259970664978,0.5,0.6500000357627869,0.325
60.0,60.0,1.0,214,0.31780627369880676,0.8750000596046448,0.1123742014169693,0.5,0.7500000596046448,0.375
60.0,60.0,1.0,215,0.3765643537044525,0.8833333849906921,0.1596951186656952,0.5,0.7666667103767395,0.38333333333333336
60.0,60.0,1.0,215,0.48292598128318787,0.8500000238418579,0.10423469543457031,0.5,0.7000000476837158,0.35
60.0,60.0,1.0,216,0.478757381439209,0.8583333492279053,0.08515334129333496,0.5,0.7166666984558105,0.35833333333333334
60.0,60.0,1.0,216,0.5755340456962585,0.8500000238418579,0.07644130289554596,0.5,0.7000000476837158,0.35
60.0,60.0,1.0,217,0.608096718788147,0.8250000476837158,0.09168197959661484,0.5,0.6500000357627869,0.325
60.0,60.0,1.0,217,0.48304489254951477,0.8750000596046448,0.06741249561309814,0.5,0.7500000596046448,0.375
60.0,60.0,1.0,218,0.7767633199691772,0.8000000715255737,0.0665612518787384,0.5,0.6000000238418579,0.3
60.0,60.0,1.0,218,0.5743778347969055,0.8500000238418579,0.07107832282781601,0.5,0.7000000476837158,0.35
60.0,60.0,1.0,219,0.6055669188499451,0.8500000238418579,0.15369398891925812,0.5,0.7000000476837158,0.35
60.0,60.0,1.0,219,0.360789030790329,0.8916667103767395,0.13436280190944672,0.5,0.7833333611488342,0.39166666666666666
60.0,60.0,0.6666666865348816,220,1.0165752172470093,0.675000011920929,0.358352929353714,0.5,0.6833333969116211,0.5083333333333333
60.0,60.0,0.7000000476837158,220,0.8734294176101685,0.7166666984558105,0.33686596155166626,0.5,0.7333333492279053,0.5166666666666667
60.0,60.0,0.6500000357627869,221,0.5980374813079834,0.7500000596046448,0.3956151604652405,0.5,0.8500000238418579,0.6
60.0,60.0,0.6833333969116211,221,0.5634740591049194,0.7666667103767395,0.3987710177898407,0.5,0.8500000238418579,0.5833333333333334
60.0,60.0,0.30000001192092896,222,0.7453070282936096,0.5666667222976685,0.3332844078540802,0.5,0.8333333730697632,0.7666666666666667
60.0,60.0,0.46666669845581055,222,0.8852208852767944,0.5916666984558105,0.3170410394668579,0.5,0.7166666984558105,0.625
60.0,60.0,0.4833333492279053,223,0.6984067559242249,0.6166666746139526,0.2823532521724701,0.5,0.7500000596046448,0.6333333333333333
60.0,60.0,0.5,223,0.5660787224769592,0.6833333969116211,0.30939406156539917,0.5,0.8666667342185974,0.6833333333333333
60.0,60.0,0.4833333492279053,224,0.6964796185493469,0.6416667103767395,0.3702945411205292,0.5,0.8000000715255737,0.6583333333333333
60.0,60.0,0.4333333671092987,224,0.759583055973053,0.5833333730697632,0.36489030718803406,0.5,0.7333333492279053,0.65
60.0,60.0,0.3333333432674408,225,0.7646570205688477,0.5250000357627869,0.3930313289165497,0.5,0.7166666984558105,0.6916666666666667
60.0,60.0,0.3500000238418579,225,0.621088445186615,0.5833333730697632,0.3516889810562134,0.5,0.8166667222976685,0.7333333333333333
60.0,60.0,0.0833333358168602,226,0.8054863810539246,0.42500001192092896,0.3785629868507385,0.5,0.7666667103767395,0.8416666666666667
60.0,60.0,0.15000000596046448,226,0.6478295922279358,0.5250000357627869,0.3602612316608429,0.5,0.9000000357627869,0.875
60.0,60.0,0.0833333358168602,227,0.8650707006454468,0.4583333432674408,0.3518688976764679,0.5,0.8333333730697632,0.875
60.0,60.0,0.11666667461395264,227,0.9084272384643555,0.44166669249534607,0.3533135950565338,0.5,0.7666667103767395,0.825
60.0,60.0,0.05000000447034836,228,1.184415578842163,0.4583333432674408,0.2781270444393158,0.5,0.8666667342185974,0.9083333333333333
60.0,60.0,0.03333333507180214,228,1.2126574516296387,0.4166666865348816,0.29195618629455566,0.5,0.8000000715255737,0.8833333333333333
60.0,60.0,0.23333334922790527,229,0.6314356923103333,0.5333333611488342,0.34122705459594727,0.5,0.8333333730697632,0.8
60.0,60.0,0.20000001788139343,229,0.7296568751335144,0.5166667103767395,0.305444598197937,0.5,0.8333333730697632,0.8166666666666667
60.0,60.0,0.01666666753590107,230,1.3527240753173828,0.45000001788139343,0.2337156981229782,0.5,0.8833333849906921,0.9333333333333333
60.0,60.0,0.01666666753590107,230,1.2050904035568237,0.4833333492279053,0.24734899401664734,0.5,0.9500000476837158,0.9666666666666667
60.0,60.0,0.0,231,2.760399580001831,0.4583333432674408,0.1342414915561676,0.5,0.9166666865348816,0.9583333333333334
60.0,60.0,0.0,231,2.5310676097869873,0.45000001788139343,0.14555451273918152,0.5,0.9000000357627869,0.95
60.0,60.0,0.0,232,4.283559799194336,0.42500001192092896,0.1289551556110382,0.5,0.8500000238418579,0.925
60.0,60.0,0.0,232,3.5432522296905518,0.4333333671092987,0.1059800535440445,0.5,0.8666667342185974,0.9333333333333333
60.0,60.0,0.0,233,3.3400087356567383,0.40833336114883423,0.16815747320652008,0.5,0.8166667222976685,0.9083333333333333
60.0,60.0,0.0,233,2.3658132553100586,0.3750000298023224,0.17969222366809845,0.5,0.7500000596046448,0.875
60.0,60.0,0.0,234,1.3732666969299316,0.3333333432674408,0.36301499605178833,0.5,0.6666666865348816,0.8333333333333334
60.0,60.0,0.40000003576278687,234,1.1396162509918213,0.44166669249534607,0.44687414169311523,0.5,0.4833333492279053,0.5416666666666666
60.0,60.0,0.9166666865348816,235,1.0226845741271973,0.7333333492279053,0.43206796050071716,0.5,0.550000011920929,0.31666666666666665
60.0,60.0,1.0,235,1.0828781127929688,0.7833333611488342,0.39354249835014343,0.5,0.5666667222976685,0.2833333333333333
60.0,60.0,0.9333333969116211,236,1.5525996685028076,0.6500000357627869,0.3460598289966583,0.5,0.36666667461395264,0.21666666666666667
60.0,60.0,0.8833333849906921,236,1.4230467081069946,0.6583333611488342,0.3996295630931854,0.5,0.4333333671092987,0.275
60.0,60.0,0.9333333969116211,237,1.2139036655426025,0.675000011920929,0.36553269624710083,0.5,0.4166666865348816,0.24166666666666667
60.0,60.0,0.8833333849906921,237,1.198684811592102,0.7250000238418579,0.34036511182785034,0.5,0.5666667222976685,0.3416666666666667
60.0,60.0,0.8666667342185974,238,1.5384769439697266,0.6666666865348816,0.3550153970718384,0.5,0.46666669845581055,0.3
60.0,60.0,0.8833333849906921,238,1.2967586517333984,0.6416667103767395,0.38070157170295715,0.5,0.40000003576278687,0.25833333333333336
60.0,60.0,0.9333333969116211,239,0.9886913895606995,0.7083333730697632,0.3839028775691986,0.5,0.4833333492279053,0.275
60.0,60.0,0.9000000357627869,239,0.9498152136802673,0.7000000476837158,0.3841990530490875,0.5,0.5,0.3
60.0,60.0,0.8333333730697632,240,0.9442987442016602,0.675000011920929,0.39429354667663574,0.5,0.5166667103767395,0.3416666666666667
60.0,60.0,0.8333333730697632,240,0.7915182709693909,0.7250000238418579,0.4181312024593353,0.5,0.6166666746139526,0.39166666666666666
60.0,60.0,0.7833333611488342,241,0.6754723787307739,0.675000011920929,0.3904527723789215,0.5,0.5666667222976685,0.39166666666666666
60.0,60.0,0.6333333849906921,241,0.696054995059967,0.5666667222976685,0.41706278920173645,0.5,0.5,0.43333333333333335
60.0,60.0,0.6500000357627869,242,0.5854001045227051,0.6416667103767395,0.438480019569397,0.5,0.6333333849906921,0.49166666666666664
60.0,60.0,0.6333333849906921,242,0.5982327461242676,0.6166666746139526,0.47642916440963745,0.5,0.6000000238418579,0.48333333333333334
60.0,60.0,0.45000001788139343,243,0.5248476266860962,0.5750000476837158,0.4731236398220062,0.5,0.7000000476837158,0.625
60.0,60.0,0.5,243,0.4958970844745636,0.6166666746139526,0.4399487376213074,0.5,0.7333333492279053,0.6166666666666667
60.0,60.0,0.28333336114883423,244,0.46295443177223206,0.5666667222976685,0.41839471459388733,0.5,0.8500000238418579,0.7833333333333333
60.0,60.0,0.38333335518836975,244,0.4934663474559784,0.6500000357627869,0.4315674602985382,0.5,0.9166666865348816,0.7666666666666667
60.0,60.0,0.30000001192092896,245,0.5436692237854004,0.6500000357627869,0.48544594645500183,0.5,1.0,0.85
60.0,60.0,0.21666668355464935,245,0.44724464416503906,0.6083333492279053,0.38277867436408997,0.5,1.0,0.8916666666666667
60.0,60.0,0.21666668355464935,246,0.5255737900733948,0.6083333492279053,0.36744657158851624,0.5,1.0,0.8916666666666667
60.0,60.0,0.13333334028720856,246,0.572231113910675,0.5666667222976685,0.4022989869117737,0.5,1.0,0.9333333333333333
60.0,60.0,0.18333333730697632,247,0.5753940939903259,0.5916666984558105,0.3932061195373535,0.5,1.0,0.9083333333333333
60.0,60.0,0.28333336114883423,247,0.4921782314777374,0.6416667103767395,0.39350563287734985,0.5,1.0,0.8583333333333333
60.0,60.0,0.0,248,1.5189110040664673,0.491666704416275,0.2739572525024414,0.5,0.98333340883255,0.9916666666666667
60.0,60.0,0.0,248,1.1373374462127686,0.491666704416275,0.3034461736679077,0.5,0.98333340883255,0.9916666666666667
60.0,60.0,0.0,249,1.9929965734481812,0.5,0.3179096579551697,0.5,1.0,1.0
60.0,60.0,0.28333336114883423,249,0.8112565875053406,0.6000000238418579,0.5506263971328735,0.5,0.9166666865348816,0.8166666666666667
60.0,60.0,1.0,250,0.559299886226654,0.7250000238418579,0.3758658170700073,0.5,0.45000001788139343,0.225
60.0,60.0,1.0,250,0.6815063953399658,0.6666666865348816,0.26484665274620056,0.5,0.3333333432674408,0.16666666666666666
60.0,60.0,1.0,251,1.1325279474258423,0.7416667342185974,0.18632681667804718,0.5,0.4833333492279053,0.24166666666666667
60.0,60.0,1.0,251,0.9939723610877991,0.7416667342185974,0.19766373932361603,0.5,0.4833333492279053,0.24166666666666667
60.0,60.0,1.0,252,1.1314120292663574,0.7750000357627869,0.1620512753725052,0.5,0.550000011920929,0.275
60.0,60.0,1.0,252,0.7261126637458801,0.8500000238418579,0.16241693496704102,0.5,0.7000000476837158,0.35
60.0,60.0,1.0,253,0.8382164835929871,0.8583333492279053,0.1248035728931427,0.5,0.7166666984558105,0.35833333333333334
60.0,60.0,1.0,253,0.5223181247711182,0.8750000596046448,0.1300961673259735,0.5,0.7500000596046448,0.375
60.0,60.0,1.0,254,0.7652450799942017,0.8250000476837158,0.10018809139728546,0.5,0.6500000357627869,0.325
60.0,60.0,1.0,254,0.5239953398704529,0.8500000238418579,0.07517661154270172,0.5,0.7000000476837158,0.35
60.0,60.0,1.0,255,0.3487929105758667,0.8833333849906921,0.11944876611232758,0.5,0.7666667103767395,0.38333333333333336
60.0,60.0,1.0,255,0.24222874641418457,0.8833333849906921,0.10881221294403076,0.5,0.7666667103767395,0.38333333333333336
60.0,60.0,1.0,256,0.1641099750995636,0.9083333611488342,0.13819698989391327,0.5,0.8166667222976685,0.4083333333333333
60.0,60.0,1.0,256,0.09966866672039032,0.9333333969116211,0.17795678973197937,0.5,0.8666667342185974,0.43333333333333335
60.0,60.0,0.11666667461395264,257,0.5996602773666382,0.550000011920929,0.4355647563934326,0.5,0.98333340883255,0.9333333333333333
60.0,60.0,1.0,257,0.0985589548945427,0.9333333969116211,0.13024255633354187,0.5,0.8666667342185974,0.43333333333333335
60.0,60.0,1.0,258,0.17901799082756042,0.8916667103767395,0.12550584971904755,0.5,0.7833333611488342,0.39166666666666666
60.0,60.0,1.0,258,0.25993549823760986,0.8750000596046448,0.14233584702014923,0.5,0.7500000596046448,0.375
60.0,60.0,1.0,259,0.2535483241081238,0.9166666865348816,0.09984083473682404,0.5,0.8333333730697632,0.4166666666666667
60.0,60.0,1.0,259,0.15186956524848938,0.9333333969116211,0.1081882044672966,0.5,0.8666667342185974,0.43333333333333335
60.0,60.0,1.0,260,0.2000594139099121,0.9166666865348816,0.08650756627321243,0.5,0.8333333730697632,0.4166666666666667
60.0,60.0,1.0,260,0.4181370139122009,0.8583333492279053,0.07469744980335236,0.5,0.7166666984558105,0.35833333333333334
60.0,60.0,1.0,261,0.35678771138191223,0.8750000596046448,0.08417463302612305,0.5,0.7500000596046448,0.375
60.0,60.0,1.0,261,0.37545016407966614,0.8750000596046448,0.09972069412469864,0.5,0.7500000596046448,0.375
60.0,60.0,1.0,262,0.19075416028499603,0.9083333611488342,0.09585168212652206,0.5,0.8166667222976685,0.4083333333333333
60.0,60.0,1.0,262,0.290918231010437,0.8833333849906921,0.07584129273891449,0.5,0.7666667103767395,0.38333333333333336
60.0,60.0,1.0,263,0.1781129539012909,0.9166666865348816,0.07646806538105011,0.5,0.8333333730697632,0.4166666666666667
60.0,60.0,1.0,263,0.1228170245885849,0.9500000476837158,0.07524973154067993,0.5,0.9000000357627869,0.45
60.0,60.0,1.0,264,0.18157461285591125,0.9083333611488342,0.0973883792757988,0.5,0.8166667222976685,0.4083333333333333
60.0,60.0,1.0,264,0.07688728719949722,0.9500000476837158,0.060861337929964066,0.5,0.9000000357627869,0.45
60.0,60.0,1.0,265,0.11519864201545715,0.9333333969116211,0.11689199507236481,0.5,0.8666667342185974,0.43333333333333335
60.0,60.0,1.0,265,0.05965309217572212,0.9666666984558105,0.08369237184524536,0.5,0.9333333969116211,0.4666666666666667
60.0,60.0,1.0,266,0.08778411149978638,0.9500000476837158,0.09729783982038498,0.5,0.9000000357627869,0.45
60.0,60.0,1.0,266,0.07191210240125656,0.9666666984558105,0.09853410720825195,0.5,0.9333333969116211,0.4666666666666667
60.0,60.0,1.0,267,0.050549667328596115,1.0,0.0855892226099968,0.5,1.0,0.5
60.0,60.0,1.0,267,0.03221011906862259,1.0,0.06768722832202911,0.5,1.0,0.5
60.0,60.0,1.0,268,0.026175325736403465,1.0,0.04724057391285896,0.5,1.0,0.5
60.0,60.0,1.0,268,0.031700801104307175,1.0,0.06487658619880676,0.5,1.0,0.5
60.0,60.0,1.0,269,0.04740385338664055,1.0,0.09905761480331421,0.5,1.0,0.5
60.0,60.0,1.0,269,0.03733491152524948,1.0,0.08257631212472916,0.5,1.0,0.5
60.0,60.0,1.0,270,0.02733640745282173,1.0,0.06593873351812363,0.5,1.0,0.5
60.0,60.0,1.0,270,0.04389121010899544,1.0,0.08672740310430527,0.5,1.0,0.5
60.0,60.0,0.98333340883255,271,0.05411677807569504,0.9916667342185974,0.08477769047021866,0.5,1.0,0.5083333333333333
60.0,60.0,0.98333340883255,271,0.04250287264585495,0.9916667342185974,0.07064882665872574,0.5,1.0,0.5083333333333333
60.0,60.0,1.0,272,0.02743176370859146,1.0,0.06821025907993317,0.5,1.0,0.5
60.0,60.0,1.0,272,0.032669585198163986,1.0,0.06662924587726593,0.5,1.0,0.5
60.0,60.0,0.7833333611488342,273,0.38684192299842834,0.8916667103767395,0.08831420540809631,0.5,1.0,0.6083333333333333
60.0,60.0,0.9166666865348816,273,0.11287523806095123,0.9583333730697632,0.12351754307746887,0.5,1.0,0.5416666666666666
60.0,60.0,0.8166667222976685,274,0.17761188745498657,0.9083333611488342,0.19448383152484894,0.5,1.0,0.5916666666666667
60.0,60.0,1.0,274,0.04301568865776062,0.9916667342185974,0.08811797201633453,0.5,0.98333340883255,0.49166666666666664
60.0,60.0,0.7333333492279053,275,0.30184248089790344,0.8333333730697632,0.19779299199581146,0.5,0.9333333969116211,0.6
60.0,60.0,1.0,275,0.09500864893198013,0.9416667222976685,0.0965200662612915,0.5,0.8833333849906921,0.44166666666666665
60.0,60.0,1.0,276,0.05943050608038902,0.9750000238418579,0.055149320513010025,0.5,0.9500000476837158,0.475
60.0,60.0,1.0,276,0.31560346484184265,0.8750000596046448,0.11641734838485718,0.5,0.7500000596046448,0.375
60.0,60.0,0.8166667222976685,277,0.45159146189689636,0.8333333730697632,0.1540907621383667,0.5,0.8500000238418579,0.5166666666666667
60.0,60.0,0.7666667103767395,277,0.43785449862480164,0.8250000476837158,0.13242892920970917,0.5,0.8833333849906921,0.5583333333333333
60.0,60.0,0.01666666753590107,278,2.3278658390045166,0.3583333492279053,0.1718069612979889,0.5,0.7000000476837158,0.8416666666666667
60.0,60.0,0.01666666753590107,278,2.0010831356048584,0.40833336114883423,0.19648492336273193,0.5,0.8000000715255737,0.8916666666666667
60.0,60.0,0.0,279,2.9697368144989014,0.4166666865348816,0.08866763859987259,0.5,0.8333333730697632,0.9166666666666666
60.0,60.0,0.0,279,2.7179555892944336,0.40000003576278687,0.11050742864608765,0.5,0.8000000715255737,0.9
60.0,60.0,0.0,280,3.4885404109954834,0.42500001192092896,0.08689089119434357,0.5,0.8500000238418579,0.925
60.0,60.0,0.0,280,3.351083278656006,0.3916666805744171,0.0773092657327652,0.5,0.7833333611488342,0.8916666666666667
60.0,60.0,0.0,281,5.2664899826049805,0.4166666865348816,0.06536597013473511,0.5,0.8333333730697632,0.9166666666666666
60.0,60.0,0.0,281,4.509144306182861,0.3916666805744171,0.05861106887459755,0.5,0.7833333611488342,0.8916666666666667
60.0,60.0,0.0,282,4.000026702880859,0.3750000298023224,0.06830489635467529,0.5,0.7500000596046448,0.875
60.0,60.0,0.0,282,2.731558322906494,0.36666667461395264,0.15451553463935852,0.5,0.7333333492279053,0.8666666666666667
60.0,60.0,0.0,283,1.390309453010559,0.4166666865348816,0.3822040259838104,0.5,0.8333333730697632,0.9166666666666666
60.0,60.0,1.0,283,0.9645177721977234,0.7500000596046448,0.43544986844062805,0.5,0.5,0.25
60.0,60.0,1.0,284,0.9946466684341431,0.7333333492279053,0.20476174354553223,0.5,0.46666669845581055,0.23333333333333334
60.0,60.0,1.0,284,1.5851327180862427,0.6833333969116211,0.1499035656452179,0.5,0.36666667461395264,0.18333333333333332
60.0,60.0,1.0,285,1.6669846773147583,0.6916667222976685,0.14794732630252838,0.5,0.38333335518836975,0.19166666666666668
60.0,60.0,1.0,285,1.7826032638549805,0.6666666865348816,0.1434873640537262,0.5,0.3333333432674408,0.16666666666666666
60.0,60.0,1.0,286,1.678881287574768,0.6500000357627869,0.1487535834312439,0.5,0.30000001192092896,0.15
60.0,60.0,1.0,286,1.7090165615081787,0.6500000357627869,0.15324993431568146,0.5,0.30000001192092896,0.15
60.0,60.0,1.0,287,1.7971128225326538,0.6000000238418579,0.13922901451587677,0.5,0.20000001788139343,0.1
60.0,60.0,1.0,287,1.6997231245040894,0.6333333849906921,0.1438916027545929,0.5,0.2666666805744171,0.13333333333333333
60.0,60.0,1.0,288,1.3158221244812012,0.7083333730697632,0.18219316005706787,0.5,0.4166666865348816,0.20833333333333334
60.0,60.0,1.0,288,1.5352027416229248,0.6666666865348816,0.15525536239147186,0.5,0.3333333432674408,0.16666666666666666
60.0,60.0,1.0,289,1.1675809621810913,0.6333333849906921,0.2024369239807129,0.5,0.2666666805744171,0.13333333333333333
60.0,60.0,1.0,289,0.9713399410247803,0.6583333611488342,0.23241333663463593,0.5,0.31666669249534607,0.15833333333333333
60.0,60.0,1.0,290,0.9172906279563904,0.675000011920929,0.2359555959701538,0.5,0.3500000238418579,0.175
60.0,60.0,1.0,290,0.7913413047790527,0.7583333849906921,0.2335650622844696,0.5,0.5166667103767395,0.25833333333333336
60.0,60.0,1.0,291,0.6114198565483093,0.8083333969116211,0.24866290390491486,0.5,0.6166666746139526,0.30833333333333335
60.0,60.0,1.0,291,0.43998634815216064,0.8583333492279053,0.2566845417022705,0.5,0.7166666984558105,0.35833333333333334
60.0,60.0,1.0,292,0.2965107262134552,0.8916667103767395,0.2951567471027374,0.5,0.7833333611488342,0.39166666666666666
60.0,60.0,1.0,292,0.3369695246219635,0.8583333492279053,0.3508392870426178,0.5,0.7166666984558105,0.35833333333333334
60.0,60.0,0.7166666984558105,293,0.4584777355194092,0.7750000357627869,0.4579768180847168,0.5,0.8333333730697632,0.5583333333333333
60.0,60.0,0.7000000476837158,293,0.4675711691379547,0.8000000715255737,0.48107102513313293,0.5,0.9000000357627869,0.6
60.0,60.0,0.0,294,1.4514296054840088,0.45000001788139343,0.37254318594932556,0.5,0.9000000357627869,0.95
60.0,60.0,0.0,294,1.482038140296936,0.4333333671092987,0.3333416283130646,0.5,0.8666667342185974,0.9333333333333333
60.0,60.0,0.0,295,0.9161499738693237,0.45000001788139343,0.46787190437316895,0.5,0.9000000357627869,0.95
60.0,60.0,0.0,295,0.872990608215332,0.4583333432674408,0.4712342321872711,0.5,0.9166666865348816,0.9583333333333334
60.0,60.0,0.0,296,1.6076875925064087,0.4833333492279053,0.27219921350479126,0.5,0.9666666984558105,0.9833333333333333
60.0,60.0,0.0,296,1.5446821451187134,0.4833333492279053,0.2970389127731323,0.5,0.9666666984558105,0.9833333333333333
60.0,60.0,0.0,297,1.8241311311721802,0.46666669845581055,0.2723900377750397,0.5,0.9333333969116211,0.9666666666666667
60.0,60.0,0.0,297,1.5058376789093018,0.4333333671092987,0.3400138318538666,0.5,0.8666667342185974,0.9333333333333333
60.0,60.0,0.0,298,1.4745413064956665,0.42500001192092896,0.3444250524044037,0.5,0.8500000238418579,0.925
60.0,60.0,0.0,298,0.8319180011749268,0.3750000298023224,0.535213053226471,0.5,0.7500000596046448,0.875
60.0,60.0,1.0,299,0.39886602759361267,0.8583333492279053,0.5057833790779114,0.5,0.7166666984558105,0.35833333333333334
60.0,60.0,1.0,299,0.36574459075927734,0.7916666865348816,0.2797428071498871,0.5,0.5833333730697632,0.2916666666666667
60.0,60.0,1.0,300,0.4585457742214203,0.8083333969116211,0.20769883692264557,0.5,0.6166666746139526,0.30833333333333335
60.0,60.0,1.0,300,0.5853193998336792,0.7750000357627869,0.18320536613464355,0.5,0.550000011920929,0.275
60.0,60.0,1.0,301,0.6907350420951843,0.7666667103767395,0.1741042584180832,0.5,0.5333333611488342,0.26666666666666666
60.0,60.0,1.0,301,0.7896718382835388,0.7916666865348816,0.14259251952171326,0.5,0.5833333730697632,0.2916666666666667
60.0,60.0,1.0,302,0.7006398439407349,0.8166667222976685,0.3367707133293152,0.5,0.6333333849906921,0.31666666666666665
60.0,60.0,0.9666666984558105,302,0.7508448958396912,0.8083333969116211,0.32214584946632385,0.5,0.6500000357627869,0.3416666666666667
60.0,60.0,0.9166666865348816,303,0.9374030232429504,0.7500000596046448,0.4719732701778412,0.5,0.5833333730697632,0.3333333333333333
60.0,60.0,0.8666667342185974,303,0.9132481813430786,0.7250000238418579,0.5103949904441833,0.5,0.5833333730697632,0.35833333333333334
60.0,60.0,0.5333333611488342,304,1.032104730606079,0.5916666984558105,0.4632369875907898,0.5,0.6500000357627869,0.5583333333333333
60.0,60.0,0.5,304,0.9040994644165039,0.5583333373069763,0.4826526641845703,0.5,0.6166666746139526,0.5583333333333333
60.0,60.0,0.13333334028720856,305,1.5456950664520264,0.34166669845581055,0.38078388571739197,0.5,0.550000011920929,0.7083333333333334
60.0,60.0,0.10000000894069672,305,1.3026878833770752,0.36666667461395264,0.4021458029747009,0.5,0.6333333849906921,0.7666666666666667
60.0,60.0,0.0,306,1.7769157886505127,0.31666669249534607,0.29254698753356934,0.5,0.6333333849906921,0.8166666666666667
60.0,60.0,0.0,306,1.7394237518310547,0.30000001192092896,0.294944167137146,0.5,0.6000000238418579,0.8
60.0,60.0,0.0,307,1.420014500617981,0.31666669249534607,0.39229637384414673,0.5,0.6333333849906921,0.8166666666666667
60.0,60.0,0.0,307,1.4362345933914185,0.30000001192092896,0.39123818278312683,0.5,0.6000000238418579,0.8
60.0,60.0,0.0,308,1.1144760847091675,0.3750000298023224,0.4301269054412842,0.5,0.7500000596046448,0.875
60.0,60.0,0.0,308,1.0028600692749023,0.36666667461395264,0.4441729784011841,0.5,0.7333333492279053,0.8666666666666667
60.0,60.0,0.0,309,0.9394006133079529,0.31666669249534607,0.4952022433280945,0.5,0.6333333849906921,0.8166666666666667
60.0,60.0,0.01666666753590107,309,0.8137518763542175,0.34166669845581055,0.5123478770256042,0.5,0.6666666865348816,0.825
60.0,60.0,0.0,310,0.9098900556564331,0.3583333492279053,0.4737687110900879,0.5,0.7166666984558105,0.8583333333333333
60.0,60.0,0.0,310,1.0310206413269043,0.2666666805744171,0.5010260939598083,0.5,0.5333333611488342,0.7666666666666667
60.0,60.0,0.0,311,1.2459172010421753,0.3083333373069763,0.4411044418811798,0.5,0.6166666746139526,0.8083333333333333
60.0,60.0,0.0,311,1.0954493284225464,0.34166669845581055,0.44774749875068665,0.5,0.6833333969116211,0.8416666666666667
60.0,60.0,0.0,312,1.4407174587249756,0.30000001192092896,0.4170718193054199,0.5,0.6000000238418579,0.8
60.0,60.0,0.0,312,1.322553038597107,0.30000001192092896,0.41598275303840637,0.5,0.6000000238418579,0.8
60.0,60.0,0.0,313,2.3358566761016846,0.3083333373069763,0.2847912013530731,0.5,0.6166666746139526,0.8083333333333333
60.0,60.0,0.0,313,2.1040220260620117,0.38333335518836975,0.30655115842819214,0.5,0.7666667103767395,0.8833333333333333
60.0,60.0,0.0,314,2.09165620803833,0.31666669249534607,0.32808780670166016,0.5,0.6333333849906921,0.8166666666666667
60.0,60.0,0.0,314,1.670301914215088,0.32500001788139343,0.3945390284061432,0.5,0.6500000357627869,0.825
60.0,60.0,0.0,315,1.239780306816101,0.32500001788139343,0.5166527032852173,0.5,0.6500000357627869,0.825
60.0,60.0,0.0,315,0.8654930591583252,0.34166669845581055,0.6378623247146606,0.5,0.6833333969116211,0.8416666666666667
60.0,60.0,1.0,316,0.6810407638549805,0.6916667222976685,0.6476934552192688,0.5,0.38333335518836975,0.19166666666666668
60.0,60.0,1.0,316,0.600515604019165,0.6666666865348816,0.547242283821106,0.5,0.3333333432674408,0.16666666666666666
60.0,60.0,1.0,317,0.6454217433929443,0.7083333730697632,0.4212789833545685,0.5,0.4166666865348816,0.20833333333333334
60.0,60.0,1.0,317,0.711658775806427,0.6666666865348816,0.3422100245952606,0.5,0.3333333432674408,0.16666666666666666
60.0,60.0,1.0,318,0.6918848752975464,0.7166666984558105,0.3099071979522705,0.5,0.4333333671092987,0.21666666666666667
60.0,60.0,1.0,318,0.6929109692573547,0.7250000238418579,0.2846091091632843,0.5,0.45000001788139343,0.225
60.0,60.0,1.0,319,0.819193422794342,0.675000011920929,0.24408507347106934,0.5,0.3500000238418579,0.175
60.0,60.0,1.0,319,0.7651268243789673,0.7000000476837158,0.24737600982189178,0.5,0.40000003576278687,0.2
60.0,60.0,1.0,320,0.7314186692237854,0.6833333969116211,0.2539560794830322,0.5,0.36666667461395264,0.18333333333333332
60.0,60.0,1.0,320,0.638502299785614,0.7750000357627869,0.24627694487571716,0.5,0.550000011920929,0.275
60.0,60.0,1.0,321,0.8408039808273315,0.6583333611488342,0.2254520207643509,0.5,0.31666669249534607,0.15833333333333333
60.0,60.0,1.0,321,0.7428179979324341,0.7166666984558105,0.2238064855337143,0.5,0.4333333671092987,0.21666666666666667
60.0,60.0,1.0,322,0.6292338371276855,0.7750000357627869,0.2290472537279129,0.5,0.550000011920929,0.275
60.0,60.0,1.0,322,0.6006790399551392,0.7416667342185974,0.23578932881355286,0.5,0.4833333492279053,0.24166666666666667
60.0,60.0,1.0,323,0.660772442817688,0.7000000476837158,0.24091610312461853,0.5,0.40000003576278687,0.2
60.0,60.0,1.0,323,0.5097030997276306,0.8000000715255737,0.2569240629673004,0.5,0.6000000238418579,0.3
60.0,60.0,1.0,324,0.6104122400283813,0.7333333492279053,0.2446879744529724,0.5,0.46666669845581055,0.23333333333333334
60.0,60.0,1.0,324,0.5067153573036194,0.7500000596046448,0.265848308801651,0.5,0.5,0.25
60.0,60.0,1.0,325,0.47551921010017395,0.7916666865348816,0.2984295189380646,0.5,0.5833333730697632,0.2916666666666667
60.0,60.0,1.0,325,0.49513018131256104,0.7500000596046448,0.3100966811180115,0.5,0.5,0.25
60.0,60.0,1.0,326,0.4583994150161743,0.7666667103767395,0.37316858768463135,0.5,0.5333333611488342,0.26666666666666666
60.0,60.0,1.0,326,0.3762061297893524,0.8333333730697632,0.39709049463272095,0.5,0.6666666865348816,0.3333333333333333
60.0,60.0,1.0,327,0.4601040780544281,0.8083333969116211,0.4664071500301361,0.5,0.6166666746139526,0.30833333333333335
60.0,60.0,1.0,327,0.4114140272140503,0.8583333492279053,0.48077768087387085,0.5,0.7166666984558105,0.35833333333333334
60.0,60.0,1.0,328,0.49482107162475586,0.8166667222976685,0.5453218817710876,0.5,0.6333333849906921,0.31666666666666665
60.0,60.0,1.0,328,0.5382216572761536,0.8166667222976685,0.568798303604126,0.5,0.6333333849906921,0.31666666666666665
60.0,60.0,0.9166666865348816,329,0.5539678335189819,0.8083333969116211,0.5469218492507935,0.5,0.7000000476837158,0.39166666666666666
60.0,60.0,0.8666667342185974,329,0.5618460774421692,0.7833333611488342,0.597453236579895,0.5,0.7000000476837158,0.4166666666666667
60.0,60.0,0.6166666746139526,330,0.6558855772018433,0.6166666746139526,0.5762218832969666,0.5,0.6166666746139526,0.5
60.0,60.0,0.8166667222976685,330,0.5676615834236145,0.7666667103767395,0.5495328307151794,0.5,0.7166666984558105,0.45
60.0,60.0,0.5666667222976685,331,0.6483304500579834,0.6083333492279053,0.5609040856361389,0.5,0.6500000357627869,0.5416666666666666
60.0,60.0,0.9166666865348816,331,0.5482637286186218,0.8083333969116211,0.5526611804962158,0.5,0.7000000476837158,0.39166666666666666
60.0,60.0,0.8666667342185974,332,0.5976138710975647,0.7416667342185974,0.5496673583984375,0.5,0.6166666746139526,0.375
60.0,60.0,1.0,332,0.5348970293998718,0.8416666984558105,0.546723484992981,0.5,0.6833333969116211,0.3416666666666667
60.0,60.0,1.0,333,0.549985408782959,0.8666667342185974,0.5564842224121094,0.5,0.7333333492279053,0.36666666666666664
60.0,60.0,1.0,333,0.5751755237579346,0.7916666865348816,0.5277358889579773,0.5,0.5833333730697632,0.2916666666666667
60.0,60.0,0.5,334,0.9661133289337158,0.5750000476837158,0.4550018310546875,0.5,0.6500000357627869,0.575
60.0,60.0,0.5166667103767395,334,0.967777669429779,0.550000011920929,0.46155670285224915,0.5,0.5833333730697632,0.5333333333333333
60.0,60.0,0.1666666716337204,335,1.0638595819473267,0.3750000298023224,0.49351733922958374,0.5,0.5833333730697632,0.7083333333333334
60.0,60.0,0.45000001788139343,335,0.8688622713088989,0.5083333849906921,0.5542575120925903,0.5,0.5666667222976685,0.5583333333333333
60.0,60.0,0.5166667103767395,336,0.7730900049209595,0.5666667222976685,0.5235610604286194,0.5,0.6166666746139526,0.55
60.0,60.0,1.0,336,0.6649264097213745,0.7833333611488342,0.4819113612174988,0.5,0.5666667222976685,0.2833333333333333
60.0,60.0,0.8666667342185974,337,0.8201004862785339,0.7166666984558105,0.4983455538749695,0.5,0.5666667222976685,0.35
60.0,60.0,1.0,337,0.6858115792274475,0.7166666984558105,0.43279752135276794,0.5,0.4333333671092987,0.21666666666666667
60.0,60.0,0.7666667103767395,338,0.8037110567092896,0.6333333849906921,0.4446970820426941,0.5,0.5,0.36666666666666664
60.0,60.0,0.9333333969116211,338,0.6538078784942627,0.7916666865348816,0.40994757413864136,0.5,0.6500000357627869,0.35833333333333334
60.0,60.0,0.1666666716337204,339,1.2581512928009033,0.31666669249534607,0.49080514907836914,0.5,0.46666669845581055,0.65
60.0,60.0,1.0,339,0.6954482793807983,0.8000000715255737,0.45536738634109497,0.5,0.6000000238418579,0.3
60.0,60.0,1.0,340,0.8213129639625549,0.7250000238418579,0.2576420307159424,0.5,0.45000001788139343,0.225
60.0,60.0,1.0,340,0.837024986743927,0.7250000238418579,0.20632603764533997,0.5,0.45000001788139343,0.225
60.0,60.0,1.0,341,0.7138708829879761,0.7750000357627869,0.2021367847919464,0.5,0.550000011920929,0.275
60.0,60.0,1.0,341,1.0027008056640625,0.7083333730697632,0.16812868416309357,0.5,0.4166666865348816,0.20833333333333334
60.0,60.0,1.0,342,0.9725212454795837,0.7166666984558105,0.16891369223594666,0.5,0.4333333671092987,0.21666666666666667
60.0,60.0,1.0,342,0.8685425519943237,0.7416667342185974,0.18909704685211182,0.5,0.4833333492279053,0.24166666666666667
60.0,60.0,1.0,343,0.8756499290466309,0.7500000596046448,0.17701923847198486,0.5,0.5,0.25
60.0,60.0,1.0,343,0.7505365014076233,0.7833333611488342,0.16336403787136078,0.5,0.5666667222976685,0.2833333333333333
60.0,60.0,1.0,344,0.8520392775535583,0.7416667342185974,0.1751234084367752,0.5,0.4833333492279053,0.24166666666666667
60.0,60.0,1.0,344,0.9294503927230835,0.6916667222976685,0.1641090363264084,0.5,0.38333335518836975,0.19166666666666668
60.0,60.0,1.0,345,0.5658993721008301,0.8000000715255737,0.2658158540725708,0.5,0.6000000238418579,0.3
60.0,60.0,1.0,345,0.7128780484199524,0.8000000715255737,0.24570834636688232,0.5,0.6000000238418579,0.3
60.0,60.0,0.06666667014360428,346,2.4893946647644043,0.3083333373069763,0.2824409604072571,0.5,0.550000011920929,0.7416666666666667
60.0,60.0,0.28333336114883423,346,1.6207032203674316,0.34166669845581055,0.3753886818885803,0.5,0.40000003576278687,0.5583333333333333
60.0,60.0,1.0,347,0.7759376764297485,0.7666667103767395,0.28189247846603394,0.5,0.5333333611488342,0.26666666666666666
60.0,60.0,1.0,347,0.5340504050254822,0.7916666865348816,0.17702852189540863,0.5,0.5833333730697632,0.2916666666666667
60.0,60.0,1.0,348,0.696620762348175,0.7333333492279053,0.17549659311771393,0.5,0.46666669845581055,0.23333333333333334
60.0,60.0,1.0,348,0.6061149835586548,0.7333333492279053,0.1489821970462799,0.5,0.46666669845581055,0.23333333333333334
60.0,60.0,1.0,349,0.7433018684387207,0.7166666984558105,0.14250653982162476,0.5,0.4333333671092987,0.21666666666666667
60.0,60.0,1.0,349,0.667957603931427,0.7166666984558105,0.14527560770511627,0.5,0.4333333671092987,0.21666666666666667
60.0,60.0,1.0,350,0.6244003772735596,0.7333333492279053,0.16305406391620636,0.5,0.46666669845581055,0.23333333333333334
60.0,60.0,1.0,350,0.5718978643417358,0.7500000596046448,0.12172343581914902,0.5,0.5,0.25
60.0,60.0,1.0,351,0.6760966181755066,0.7166666984558105,0.14449317753314972,0.5,0.4333333671092987,0.21666666666666667
60.0,60.0,1.0,351,0.4422219693660736,0.8083333969116211,0.1466512382030487,0.5,0.6166666746139526,0.30833333333333335
60.0,60.0,1.0,352,0.45843106508255005,0.8083333969116211,0.1428939253091812,0.5,0.6166666746139526,0.30833333333333335
60.0,60.0,1.0,352,0.5821737051010132,0.7750000357627869,0.14011512696743011,0.5,0.550000011920929,0.275
60.0,60.0,0.98333340883255,353,0.3751349449157715,0.8750000596046448,0.20861895382404327,0.5,0.7666667103767395,0.39166666666666666
60.0,60.0,0.98333340883255,353,0.46312737464904785,0.8250000476837158,0.1814829558134079,0.5,0.6666666865348816,0.3416666666666667
60.0,60.0,0.8833333849906921,354,0.3896811902523041,0.8333333730697632,0.23792585730552673,0.5,0.7833333611488342,0.45
60.0,60.0,0.9000000357627869,354,0.6032929420471191,0.7416667342185974,0.26067987084388733,0.5,0.5833333730697632,0.3416666666666667
60.0,60.0,0.9166666865348816,355,0.4652913510799408,0.8250000476837158,0.32363760471343994,0.5,0.7333333492279053,0.4083333333333333
60.0,60.0,0.9166666865348816,355,0.5013344287872314,0.8333333730697632,0.34735187888145447,0.5,0.7500000596046448,0.4166666666666667
60.0,60.0,0.6000000238418579,356,0.6104227304458618,0.6416667103767395,0.3640543222427368,0.5,0.6833333969116211,0.5416666666666666
60.0,60.0,0.6500000357627869,356,0.5663809776306152,0.675000011920929,0.3840532600879669,0.5,0.7000000476837158,0.525
60.0,60.0,0.6333333849906921,357,0.44152316451072693,0.7250000238418579,0.36234742403030396,0.5,0.8166667222976685,0.5916666666666667
60.0,60.0,0.6166666746139526,357,0.5636095404624939,0.6583333611488342,0.3781234920024872,0.5,0.7000000476837158,0.5416666666666666
60.0,60.0,0.46666669845581055,358,0.5419468283653259,0.6333333849906921,0.4241158366203308,0.5,0.8000000715255737,0.6666666666666666
60.0,60.0,0.36666667461395264,358,0.4597550928592682,0.6416667103767395,0.41215211153030396,0.5,0.9166666865348816,0.775
60.0,60.0,0.36666667461395264,359,0.5156525373458862,0.5916666984558105,0.43783068656921387,0.5,0.8166667222976685,0.725
60.0,60.0,0.550000011920929,359,0.44907304644584656,0.6916667222976685,0.3734671473503113,0.5,0.8333333730697632,0.6416666666666667
60.0,60.0,0.10000000894069672,360,0.5225303173065186,0.5250000357627869,0.3723945915699005,0.5,0.9500000476837158,0.925
60.0,60.0,0.11666667461395264,360,0.6284476518630981,0.4833333492279053,0.4051074683666229,0.5,0.8500000238418579,0.8666666666666667
60.0,60.0,0.0,361,1.5506476163864136,0.44166669249534607,0.2504879832267761,0.5,0.8833333849906921,0.9416666666666667
60.0,60.0,0.0,361,1.5222231149673462,0.4333333671092987,0.2268148958683014,0.5,0.8666667342185974,0.9333333333333333
60.0,60.0,0.0,362,0.878086268901825,0.40833336114883423,0.37100061774253845,0.5,0.8166667222976685,0.9083333333333333
60.0,60.0,0.0,362,0.7838793396949768,0.44166669249534607,0.37442857027053833,0.5,0.8833333849906921,0.9416666666666667
60.0,60.0,0.0,363,2.2469642162323,0.46666669845581055,0.17739368975162506,0.5,0.9333333969116211,0.9666666666666667
60.0,60.0,0.0,363,1.7475398778915405,0.4166666865348816,0.25876808166503906,0.5,0.8333333730697632,0.9166666666666666
60.0,60.0,0.0,364,2.196786880493164,0.44166669249534607,0.1700214147567749,0.5,0.8833333849906921,0.9416666666666667
60.0,60.0,0.0,364,1.2607660293579102,0.4583333432674408,0.3109710216522217,0.5,0.9166666865348816,0.9583333333333334
60.0,60.0,0.8166667222976685,365,0.5382692217826843,0.7250000238418579,0.5313811898231506,0.5,0.6333333849906921,0.4083333333333333
60.0,60.0,1.0,365,0.4220445156097412,0.7750000357627869,0.31714046001434326,0.5,0.550000011920929,0.275
60.0,60.0,1.0,366,0.48567506670951843,0.7833333611488342,0.17466594278812408,0.5,0.5666667222976685,0.2833333333333333
60.0,60.0,1.0,366,0.6952040195465088,0.7583333849906921,0.12649761140346527,0.5,0.5166667103767395,0.25833333333333336
60.0,60.0,1.0,367,0.8945569396018982,0.7000000476837158,0.12496398389339447,0.5,0.40000003576278687,0.2
60.0,60.0,1.0,367,0.8909291625022888,0.7166666984558105,0.1132068783044815,0.5,0.4333333671092987,0.21666666666666667
60.0,60.0,1.0,368,1.1620550155639648,0.6666666865348816,0.09800796210765839,0.5,0.3333333432674408,0.16666666666666666
60.0,60.0,1.0,368,0.9403601884841919,0.7416667342185974,0.0876641646027565,0.5,0.4833333492279053,0.24166666666666667
60.0,60.0,1.0,369,0.8928656578063965,0.7333333492279053,0.11090917140245438,0.5,0.46666669845581055,0.23333333333333334
60.0,60.0,1.0,369,0.9322677850723267,0.7000000476837158,0.10952570289373398,0.5,0.40000003576278687,0.2
60.0,60.0,1.0,370,0.8000974059104919,0.7333333492279053,0.10426297038793564,0.5,0.46666669845581055,0.23333333333333334
60.0,60.0,1.0,370,0.8394849300384521,0.7250000238418579,0.11187063902616501,0.5,0.45000001788139343,0.225
60.0,60.0,1.0,371,0.6157099604606628,0.7500000596046448,0.1346866488456726,0.5,0.5,0.25
60.0,60.0,1.0,371,0.6091716885566711,0.7500000596046448,0.140365332365036,0.5,0.5,0.25
60.0,60.0,1.0,372,0.5101114511489868,0.7666667103767395,0.16399206221103668,0.5,0.5333333611488342,0.26666666666666666
60.0,60.0,1.0,372,0.38740548491477966,0.7916666865348816,0.20184199512004852,0.5,0.5833333730697632,0.2916666666666667
60.0,60.0,1.0,373,0.43313929438591003,0.7750000357627869,0.2583290636539459,0.5,0.550000011920929,0.275
60.0,60.0,1.0,373,0.3783217668533325,0.7750000357627869,0.31647899746894836,0.5,0.550000011920929,0.275
60.0,60.0,1.0,374,0.3819998502731323,0.7833333611488342,0.35372504591941833,0.5,0.5666667222976685,0.2833333333333333
60.0,60.0,1.0,374,0.3549213707447052,0.8000000715255737,0.3964773416519165,0.5,0.6000000238418579,0.3
60.0,60.0,0.9666666984558105,375,0.4517918527126312,0.7500000596046448,0.47187572717666626,0.5,0.5333333611488342,0.2833333333333333
60.0,60.0,0.98333340883255,375,0.4264128506183624,0.7916666865348816,0.48958930373191833,0.5,0.6000000238418579,0.30833333333333335
60.0,60.0,0.18333333730697632,376,0.7165637016296387,0.40833336114883423,0.5107497572898865,0.5,0.6333333849906921,0.725
60.0,60.0,0.5,376,0.6154860854148865,0.5583333373069763,0.516097903251648,0.5,0.6166666746139526,0.5583333333333333
60.0,60.0,0.46666669845581055,377,0.6886821389198303,0.5166667103767395,0.5134372115135193,0.5,0.5666667222976685,0.55
60.0,60.0,0.9000000357627869,377,0.48539048433303833,0.7583333849906921,0.5002142786979675,0.5,0.6166666746139526,0.35833333333333334
60.0,60.0,0.98333340883255,378,0.3113953471183777,0.8916667103767395,0.3939990997314453,0.5,0.8000000715255737,0.4083333333333333
60.0,60.0,1.0,378,0.3666194677352905,0.8333333730697632,0.3687584400177002,0.5,0.6666666865348816,0.3333333333333333
60.0,60.0,0.9333333969116211,379,0.43451425433158875,0.8250000476837158,0.40798240900039673,0.5,0.7166666984558105,0.39166666666666666
60.0,60.0,1.0,379,0.403371661901474,0.8416666984558105,0.3343622386455536,0.5,0.6833333969116211,0.3416666666666667
60.0,60.0,1.0,380,0.42674893140792847,0.8166667222976685,0.3028678297996521,0.5,0.6333333849906921,0.31666666666666665
60.0,60.0,1.0,380,0.3472229540348053,0.8500000238418579,0.25981903076171875,0.5,0.7000000476837158,0.35
60.0,60.0,0.6166666746139526,381,0.6682911515235901,0.6250000596046448,0.43747007846832275,0.5,0.6333333849906921,0.5083333333333333
60.0,60.0,0.98333340883255,381,0.5772393345832825,0.8083333969116211,0.36508479714393616,0.5,0.6333333849906921,0.325
60.0,60.0,0.3333333432674408,382,0.8781460523605347,0.5,0.49102556705474854,0.5,0.6666666865348816,0.6666666666666666
60.0,60.0,0.6833333969116211,382,0.7755731344223022,0.6333333849906921,0.46334537863731384,0.5,0.5833333730697632,0.45
60.0,60.0,0.9500000476837158,383,0.6280626058578491,0.7583333849906921,0.3881136178970337,0.5,0.5666667222976685,0.30833333333333335
60.0,60.0,1.0,383,0.7181452512741089,0.7500000596046448,0.3079005777835846,0.5,0.5,0.25
60.0,60.0,1.0,384,0.5255379676818848,0.8250000476837158,0.3379078209400177,0.5,0.6500000357627869,0.325
60.0,60.0,1.0,384,0.5878630876541138,0.8000000715255737,0.30798670649528503,0.5,0.6000000238418579,0.3
60.0,60.0,0.36666667461395264,385,0.9820718169212341,0.45000001788139343,0.48954227566719055,0.5,0.5333333611488342,0.5833333333333334
60.0,60.0,0.40000003576278687,385,0.8904088735580444,0.491666704416275,0.4931790828704834,0.5,0.5833333730697632,0.5916666666666667
60.0,60.0,0.6333333849906921,386,0.9271916151046753,0.6083333492279053,0.5393418669700623,0.5,0.5833333730697632,0.475
60.0,60.0,0.5833333730697632,386,0.9170151352882385,0.5750000476837158,0.5459001660346985,0.5,0.5666667222976685,0.49166666666666664
60.0,60.0,0.5166667103767395,387,0.969453752040863,0.5416666865348816,0.5370610952377319,0.5,0.5666667222976685,0.525
60.0,60.0,0.4333333671092987,387,0.9030588865280151,0.4833333492279053,0.5777044892311096,0.5,0.5333333611488342,0.55
60.0,60.0,0.5,388,0.7712275981903076,0.5750000476837158,0.5385280847549438,0.5,0.6500000357627869,0.575
60.0,60.0,0.5,388,0.8526588082313538,0.5416666865348816,0.5266793966293335,0.5,0.5833333730697632,0.5416666666666666
60.0,60.0,0.23333334922790527,389,0.9519636034965515,0.3750000298023224,0.5300150513648987,0.5,0.5166667103767395,0.6416666666666667
60.0,60.0,0.20000001788139343,389,0.9681742191314697,0.34166669845581055,0.5459367632865906,0.5,0.4833333492279053,0.6416666666666667
60.0,60.0,0.0,390,1.019046425819397,0.3083333373069763,0.5058793425559998,0.5,0.6166666746139526,0.8083333333333333
60.0,60.0,0.0,390,0.9953358769416809,0.2750000059604645,0.53470778465271,0.5,0.550000011920929,0.775
60.0,60.0,0.0,391,1.7416863441467285,0.2750000059604645,0.3680618107318878,0.5,0.550000011920929,0.775
60.0,60.0,0.0,391,1.628166675567627,0.31666669249534607,0.37567082047462463,0.5,0.6333333849906921,0.8166666666666667
60.0,60.0,0.0,392,2.731498956680298,0.25,0.29430314898490906,0.5,0.5,0.75
60.0,60.0,0.0,392,1.8336130380630493,0.2916666865348816,0.3751338720321655,0.5,0.5833333730697632,0.7916666666666666
60.0,60.0,0.4166666865348816,393,0.8419763445854187,0.46666669845581055,0.5803256034851074,0.5,0.5166667103767395,0.55
60.0,60.0,1.0,393,0.5564183592796326,0.7083333730697632,0.34768080711364746,0.5,0.4166666865348816,0.20833333333333334
60.0,60.0,1.0,394,0.5549752712249756,0.7416667342185974,0.3087942898273468,0.5,0.4833333492279053,0.24166666666666667
60.0,60.0,1.0,394,0.6538379788398743,0.7500000596046448,0.22597873210906982,0.5,0.5,0.25
60.0,60.0,1.0,395,0.6524419784545898,0.7416667342185974,0.2234162837266922,0.5,0.4833333492279053,0.24166666666666667
60.0,60.0,1.0,395,0.8780600428581238,0.6500000357627869,0.19684118032455444,0.5,0.30000001192092896,0.15
60.0,60.0,1.0,396,0.745431125164032,0.7500000596046448,0.2053794115781784,0.5,0.5,0.25
60.0,60.0,1.0,396,0.7469775676727295,0.7083333730697632,0.21426615118980408,0.5,0.4166666865348816,0.20833333333333334
60.0,60.0,1.0,397,0.7485500574111938,0.6833333969116211,0.2083619236946106,0.5,0.36666667461395264,0.18333333333333332
60.0,60.0,1.0,397,0.5549253821372986,0.7750000357627869,0.2274579107761383,0.5,0.550000011920929,0.275
60.0,60.0,1.0,398,0.6556501388549805,0.6916667222976685,0.21438193321228027,0.5,0.38333335518836975,0.19166666666666668
60.0,60.0,1.0,398,0.4895647168159485,0.8000000715255737,0.2532116174697876,0.5,0.6000000238418579,0.3
60.0,60.0,1.0,399,0.5360609889030457,0.7083333730697632,0.25780344009399414,0.5,0.4166666865348816,0.20833333333333334
60.0,60.0,1.0,399,0.4486498236656189,0.7750000357627869,0.268280029296875,0.5,0.550000011920929,0.275
60.0,60.0,1.0,400,0.39062294363975525,0.7750000357627869,0.2788228988647461,0.5,0.550000011920929,0.275
60.0,60.0,1.0,400,0.3460614085197449,0.8083333969116211,0.29982873797416687,0.5,0.6166666746139526,0.30833333333333335
